round,mode,qid,host_ready_us,output_hash
1,old_pow,867908,10665.057,13796630493973780943
1,old_pow,302268,10665.914,5292862071123514055
1,old_pow,485594,10664.43,15043743631130802682
1,old_pow,274276,10664.748,16341812552724254833
1,old_pow,239140,10656.958,15456871618317187669
1,old_pow,777426,10665.045,8438034951427821505
1,old_pow,425757,10787.963,7978877016316379673
1,old_pow,155447,10664.978,7367203436995241397
1,direct,867908,244.556,16885418328790063938
1,direct,302268,243.51,13408303669615740607
1,direct,485594,244.084,11689097314974829668
1,direct,274276,244.482,15186034103437363330
1,direct,239140,243.751,5629652789007386865
1,direct,777426,243.709,2319090658781362942
1,direct,425757,244.371,7336203034981470638
1,direct,155447,245.414,10697686532223755181
2,direct,867908,243.751,16885418328790063938
2,direct,302268,244.019,13408303669615740607
2,direct,485594,244.28,11689097314974829668
2,direct,274276,244.4,15186034103437363330
2,direct,239140,243.96,5629652789007386865
2,direct,777426,244.273,2319090658781362942
2,direct,425757,244.852,7336203034981470638
2,direct,155447,244.492,10697686532223755181
2,old_pow,867908,10665.499,13796630493973780943
2,old_pow,302268,10666.022,5292862071123514055
2,old_pow,485594,10670.274,15043743631130802682
2,old_pow,274276,10656.811,16341812552724254833
2,old_pow,239140,10664.962,15456871618317187669
2,old_pow,777426,10665.089,8438034951427821505
2,old_pow,425757,10787.932,7978877016316379673
2,old_pow,155447,10678.749,7367203436995241397
3,old_pow,867908,10664.748,13796630493973780943
3,old_pow,302268,10665.391,5292862071123514055
3,old_pow,485594,10665.744,15043743631130802682
3,old_pow,274276,10665.159,16341812552724254833
3,old_pow,239140,10665.074,15456871618317187669
3,old_pow,777426,10656.875,8438034951427821505
3,old_pow,425757,10788.06,7978877016316379673
3,old_pow,155447,10656.891,7367203436995241397
3,direct,867908,246.311,16885418328790063938
3,direct,302268,244.115,13408303669615740607
3,direct,485594,244.448,11689097314974829668
3,direct,274276,245.06,15186034103437363330
3,direct,239140,243.871,5629652789007386865
3,direct,777426,244.27,2319090658781362942
3,direct,425757,244.41,7336203034981470638
3,direct,155447,244.822,10697686532223755181
4,direct,867908,243.857,16885418328790063938
4,direct,302268,244.375,13408303669615740607
4,direct,485594,244.4,11689097314974829668
4,direct,274276,245.078,15186034103437363330
4,direct,239140,243.879,5629652789007386865
4,direct,777426,244.188,2319090658781362942
4,direct,425757,244.66,7336203034981470638
4,direct,155447,243.903,10697686532223755181
4,old_pow,867908,10664.501,13796630493973780943
4,old_pow,302268,10665.128,5292862071123514055
4,old_pow,485594,10665.48,15043743631130802682
4,old_pow,274276,10664.978,16341812552724254833
4,old_pow,239140,10665.177,15456871618317187669
4,old_pow,777426,11125.524,8438034951427821505
4,old_pow,425757,10793.362,7978877016316379673
4,old_pow,155447,10665.088,7367203436995241397
5,old_pow,867908,10665.116,13796630493973780943
5,old_pow,302268,10665.265,5292862071123514055
5,old_pow,485594,10665.179,15043743631130802682
5,old_pow,274276,10665.546,16341812552724254833
5,old_pow,239140,10664.767,15456871618317187669
5,old_pow,777426,10665.334,8438034951427821505
5,old_pow,425757,10787.927,7978877016316379673
5,old_pow,155447,10666.225,7367203436995241397
5,direct,867908,245.397,16885418328790063938
5,direct,302268,243.946,13408303669615740607
5,direct,485594,244.237,11689097314974829668
5,direct,274276,244.529,15186034103437363330
5,direct,239140,243.941,5629652789007386865
5,direct,777426,243.934,2319090658781362942
5,direct,425757,244.312,7336203034981470638
5,direct,155447,245.449,10697686532223755181
6,direct,867908,243.99,16885418328790063938
6,direct,302268,243.936,13408303669615740607
6,direct,485594,244.32,11689097314974829668
6,direct,274276,244.359,15186034103437363330
6,direct,239140,244.008,5629652789007386865
6,direct,777426,244.001,2319090658781362942
6,direct,425757,244.196,7336203034981470638
6,direct,155447,244.454,10697686532223755181
6,old_pow,867908,10663.568,13796630493973780943
6,old_pow,302268,10665.235,5292862071123514055
6,old_pow,485594,10665.116,15043743631130802682
6,old_pow,274276,10665.112,16341812552724254833
6,old_pow,239140,10665.648,15456871618317187669
6,old_pow,777426,10664.872,8438034951427821505
6,old_pow,425757,10788.026,7978877016316379673
6,old_pow,155447,10665.25,7367203436995241397
