phase,label,method,dataset,radius,B,nlist,nprobe,K,round,host_ready_ms,batch_p50_ms,batch_p95_ms,config,mode,qps
dev,dev_cagra_gist_half_b32_k128,CAGRA_RANGE_ADAPTER,GIST,half,32,,,128,1,22.50895625911653,2.152179542463273,5.2998756989836675,,,
dev,dev_cagra_gist_half_b32_k128,CAGRA_RANGE_ADAPTER,GIST,half,32,,,128,2,18.915947061032057,2.1355085191316903,2.9240935808047652,,,
dev,dev_cagra_gist_half_b32_k128,CAGRA_RANGE_ADAPTER,GIST,half,32,,,128,3,18.271273118443787,2.1326570422388613,2.7152498136274517,,,
dev,dev_cagra_gist_half_b32_k512,CAGRA_RANGE_ADAPTER,GIST,half,32,,,512,1,32.420799834653735,4.046060959808528,4.138128936756402,,,
dev,dev_cagra_gist_half_b32_k512,CAGRA_RANGE_ADAPTER,GIST,half,32,,,512,2,32.521945773623884,4.051396972499788,4.183306341292337,,,
dev,dev_cagra_gist_half_b32_k512,CAGRA_RANGE_ADAPTER,GIST,half,32,,,512,3,35.7186981709674,4.116607538890094,5.806196125922724,,,
dev,dev_cagra_gist_half_b32_k1024,CAGRA_RANGE_ADAPTER,GIST,half,32,,,1024,1,54.31592219974846,6.746282975655049,7.0163580239750445,,,
dev,dev_cagra_gist_half_b32_k1024,CAGRA_RANGE_ADAPTER,GIST,half,32,,,1024,2,55.25807221420109,6.749973050318658,7.547887921100482,,,
dev,dev_cagra_gist_half_b32_k1024,CAGRA_RANGE_ADAPTER,GIST,half,32,,,1024,3,62.772975070402026,7.262889004778117,10.708452708786352,,,
dev,dev_faiss_gist_half_b32_n1024_p1_k128,FAISS_GPU_IVFFLAT_RANGE_ADAPTER,GIST,half,32,1024,1,128,1,24.33801512233913,3.1217950163409114,3.323416004423052,,,
dev,dev_faiss_gist_half_b32_n1024_p1_k128,FAISS_GPU_IVFFLAT_RANGE_ADAPTER,GIST,half,32,1024,1,128,2,24.341534008271992,3.133422986138612,3.3579853479750454,,,
dev,dev_faiss_gist_half_b32_n1024_p1_k128,FAISS_GPU_IVFFLAT_RANGE_ADAPTER,GIST,half,32,1024,1,128,3,24.24219506792724,3.1163920066319406,3.335160989081487,,,
dev,dev_faiss_gist_half_b32_n1024_p1_k512,FAISS_GPU_IVFFLAT_RANGE_ADAPTER,GIST,half,32,1024,1,512,1,21.23639895580709,2.6978470268659294,2.8827861417084932,,,
dev,dev_faiss_gist_half_b32_n1024_p1_k512,FAISS_GPU_IVFFLAT_RANGE_ADAPTER,GIST,half,32,1024,1,512,2,21.1837668903172,2.7147239889018238,2.8996805427595973,,,
dev,dev_faiss_gist_half_b32_n1024_p1_k512,FAISS_GPU_IVFFLAT_RANGE_ADAPTER,GIST,half,32,1024,1,512,3,21.05566707905382,2.6951449690386653,2.877674490446225,,,
dev,dev_faiss_gist_half_b32_n1024_p1_k2048,FAISS_GPU_IVFFLAT_RANGE_ADAPTER,GIST,half,32,1024,1,2048,1,30.50687804352492,3.910582046955824,4.102444724412635,,,
dev,dev_faiss_gist_half_b32_n1024_p1_k2048,FAISS_GPU_IVFFLAT_RANGE_ADAPTER,GIST,half,32,1024,1,2048,2,30.395682901144028,3.907997452188283,4.127153835725039,,,
dev,dev_faiss_gist_half_b32_n1024_p1_k2048,FAISS_GPU_IVFFLAT_RANGE_ADAPTER,GIST,half,32,1024,1,2048,3,30.00095288734883,3.8646759930998087,4.070242558373138,,,
dev,dev_faiss_gist_half_b32_n1024_p4_k128,FAISS_GPU_IVFFLAT_RANGE_ADAPTER,GIST,half,32,1024,4,128,1,26.704901014454663,3.5101084504276514,3.628876869333908,,,
dev,dev_faiss_gist_half_b32_n1024_p4_k128,FAISS_GPU_IVFFLAT_RANGE_ADAPTER,GIST,half,32,1024,4,128,2,26.65967494249344,3.516130556818098,3.622344840550795,,,
dev,dev_faiss_gist_half_b32_n1024_p4_k128,FAISS_GPU_IVFFLAT_RANGE_ADAPTER,GIST,half,32,1024,4,128,3,26.48858493193984,3.499815007671714,3.6023361259140074,,,
dev,dev_faiss_gist_half_b32_n1024_p4_k512,FAISS_GPU_IVFFLAT_RANGE_ADAPTER,GIST,half,32,1024,4,512,1,23.351383861154318,3.021153504960239,3.1832298496738076,,,
dev,dev_faiss_gist_half_b32_n1024_p4_k512,FAISS_GPU_IVFFLAT_RANGE_ADAPTER,GIST,half,32,1024,4,512,2,23.309119045734406,3.0320854857563972,3.1524797610472888,,,
dev,dev_faiss_gist_half_b32_n1024_p4_k512,FAISS_GPU_IVFFLAT_RANGE_ADAPTER,GIST,half,32,1024,4,512,3,23.102059960365295,3.0241404892876744,3.121768415439874,,,
dev,dev_faiss_gist_half_b32_n1024_p4_k2048,FAISS_GPU_IVFFLAT_RANGE_ADAPTER,GIST,half,32,1024,4,2048,1,34.88731989637017,4.516768967732787,4.770934849511832,,,
dev,dev_faiss_gist_half_b32_n1024_p4_k2048,FAISS_GPU_IVFFLAT_RANGE_ADAPTER,GIST,half,32,1024,4,2048,2,34.76098901592195,4.51117247575894,4.761342948768288,,,
dev,dev_faiss_gist_half_b32_n1024_p4_k2048,FAISS_GPU_IVFFLAT_RANGE_ADAPTER,GIST,half,32,1024,4,2048,3,34.53037794679403,4.481966490857303,4.714498959947377,,,
dev,dev_faiss_gist_half_b32_n1024_p16_k128,FAISS_GPU_IVFFLAT_RANGE_ADAPTER,GIST,half,32,1024,16,128,1,30.716363107785583,3.8568319869227707,3.9811722468584776,,,
dev,dev_faiss_gist_half_b32_n1024_p16_k128,FAISS_GPU_IVFFLAT_RANGE_ADAPTER,GIST,half,32,1024,16,128,2,30.658705160021782,3.8558035157620907,3.9492897922173142,,,
dev,dev_faiss_gist_half_b32_n1024_p16_k128,FAISS_GPU_IVFFLAT_RANGE_ADAPTER,GIST,half,32,1024,16,128,3,30.56541387923062,3.858581476379186,3.927790076704696,,,
dev,dev_faiss_gist_half_b32_n1024_p16_k512,FAISS_GPU_IVFFLAT_RANGE_ADAPTER,GIST,half,32,1024,16,512,1,28.442330076359212,3.545498533640057,3.704570443369448,,,
dev,dev_faiss_gist_half_b32_n1024_p16_k512,FAISS_GPU_IVFFLAT_RANGE_ADAPTER,GIST,half,32,1024,16,512,2,28.30947795882821,3.5199799458496273,3.6775575252249837,,,
dev,dev_faiss_gist_half_b32_n1024_p16_k512,FAISS_GPU_IVFFLAT_RANGE_ADAPTER,GIST,half,32,1024,16,512,3,28.227609931491315,3.5258529824204743,3.6449814855586737,,,
dev,dev_faiss_gist_half_b32_n1024_p16_k2048,FAISS_GPU_IVFFLAT_RANGE_ADAPTER,GIST,half,32,1024,16,2048,1,43.59783499967307,5.531659000553191,5.620945995906368,,,
dev,dev_faiss_gist_half_b32_n1024_p16_k2048,FAISS_GPU_IVFFLAT_RANGE_ADAPTER,GIST,half,32,1024,16,2048,2,43.43482106924057,5.451546981930733,5.631469300715253,,,
dev,dev_faiss_gist_half_b32_n1024_p16_k2048,FAISS_GPU_IVFFLAT_RANGE_ADAPTER,GIST,half,32,1024,16,2048,3,43.26935135759413,5.392988561652601,5.623822379857302,,,
dev,dev_faiss_gist_half_b32_n1024_p64_k128,FAISS_GPU_IVFFLAT_RANGE_ADAPTER,GIST,half,32,1024,64,128,1,56.81595276109874,6.993034447077662,7.592283299891278,,,
dev,dev_faiss_gist_half_b32_n1024_p64_k128,FAISS_GPU_IVFFLAT_RANGE_ADAPTER,GIST,half,32,1024,64,128,2,56.65263219270855,7.01511901570484,7.395828090375289,,,
dev,dev_faiss_gist_half_b32_n1024_p64_k128,FAISS_GPU_IVFFLAT_RANGE_ADAPTER,GIST,half,32,1024,64,128,3,56.36131181381643,6.942780455574393,7.408930832752958,,,
dev,dev_faiss_gist_half_b32_n1024_p64_k512,FAISS_GPU_IVFFLAT_RANGE_ADAPTER,GIST,half,32,1024,64,512,1,65.35014999099076,8.08396254433319,8.73376780655235,,,
dev,dev_faiss_gist_half_b32_n1024_p64_k512,FAISS_GPU_IVFFLAT_RANGE_ADAPTER,GIST,half,32,1024,64,512,2,65.29589695855975,8.096181962173432,8.617251820396632,,,
dev,dev_faiss_gist_half_b32_n1024_p64_k512,FAISS_GPU_IVFFLAT_RANGE_ADAPTER,GIST,half,32,1024,64,512,3,65.20747905597091,8.08541855076328,8.593797159846872,,,
dev,dev_faiss_gist_half_b32_n1024_p64_k2048,FAISS_GPU_IVFFLAT_RANGE_ADAPTER,GIST,half,32,1024,64,2048,1,92.96261088456959,11.687846970744431,12.199727416737005,,,
dev,dev_faiss_gist_half_b32_n1024_p64_k2048,FAISS_GPU_IVFFLAT_RANGE_ADAPTER,GIST,half,32,1024,64,2048,2,92.92311896570027,11.702559480909258,12.104608834488317,,,
dev,dev_faiss_gist_half_b32_n1024_p64_k2048,FAISS_GPU_IVFFLAT_RANGE_ADAPTER,GIST,half,32,1024,64,2048,3,92.75506611447781,11.660932970698923,12.11090970900841,,,
dev,dev_faiss_gist_half_b32_n1024_p256_k128,FAISS_GPU_IVFFLAT_RANGE_ADAPTER,GIST,half,32,1024,256,128,1,218.4200598858297,27.544196462258697,27.937132329680026,,,
dev,dev_faiss_gist_half_b32_n1024_p256_k128,FAISS_GPU_IVFFLAT_RANGE_ADAPTER,GIST,half,32,1024,256,128,2,218.62645319197327,27.445939485915005,28.018973529106006,,,
dev,dev_faiss_gist_half_b32_n1024_p256_k128,FAISS_GPU_IVFFLAT_RANGE_ADAPTER,GIST,half,32,1024,256,128,3,218.5990009456873,27.49375149141997,27.932112268172204,,,
dev,dev_faiss_gist_half_b32_n1024_p256_k512,FAISS_GPU_IVFFLAT_RANGE_ADAPTER,GIST,half,32,1024,256,512,1,231.60177690442652,28.984591539483517,29.79390936670825,,,
dev,dev_faiss_gist_half_b32_n1024_p256_k512,FAISS_GPU_IVFFLAT_RANGE_ADAPTER,GIST,half,32,1024,256,512,2,231.51660594157875,28.937742521520704,29.77991258376278,,,
dev,dev_faiss_gist_half_b32_n1024_p256_k512,FAISS_GPU_IVFFLAT_RANGE_ADAPTER,GIST,half,32,1024,256,512,3,231.3174339942634,28.90047145774588,29.76961233653128,,,
dev,dev_faiss_gist_half_b32_n1024_p256_k2048,FAISS_GPU_IVFFLAT_RANGE_ADAPTER,GIST,half,32,1024,256,2048,1,287.1943759964779,36.143239005468786,36.77757762488909,,,
dev,dev_faiss_gist_half_b32_n1024_p256_k2048,FAISS_GPU_IVFFLAT_RANGE_ADAPTER,GIST,half,32,1024,256,2048,2,287.2522716643289,36.12590447301045,36.80864933412522,,,
dev,dev_faiss_gist_half_b32_n1024_p256_k2048,FAISS_GPU_IVFFLAT_RANGE_ADAPTER,GIST,half,32,1024,256,2048,3,286.9408878032118,36.09299549134448,36.73193939612247,,,
dev,dev_faiss_gist_half_b32_n1024_p1024_k128,FAISS_GPU_IVFFLAT_RANGE_ADAPTER,GIST,half,32,1024,1024,128,1,672.1164049813524,84.0797895216383,84.14236185490154,,,
dev,dev_faiss_gist_half_b32_n1024_p1024_k128,FAISS_GPU_IVFFLAT_RANGE_ADAPTER,GIST,half,32,1024,1024,128,2,671.7377469176427,84.00222548516467,84.1265975148417,,,
dev,dev_faiss_gist_half_b32_n1024_p1024_k128,FAISS_GPU_IVFFLAT_RANGE_ADAPTER,GIST,half,32,1024,1024,128,3,671.7770119430497,84.01628147112206,84.09177048597485,,,
dev,dev_faiss_gist_half_b32_n1024_p1024_k512,FAISS_GPU_IVFFLAT_RANGE_ADAPTER,GIST,half,32,1024,1024,512,1,691.6065658442676,86.48282999638468,86.58688052673824,,,
dev,dev_faiss_gist_half_b32_n1024_p1024_k512,FAISS_GPU_IVFFLAT_RANGE_ADAPTER,GIST,half,32,1024,1024,512,2,690.9793351078406,86.37443947372958,86.60385675029829,,,
dev,dev_faiss_gist_half_b32_n1024_p1024_k512,FAISS_GPU_IVFFLAT_RANGE_ADAPTER,GIST,half,32,1024,1024,512,3,690.556832938455,86.33236592868343,86.5120655100327,,,
dev,dev_faiss_gist_half_b32_n1024_p1024_k2048,FAISS_GPU_IVFFLAT_RANGE_ADAPTER,GIST,half,32,1024,1024,2048,1,843.3591248467565,105.63639440806583,105.97494192770682,,,
dev,dev_faiss_gist_half_b32_n1024_p1024_k2048,FAISS_GPU_IVFFLAT_RANGE_ADAPTER,GIST,half,32,1024,1024,2048,2,843.2683710707352,105.63555697444826,105.98345990874805,,,
dev,dev_faiss_gist_half_b32_n1024_p1024_k2048,FAISS_GPU_IVFFLAT_RANGE_ADAPTER,GIST,half,32,1024,1024,2048,3,843.0351010756567,105.58354301610962,105.9671328694094,,,
dev,dev_faiss_gist_half_b32_n4096_p1_k128,FAISS_GPU_IVFFLAT_RANGE_ADAPTER,GIST,half,32,4096,1,128,1,13.36443074978888,1.674022525548935,1.7892285191919655,,,
dev,dev_faiss_gist_half_b32_n4096_p1_k128,FAISS_GPU_IVFFLAT_RANGE_ADAPTER,GIST,half,32,4096,1,128,2,13.212275807745755,1.6268569743260741,1.7700312891975045,,,
dev,dev_faiss_gist_half_b32_n4096_p1_k128,FAISS_GPU_IVFFLAT_RANGE_ADAPTER,GIST,half,32,4096,1,128,3,13.071025838144124,1.6074589802883565,1.7488526704255491,,,
dev,dev_faiss_gist_half_b32_n4096_p1_k512,FAISS_GPU_IVFFLAT_RANGE_ADAPTER,GIST,half,32,4096,1,512,1,13.435894157737494,1.6742710140533745,1.7758225498255342,,,
dev,dev_faiss_gist_half_b32_n4096_p1_k512,FAISS_GPU_IVFFLAT_RANGE_ADAPTER,GIST,half,32,4096,1,512,2,13.417301932349801,1.65704102255404,1.7836693325079978,,,
dev,dev_faiss_gist_half_b32_n4096_p1_k512,FAISS_GPU_IVFFLAT_RANGE_ADAPTER,GIST,half,32,4096,1,512,3,13.213956844992936,1.6273839864879847,1.744727708864957,,,
dev,dev_faiss_gist_half_b32_n4096_p1_k2048,FAISS_GPU_IVFFLAT_RANGE_ADAPTER,GIST,half,32,4096,1,2048,1,19.48018802795559,2.426963998004794,2.612914179917425,,,
dev,dev_faiss_gist_half_b32_n4096_p1_k2048,FAISS_GPU_IVFFLAT_RANGE_ADAPTER,GIST,half,32,4096,1,2048,2,19.461265299469233,2.434114518109709,2.582079073181376,,,
dev,dev_faiss_gist_half_b32_n4096_p1_k2048,FAISS_GPU_IVFFLAT_RANGE_ADAPTER,GIST,half,32,4096,1,2048,3,19.308582064695656,2.409662993159145,2.5622800225391984,,,
dev,dev_faiss_gist_half_b32_n4096_p4_k128,FAISS_GPU_IVFFLAT_RANGE_ADAPTER,GIST,half,32,4096,4,128,1,14.656055020168424,1.8382870475761592,2.007316908566281,,,
dev,dev_faiss_gist_half_b32_n4096_p4_k128,FAISS_GPU_IVFFLAT_RANGE_ADAPTER,GIST,half,32,4096,4,128,2,14.577400870621204,1.8581285257823765,1.934317621635273,,,
dev,dev_faiss_gist_half_b32_n4096_p4_k128,FAISS_GPU_IVFFLAT_RANGE_ADAPTER,GIST,half,32,4096,4,128,3,14.53674933873117,1.850414089858532,1.9095990341156721,,,
dev,dev_faiss_gist_half_b32_n4096_p4_k512,FAISS_GPU_IVFFLAT_RANGE_ADAPTER,GIST,half,32,4096,4,512,1,14.726083143614233,1.820407051127404,1.9937341508921236,,,
dev,dev_faiss_gist_half_b32_n4096_p4_k512,FAISS_GPU_IVFFLAT_RANGE_ADAPTER,GIST,half,32,4096,4,512,2,14.603859977796674,1.8351695034652948,1.9395024108234793,,,
dev,dev_faiss_gist_half_b32_n4096_p4_k512,FAISS_GPU_IVFFLAT_RANGE_ADAPTER,GIST,half,32,4096,4,512,3,14.421744737774134,1.816715463064611,1.9233087834436446,,,
dev,dev_faiss_gist_half_b32_n4096_p4_k2048,FAISS_GPU_IVFFLAT_RANGE_ADAPTER,GIST,half,32,4096,4,2048,1,23.41751498170197,2.8705759905278683,3.152811113977805,,,
dev,dev_faiss_gist_half_b32_n4096_p4_k2048,FAISS_GPU_IVFFLAT_RANGE_ADAPTER,GIST,half,32,4096,4,2048,2,23.28885707538575,2.867921022698283,3.122495417483151,,,
dev,dev_faiss_gist_half_b32_n4096_p4_k2048,FAISS_GPU_IVFFLAT_RANGE_ADAPTER,GIST,half,32,4096,4,2048,3,23.206025129184127,2.861350541934371,3.1027837365400046,,,
dev,dev_faiss_gist_half_b32_n4096_p16_k128,FAISS_GPU_IVFFLAT_RANGE_ADAPTER,GIST,half,32,4096,16,128,1,16.55768509954214,2.0748114911839366,2.208741183858365,,,
dev,dev_faiss_gist_half_b32_n4096_p16_k128,FAISS_GPU_IVFFLAT_RANGE_ADAPTER,GIST,half,32,4096,16,128,2,16.485669068060815,2.0675344858318567,2.1171574655454606,,,
dev,dev_faiss_gist_half_b32_n4096_p16_k128,FAISS_GPU_IVFFLAT_RANGE_ADAPTER,GIST,half,32,4096,16,128,3,16.381621011532843,2.0575090311467648,2.100380533374846,,,
dev,dev_faiss_gist_half_b32_n4096_p16_k512,FAISS_GPU_IVFFLAT_RANGE_ADAPTER,GIST,half,32,4096,16,512,1,17.08855910692364,2.1241025533527136,2.2689381847158074,,,
dev,dev_faiss_gist_half_b32_n4096_p16_k512,FAISS_GPU_IVFFLAT_RANGE_ADAPTER,GIST,half,32,4096,16,512,2,17.060532001778483,2.1216890309005976,2.233017352409661,,,
dev,dev_faiss_gist_half_b32_n4096_p16_k512,FAISS_GPU_IVFFLAT_RANGE_ADAPTER,GIST,half,32,4096,16,512,3,16.96596702095121,2.115464012604207,2.219039323972538,,,
dev,dev_faiss_gist_half_b32_n4096_p16_k2048,FAISS_GPU_IVFFLAT_RANGE_ADAPTER,GIST,half,32,4096,16,2048,1,28.511514887213707,3.487847512587905,3.8815877167508006,,,
dev,dev_faiss_gist_half_b32_n4096_p16_k2048,FAISS_GPU_IVFFLAT_RANGE_ADAPTER,GIST,half,32,4096,16,2048,2,28.439274989068508,3.521821985486895,3.893808193970471,,,
dev,dev_faiss_gist_half_b32_n4096_p16_k2048,FAISS_GPU_IVFFLAT_RANGE_ADAPTER,GIST,half,32,4096,16,2048,3,28.370948159135878,3.5113394842483103,3.8573595229536295,,,
dev,dev_faiss_gist_half_b32_n4096_p64_k128,FAISS_GPU_IVFFLAT_RANGE_ADAPTER,GIST,half,32,4096,64,128,1,28.026217129081488,3.4963510115630925,3.7118342064786702,,,
dev,dev_faiss_gist_half_b32_n4096_p64_k128,FAISS_GPU_IVFFLAT_RANGE_ADAPTER,GIST,half,32,4096,64,128,2,27.935453923419118,3.499740967527032,3.6524379276670516,,,
dev,dev_faiss_gist_half_b32_n4096_p64_k128,FAISS_GPU_IVFFLAT_RANGE_ADAPTER,GIST,half,32,4096,64,128,3,27.789046172983944,3.4733740030787885,3.6467941477894783,,,
dev,dev_faiss_gist_half_b32_n4096_p64_k512,FAISS_GPU_IVFFLAT_RANGE_ADAPTER,GIST,half,32,4096,64,512,1,31.335694948211312,3.912642481736839,4.121795389801264,,,
dev,dev_faiss_gist_half_b32_n4096_p64_k512,FAISS_GPU_IVFFLAT_RANGE_ADAPTER,GIST,half,32,4096,64,512,2,31.316904816776514,3.915028995834291,4.031943838344887,,,
dev,dev_faiss_gist_half_b32_n4096_p64_k512,FAISS_GPU_IVFFLAT_RANGE_ADAPTER,GIST,half,32,4096,64,512,3,31.079030130058527,3.87615745421499,4.014905355870724,,,
dev,dev_faiss_gist_half_b32_n4096_p64_k2048,FAISS_GPU_IVFFLAT_RANGE_ADAPTER,GIST,half,32,4096,64,2048,1,51.09294003341347,6.32221152773127,6.727841345127672,,,
dev,dev_faiss_gist_half_b32_n4096_p64_k2048,FAISS_GPU_IVFFLAT_RANGE_ADAPTER,GIST,half,32,4096,64,2048,2,51.10727495048195,6.323743495158851,6.705871317535639,,,
dev,dev_faiss_gist_half_b32_n4096_p64_k2048,FAISS_GPU_IVFFLAT_RANGE_ADAPTER,GIST,half,32,4096,64,2048,3,50.793649279512465,6.2974695465527475,6.650361872743815,,,
dev,dev_faiss_gist_half_b32_n4096_p256_k128,FAISS_GPU_IVFFLAT_RANGE_ADAPTER,GIST,half,32,4096,256,128,1,82.37151498906314,10.343362984713167,10.682771366555244,,,
dev,dev_faiss_gist_half_b32_n4096_p256_k128,FAISS_GPU_IVFFLAT_RANGE_ADAPTER,GIST,half,32,4096,256,128,2,82.12868392001837,10.328761476557702,10.536063718609512,,,
dev,dev_faiss_gist_half_b32_n4096_p256_k128,FAISS_GPU_IVFFLAT_RANGE_ADAPTER,GIST,half,32,4096,256,128,3,82.13227696251124,10.327466996386647,10.560463590081781,,,
dev,dev_faiss_gist_half_b32_n4096_p256_k512,FAISS_GPU_IVFFLAT_RANGE_ADAPTER,GIST,half,32,4096,256,512,1,90.02735104877502,11.253430915530771,11.578036559512839,,,
dev,dev_faiss_gist_half_b32_n4096_p256_k512,FAISS_GPU_IVFFLAT_RANGE_ADAPTER,GIST,half,32,4096,256,512,2,89.96570599265397,11.245575558859855,11.500354309100658,,,
dev,dev_faiss_gist_half_b32_n4096_p256_k512,FAISS_GPU_IVFFLAT_RANGE_ADAPTER,GIST,half,32,4096,256,512,3,89.78813898283988,11.226550443097949,11.460337357129902,,,
dev,dev_faiss_gist_half_b32_n4096_p256_k2048,FAISS_GPU_IVFFLAT_RANGE_ADAPTER,GIST,half,32,4096,256,2048,1,136.89669512677938,17.210750549566,17.401255521690473,,,
dev,dev_faiss_gist_half_b32_n4096_p256_k2048,FAISS_GPU_IVFFLAT_RANGE_ADAPTER,GIST,half,32,4096,256,2048,2,136.86600921209902,17.177222529426217,17.385276331333444,,,
dev,dev_faiss_gist_half_b32_n4096_p256_k2048,FAISS_GPU_IVFFLAT_RANGE_ADAPTER,GIST,half,32,4096,256,2048,3,136.79968798533082,17.165014462079853,17.388641997240484,,,
dev,dev_faiss_gist_half_b32_n4096_p1024_k128,FAISS_GPU_IVFFLAT_RANGE_ADAPTER,GIST,half,32,4096,1024,128,1,276.0644148802385,34.33269896777347,35.130036558257416,,,
dev,dev_faiss_gist_half_b32_n4096_p1024_k128,FAISS_GPU_IVFFLAT_RANGE_ADAPTER,GIST,half,32,4096,1024,128,2,275.92073497362435,34.37957551795989,35.12296482804231,,,
dev,dev_faiss_gist_half_b32_n4096_p1024_k128,FAISS_GPU_IVFFLAT_RANGE_ADAPTER,GIST,half,32,4096,1024,128,3,276.0833849897608,34.3455079710111,35.10644331690855,,,
dev,dev_faiss_gist_half_b32_n4096_p1024_k512,FAISS_GPU_IVFFLAT_RANGE_ADAPTER,GIST,half,32,4096,1024,512,1,293.40230813249946,36.57591750379652,37.28281316580251,,,
dev,dev_faiss_gist_half_b32_n4096_p1024_k512,FAISS_GPU_IVFFLAT_RANGE_ADAPTER,GIST,half,32,4096,1024,512,2,293.0390590336174,36.55067452928051,37.21965861041099,,,
dev,dev_faiss_gist_half_b32_n4096_p1024_k512,FAISS_GPU_IVFFLAT_RANGE_ADAPTER,GIST,half,32,4096,1024,512,3,292.85056714434177,36.532917991280556,37.197703775018454,,,
dev,dev_faiss_gist_half_b32_n4096_p1024_k2048,FAISS_GPU_IVFFLAT_RANGE_ADAPTER,GIST,half,32,4096,1024,2048,1,443.1486369576305,55.343659478239715,55.960074125323445,,,
dev,dev_faiss_gist_half_b32_n4096_p1024_k2048,FAISS_GPU_IVFFLAT_RANGE_ADAPTER,GIST,half,32,4096,1024,2048,2,443.09264491312206,55.29569799546152,55.950935737928376,,,
dev,dev_faiss_gist_half_b32_n4096_p1024_k2048,FAISS_GPU_IVFFLAT_RANGE_ADAPTER,GIST,half,32,4096,1024,2048,3,440.9592819865793,55.030772055033594,55.68752971012145,,,
dev,dev_faiss_gist_half_b32_n4096_p2048_k128,FAISS_GPU_IVFFLAT_RANGE_ADAPTER,GIST,half,32,4096,2048,128,1,477.2237869910896,59.62066148640588,60.2141301787924,,,
dev,dev_faiss_gist_half_b32_n4096_p2048_k128,FAISS_GPU_IVFFLAT_RANGE_ADAPTER,GIST,half,32,4096,2048,128,2,477.2411349695176,59.58269495749846,60.22762660286389,,,
dev,dev_faiss_gist_half_b32_n4096_p2048_k128,FAISS_GPU_IVFFLAT_RANGE_ADAPTER,GIST,half,32,4096,2048,128,3,477.07406303379685,59.53739699907601,60.23804899305105,,,
dev,dev_faiss_gist_half_b32_n4096_p2048_k512,FAISS_GPU_IVFFLAT_RANGE_ADAPTER,GIST,half,32,4096,2048,512,1,509.1388279106468,63.63229750422761,64.22373276436701,,,
dev,dev_faiss_gist_half_b32_n4096_p2048_k512,FAISS_GPU_IVFFLAT_RANGE_ADAPTER,GIST,half,32,4096,2048,512,2,509.11497802007943,63.6372075532563,64.21532481908798,,,
dev,dev_faiss_gist_half_b32_n4096_p2048_k512,FAISS_GPU_IVFFLAT_RANGE_ADAPTER,GIST,half,32,4096,2048,512,3,508.94191407132894,63.57491947710514,64.2154709494207,,,
dev,dev_faiss_gist_half_b32_n4096_p2048_k2048,FAISS_GPU_IVFFLAT_RANGE_ADAPTER,GIST,half,32,4096,2048,2048,1,810.0127021316439,100.94560001743957,102.32352633611299,,,
dev,dev_faiss_gist_half_b32_n4096_p2048_k2048,FAISS_GPU_IVFFLAT_RANGE_ADAPTER,GIST,half,32,4096,2048,2048,2,815.7066268613562,101.55468148877844,104.51023196219467,,,
dev,dev_faiss_gist_half_b32_n4096_p2048_k2048,FAISS_GPU_IVFFLAT_RANGE_ADAPTER,GIST,half,32,4096,2048,2048,3,808.1746222451329,100.76403652783483,101.87045348575339,,,
final,final_p6_r1_cagra_gist_k128,cagra,GIST,half,8,0,0,128,1,222.77508990373462,1.4620869187638164,2.563382586231455,cagra_gist_half_b32_k128,common_refined,4596.564186967627
final,final_p6_r1_cagra_gist_k128,cagra,GIST,half,32,0,0,128,1,78.91938323155046,2.1258610649965703,3.771297592902555,cagra_gist_half_b32_k128,common_refined,12975.266126897764
final,final_p6_r1_cagra_gist_k128,cagra,GIST,normal,8,0,0,128,1,232.60751913767308,1.5145959914661944,3.030174953164531,cagra_gist_half_b32_k128,common_refined,4402.26525692803
final,final_p6_r1_cagra_gist_k128,cagra,GIST,normal,32,0,0,128,1,89.05387087725103,2.345963497646153,3.9199734223075207,cagra_gist_half_b32_k128,common_refined,11498.657946171126
final,final_p6_r1_cagra_gist_k1024,cagra,GIST,half,8,0,0,1024,1,354.4334922917187,2.339210011996329,5.464199720881878,cagra_gist_half_b32_k1024,common_refined,2889.1174854242904
final,final_p6_r1_cagra_gist_k1024,cagra,GIST,half,32,0,0,1024,1,252.65775504522026,7.0058245328255,12.23184377886355,cagra_gist_half_b32_k1024,common_refined,4052.9133958968573
final,final_p6_r1_cagra_gist_k1024,cagra,GIST,normal,8,0,0,1024,1,388.7422449188307,2.796580025460571,4.3386696255765855,cagra_gist_half_b32_k1024,common_refined,2634.136149040892
final,final_p6_r1_cagra_gist_k1024,cagra,GIST,normal,32,0,0,1024,1,314.0539654996246,8.748986991122365,14.202934585046023,cagra_gist_half_b32_k1024,common_refined,3260.586117328374
final,final_p6_r1_faiss_gist_k128_n4096_p1,faiss,GIST,half,8,4096,1,128,1,143.51696148514748,1.1039350647479296,1.4206384308636189,faiss_gist_half_b32_n4096_p1_k128,common_refined,7135.045150088225
final,final_p6_r1_faiss_gist_k128_n4096_p1,faiss,GIST,half,32,4096,1,128,1,54.153519799001515,1.6680609551258385,1.8832206900697201,faiss_gist_half_b32_n4096_p1_k128,common_refined,18909.20486425853
final,final_p6_r1_faiss_gist_k128_n4096_p1,faiss,GIST,normal,8,4096,1,128,1,148.7551552709192,1.14452897105366,1.4674794161692262,faiss_gist_half_b32_n4096_p1_k128,common_refined,6883.795039809193
final,final_p6_r1_faiss_gist_k128_n4096_p1,faiss,GIST,normal,32,4096,1,128,1,59.630931937135756,1.8498930148780346,2.0650704042054713,faiss_gist_half_b32_n4096_p1_k128,common_refined,17172.29576555207
final,final_p6_r1_faiss_gist_k2048_n4096_p16,faiss,GIST,half,8,4096,16,2048,1,239.0296554658562,1.8641939968802035,2.1614432625938207,faiss_gist_half_b32_n4096_p16_k2048,common_refined,4283.9872651126825
final,final_p6_r1_faiss_gist_k2048_n4096_p16,faiss,GIST,half,32,4096,16,2048,1,118.27455251477659,3.632106527220458,4.152915970189497,faiss_gist_half_b32_n4096_p16_k2048,common_refined,8657.821807206305
final,final_p6_r1_faiss_gist_k2048_n4096_p16,faiss,GIST,normal,8,4096,16,2048,1,336.9064889848232,2.650464011821896,2.961046644486487,faiss_gist_half_b32_n4096_p16_k2048,common_refined,3039.419047954664
final,final_p6_r1_faiss_gist_k2048_n4096_p16,faiss,GIST,normal,32,4096,16,2048,1,211.93587023299187,6.692951952572912,7.248216087464243,faiss_gist_half_b32_n4096_p16_k2048,common_refined,4831.650248135272
final,final_p6_r1_faiss_gist_k2048_n4096_p256,faiss,GIST,half,8,4096,256,2048,1,1123.488732962869,8.767275488935411,9.07871934468858,faiss_gist_half_b32_n4096_p256_k2048,common_refined,911.446612641591
final,final_p6_r1_faiss_gist_k2048_n4096_p256,faiss,GIST,half,32,4096,256,2048,1,557.4109619483352,17.394613998476416,17.99656428047456,faiss_gist_half_b32_n4096_p256_k2048,common_refined,1837.064697150523
final,final_p6_r1_faiss_gist_k2048_n4096_p256,faiss,GIST,normal,8,4096,256,2048,1,1236.6983505198732,9.690532519016415,10.127237986307591,faiss_gist_half_b32_n4096_p256_k2048,common_refined,828.0111310648545
final,final_p6_r1_faiss_gist_k2048_n4096_p256,faiss,GIST,normal,32,4096,256,2048,1,660.5955890845507,20.71040601003915,21.619588148314506,faiss_gist_half_b32_n4096_p256_k2048,common_refined,1550.1163146109602
final,final_p6_r1_cagra_deep_k128,cagra,Deep,normal,8,0,0,128,1,205.03279683180153,1.1870000162161887,4.275003849761558,cagra_gist_half_b32_k128,common_refined,4994.322936735031
final,final_p6_r1_cagra_deep_k128,cagra,Deep,normal,32,0,0,128,1,55.55010470561683,1.7283245106227696,1.7706806946080178,cagra_gist_half_b32_k128,common_refined,18433.80863864439
final,final_p6_r1_cagra_deep_k1024,cagra,Deep,normal,8,0,0,1024,1,261.28558441996574,1.9256825326010585,2.6722990034613745,cagra_gist_half_b32_k1024,common_refined,3919.083413167254
final,final_p6_r1_cagra_deep_k1024,cagra,Deep,normal,32,0,0,1024,1,167.9235021583736,4.453435947652906,8.88092422392219,cagra_gist_half_b32_k1024,common_refined,6098.014791486635
final,final_p6_r1_faiss_deep_k128_n4096_p1,faiss,Deep,normal,8,4096,1,128,1,56.986191077157855,0.44319446897134185,0.4672315320931375,faiss_gist_half_b32_n4096_p1_k128,common_refined,17969.26554739428
final,final_p6_r1_faiss_deep_k128_n4096_p1,faiss,Deep,normal,32,4096,1,128,1,32.89241006132215,0.9990225080400705,1.0713390889577568,faiss_gist_half_b32_n4096_p1_k128,common_refined,31131.802081116308
final,final_p6_r1_faiss_deep_k2048_n4096_p16,faiss,Deep,normal,8,4096,16,2048,1,266.33874187245965,2.0869739819318056,2.2394486819393933,faiss_gist_half_b32_n4096_p16_k2048,common_refined,3844.7279310584036
final,final_p6_r1_faiss_deep_k2048_n4096_p16,faiss,Deep,normal,32,4096,16,2048,1,196.62989943753928,6.127644504886121,6.464734533801675,faiss_gist_half_b32_n4096_p16_k2048,common_refined,5207.753260969754
final,final_p6_r1_faiss_deep_k2048_n4096_p256,faiss,Deep,normal,8,4096,256,2048,1,887.0550392894074,6.9371985155157745,7.202923472505063,faiss_gist_half_b32_n4096_p256_k2048,common_refined,1154.3815824780106
final,final_p6_r1_faiss_deep_k2048_n4096_p256,faiss,Deep,normal,32,4096,256,2048,1,392.1408735914156,12.21311854897067,12.435103353345767,faiss_gist_half_b32_n4096_p256_k2048,common_refined,2611.3064690801375
final,final_p6_r2_cagra_deep_k1024,cagra,Deep,normal,32,0,0,1024,2,172.51990793738514,4.479305993299931,9.687367640435694,cagra_gist_half_b32_k1024,common_refined,5935.546872489947
final,final_p6_r2_cagra_deep_k1024,cagra,Deep,normal,8,0,0,1024,2,320.8420044975355,1.8858240800909698,6.600999983493238,cagra_gist_half_b32_k1024,common_refined,3191.6020522427125
final,final_p6_r2_faiss_deep_k128_n4096_p1,faiss,Deep,normal,32,4096,1,128,2,31.444653286598623,0.9748610318638384,1.0383777262177318,faiss_gist_half_b32_n4096_p1_k128,common_refined,32565.154739245223
final,final_p6_r2_faiss_deep_k128_n4096_p1,faiss,Deep,normal,8,4096,1,128,2,54.40732988063246,0.42385898996144533,0.44755786657333374,faiss_gist_half_b32_n4096_p1_k128,common_refined,18820.993462583363
final,final_p6_r2_faiss_deep_k2048_n4096_p16,faiss,Deep,normal,32,4096,16,2048,2,194.8126028291881,6.089729024097323,6.422822934109718,faiss_gist_half_b32_n4096_p16_k2048,common_refined,5256.333446239329
final,final_p6_r2_faiss_deep_k2048_n4096_p16,faiss,Deep,normal,8,4096,16,2048,2,260.9378978377208,2.0392114529386163,2.1999754244461656,faiss_gist_half_b32_n4096_p16_k2048,common_refined,3924.3053940628934
final,final_p6_r2_faiss_deep_k2048_n4096_p256,faiss,Deep,normal,32,4096,256,2048,2,389.1187235713005,12.15592643711716,12.293985992437229,faiss_gist_half_b32_n4096_p256_k2048,common_refined,2631.587579754091
final,final_p6_r2_faiss_deep_k2048_n4096_p256,faiss,Deep,normal,8,4096,256,2048,2,879.2460751719773,6.897547049447894,7.1424338151700795,faiss_gist_half_b32_n4096_p256_k2048,common_refined,1164.6341438597942
final,final_p6_r2_cagra_deep_k128,cagra,Deep,normal,32,0,0,128,2,55.263417889364064,1.7237765132449567,1.758069620700553,cagra_gist_half_b32_k128,common_refined,18529.436634737678
final,final_p6_r2_cagra_deep_k128,cagra,Deep,normal,8,0,0,128,2,178.74478653538972,1.1826640111394227,2.065311919432133,cagra_gist_half_b32_k128,common_refined,5728.838417322219
final,final_p6_r2_cagra_gist_k1024,cagra,GIST,half,32,0,0,1024,2,246.51803623419255,7.361138996202499,9.805602114647627,cagra_gist_half_b32_k1024,common_refined,4153.8542803707805
final,final_p6_r2_cagra_gist_k1024,cagra,GIST,normal,8,0,0,1024,2,448.06619512382895,3.153288969770074,6.118975597200915,cagra_gist_half_b32_k1024,common_refined,2285.376605385292
final,final_p6_r2_cagra_gist_k1024,cagra,GIST,normal,32,0,0,1024,2,330.44620195869356,9.515267447568476,14.36838006484322,cagra_gist_half_b32_k1024,common_refined,3098.840276965877
final,final_p6_r2_cagra_gist_k1024,cagra,GIST,half,8,0,0,1024,2,321.8459899071604,2.3225354962050915,3.646752797067163,cagra_gist_half_b32_k1024,common_refined,3181.645980101796
final,final_p6_r2_faiss_gist_k128_n4096_p1,faiss,GIST,half,32,4096,1,128,2,53.81765915080905,1.6717265243642032,1.917203632183373,faiss_gist_half_b32_n4096_p1_k128,common_refined,19027.21181407248
final,final_p6_r2_faiss_gist_k128_n4096_p1,faiss,GIST,normal,8,4096,1,128,2,148.77180848270655,1.1479895329102874,1.46852265461348,faiss_gist_half_b32_n4096_p1_k128,common_refined,6883.024481879786
final,final_p6_r2_faiss_gist_k128_n4096_p1,faiss,GIST,normal,32,4096,1,128,2,58.393838815391064,1.8356199725531042,2.025930769741535,faiss_gist_half_b32_n4096_p1_k128,common_refined,17536.096628915257
final,final_p6_r2_faiss_gist_k128_n4096_p1,faiss,GIST,half,8,4096,1,128,2,142.58600596804172,1.0973105090670288,1.413215702632442,faiss_gist_half_b32_n4096_p1_k128,common_refined,7181.6304345428725
final,final_p6_r2_faiss_gist_k2048_n4096_p16,faiss,GIST,half,32,4096,16,2048,2,117.87454306613654,3.6351694725453854,4.091924714157358,faiss_gist_half_b32_n4096_p16_k2048,common_refined,8687.202286124311
final,final_p6_r2_faiss_gist_k2048_n4096_p16,faiss,GIST,normal,8,4096,16,2048,2,337.93944655917585,2.650111971888691,2.9621051449794322,faiss_gist_half_b32_n4096_p16_k2048,common_refined,3030.128653006152
final,final_p6_r2_faiss_gist_k2048_n4096_p16,faiss,GIST,normal,32,4096,16,2048,2,211.1168453702703,6.676195014733821,7.182611885946244,faiss_gist_half_b32_n4096_p16_k2048,common_refined,4850.394568013002
final,final_p6_r2_faiss_gist_k2048_n4096_p16,faiss,GIST,half,8,4096,16,2048,2,236.35127942543477,1.8509159563109279,2.1284890128299594,faiss_gist_half_b32_n4096_p16_k2048,common_refined,4332.534194396254
final,final_p6_r2_faiss_gist_k2048_n4096_p256,faiss,GIST,half,32,4096,256,2048,2,556.657824316062,17.387820000294596,17.98440869897604,faiss_gist_half_b32_n4096_p256_k2048,common_refined,1839.550178349039
final,final_p6_r2_faiss_gist_k2048_n4096_p256,faiss,GIST,normal,8,4096,256,2048,2,1236.1203035106882,9.700404945760965,10.096452530706301,faiss_gist_half_b32_n4096_p256_k2048,common_refined,828.3983339580716
final,final_p6_r2_faiss_gist_k2048_n4096_p256,faiss,GIST,normal,32,4096,256,2048,2,660.9559832140803,20.716204482596368,21.615745552117005,faiss_gist_half_b32_n4096_p256_k2048,common_refined,1549.2710952104833
final,final_p6_r2_faiss_gist_k2048_n4096_p256,faiss,GIST,half,8,4096,256,2048,2,1122.5474468665197,8.770019980147481,9.053808776661754,faiss_gist_half_b32_n4096_p256_k2048,common_refined,912.2108850351001
final,final_p6_r2_cagra_gist_k128,cagra,GIST,half,32,0,0,128,2,66.79417879786342,2.084557549096644,2.1249599813017994,cagra_gist_half_b32_k128,common_refined,15330.677289990954
final,final_p6_r2_cagra_gist_k128,cagra,GIST,normal,8,0,0,128,2,193.1683694710955,1.5078814467415214,1.5380821016151458,cagra_gist_half_b32_k128,common_refined,5301.074926520126
final,final_p6_r2_cagra_gist_k128,cagra,GIST,normal,32,0,0,128,2,84.41390318330377,2.303940535057336,4.402745421975851,cagra_gist_half_b32_k128,common_refined,12130.703135197959
final,final_p6_r2_cagra_gist_k128,cagra,GIST,half,8,0,0,128,2,252.31311738025397,1.4692475670017302,4.762145772110663,cagra_gist_half_b32_k128,common_refined,4058.4493213516066
final,final_p6_r3_faiss_gist_k128_n4096_p1,faiss,GIST,normal,8,4096,1,128,3,149.0546043496579,1.1502919951453805,1.4740372484084219,faiss_gist_half_b32_n4096_p1_k128,common_refined,6869.965570455391
final,final_p6_r3_faiss_gist_k128_n4096_p1,faiss,GIST,normal,32,4096,1,128,3,58.382788207381964,1.8267025006935,2.0236584066879004,faiss_gist_half_b32_n4096_p1_k128,common_refined,17539.415835410968
final,final_p6_r3_faiss_gist_k128_n4096_p1,faiss,GIST,half,8,4096,1,128,3,141.95953973103315,1.0959614883176982,1.4073811878915876,faiss_gist_half_b32_n4096_p1_k128,common_refined,7213.322908345186
final,final_p6_r3_faiss_gist_k128_n4096_p1,faiss,GIST,half,32,4096,1,128,3,52.46527388226241,1.6368640353903174,1.8204697989858687,faiss_gist_half_b32_n4096_p1_k128,common_refined,19517.67186611784
final,final_p6_r3_faiss_gist_k2048_n4096_p16,faiss,GIST,normal,8,4096,16,2048,3,337.5717847375199,2.654492447618395,2.9638418171089143,faiss_gist_half_b32_n4096_p16_k2048,common_refined,3033.428877345939
final,final_p6_r3_faiss_gist_k2048_n4096_p16,faiss,GIST,normal,32,4096,16,2048,3,210.0171543424949,6.641464016865939,7.139514177106321,faiss_gist_half_b32_n4096_p16_k2048,common_refined,4875.7921856710145
final,final_p6_r3_faiss_gist_k2048_n4096_p16,faiss,GIST,half,8,4096,16,2048,3,236.48230941034853,1.8486194894649088,2.1249892248306423,faiss_gist_half_b32_n4096_p16_k2048,common_refined,4330.133626288029
final,final_p6_r3_faiss_gist_k2048_n4096_p16,faiss,GIST,half,32,4096,16,2048,3,116.57828220631927,3.5846575628966093,4.024184471927583,faiss_gist_half_b32_n4096_p16_k2048,common_refined,8783.797295861104
final,final_p6_r3_faiss_gist_k2048_n4096_p256,faiss,GIST,normal,8,4096,256,2048,3,1235.531733254902,9.680687508080155,10.102269129129127,faiss_gist_half_b32_n4096_p256_k2048,common_refined,828.7929580751116
final,final_p6_r3_faiss_gist_k2048_n4096_p256,faiss,GIST,normal,32,4096,256,2048,3,660.0713446969166,20.701005472801626,21.58669593045488,faiss_gist_half_b32_n4096_p256_k2048,common_refined,1551.3474539183148
final,final_p6_r3_faiss_gist_k2048_n4096_p256,faiss,GIST,half,8,4096,256,2048,3,1122.751908027567,8.756125520449132,9.062117099529132,faiss_gist_half_b32_n4096_p256_k2048,common_refined,912.0447649017557
final,final_p6_r3_faiss_gist_k2048_n4096_p256,faiss,GIST,half,32,4096,256,2048,3,550.9495279984549,17.197920475155115,17.776289553148672,faiss_gist_half_b32_n4096_p256_k2048,common_refined,1858.6094514321314
final,final_p6_r3_cagra_gist_k128,cagra,GIST,normal,8,0,0,128,3,215.14512633439153,1.528094056993723,2.311969577567652,cagra_gist_half_b32_k128,common_refined,4759.577953015944
final,final_p6_r3_cagra_gist_k128,cagra,GIST,normal,32,0,0,128,3,73.41481791809201,2.291650976985693,2.33349566697143,cagra_gist_half_b32_k128,common_refined,13948.137842451151
final,final_p6_r3_cagra_gist_k128,cagra,GIST,half,8,0,0,128,3,217.0740234432742,1.4722684281878173,2.5544852833263563,cagra_gist_half_b32_k128,common_refined,4717.284840245253
final,final_p6_r3_cagra_gist_k128,cagra,GIST,half,32,0,0,128,3,90.36244719754905,2.1071835653856397,6.273896613856777,cagra_gist_half_b32_k128,common_refined,11332.141080258112
final,final_p6_r3_cagra_gist_k1024,cagra,GIST,normal,8,0,0,1024,3,385.8555225888267,2.7938554994761944,4.287486069370061,cagra_gist_half_b32_k1024,common_refined,2653.8430579654796
final,final_p6_r3_cagra_gist_k1024,cagra,GIST,normal,32,0,0,1024,3,326.37185300700366,9.079913492314517,14.053170249098912,cagra_gist_half_b32_k1024,common_refined,3137.5254654022688
final,final_p6_r3_cagra_gist_k1024,cagra,GIST,half,8,0,0,1024,3,320.0190784409642,2.3017479688860476,3.719143953640012,cagra_gist_half_b32_k1024,common_refined,3199.8092269642707
final,final_p6_r3_cagra_gist_k1024,cagra,GIST,half,32,0,0,1024,3,232.7903195982799,6.86598353786394,9.65988417738117,cagra_gist_half_b32_k1024,common_refined,4398.808342920314
final,final_p6_r3_faiss_deep_k128_n4096_p1,faiss,Deep,normal,8,4096,1,128,3,56.056756409816444,0.43750047916546464,0.458303204504773,faiss_gist_half_b32_n4096_p1_k128,common_refined,18267.200344483026
final,final_p6_r3_faiss_deep_k128_n4096_p1,faiss,Deep,normal,32,4096,1,128,3,30.74757382273674,0.9621264762245119,0.9761106572113931,faiss_gist_half_b32_n4096_p1_k128,common_refined,33303.440652048725
final,final_p6_r3_faiss_deep_k2048_n4096_p16,faiss,Deep,normal,8,4096,16,2048,3,260.16824052203447,2.042179985437542,2.20067051704973,faiss_gist_half_b32_n4096_p16_k2048,common_refined,3935.914690991171
final,final_p6_r3_faiss_deep_k2048_n4096_p16,faiss,Deep,normal,32,4096,16,2048,3,193.74202052131295,6.070563045796007,6.3571618346031755,faiss_gist_half_b32_n4096_p16_k2048,common_refined,5285.37896551643
final,final_p6_r3_faiss_deep_k2048_n4096_p256,faiss,Deep,normal,8,4096,256,2048,3,879.5942896977067,6.889767537359148,7.1438063168898225,faiss_gist_half_b32_n4096_p256_k2048,common_refined,1164.1730875173391
final,final_p6_r3_faiss_deep_k2048_n4096_p256,faiss,Deep,normal,32,4096,256,2048,3,388.8974688015878,12.171697511803359,12.25637128809467,faiss_gist_half_b32_n4096_p256_k2048,common_refined,2633.084764360953
final,final_p6_r3_cagra_deep_k128,cagra,Deep,normal,8,0,0,128,3,149.9239740660414,1.1682300246320665,1.2033044651616365,cagra_gist_half_b32_k128,common_refined,6830.128445961075
final,final_p6_r3_cagra_deep_k128,cagra,Deep,normal,32,0,0,128,3,72.39315006881952,1.7142544966191053,6.721700291382149,cagra_gist_half_b32_k128,common_refined,14144.984698504608
final,final_p6_r3_cagra_deep_k1024,cagra,Deep,normal,8,0,0,1024,3,266.64793374948204,1.910248480271548,3.069791349116713,cagra_gist_half_b32_k1024,common_refined,3840.269772958588
final,final_p6_r3_cagra_deep_k1024,cagra,Deep,normal,32,0,0,1024,3,157.3668298078701,4.409821005538106,5.82439845893532,cagra_gist_half_b32_k1024,common_refined,6507.089208381502
final,final_p6_r4_faiss_deep_k2048_n4096_p16,faiss,Deep,normal,32,4096,16,2048,4,194.30905242916197,6.09442446148023,6.4176605199463665,faiss_gist_half_b32_n4096_p16_k2048,common_refined,5269.9551935353775
final,final_p6_r4_faiss_deep_k2048_n4096_p16,faiss,Deep,normal,8,4096,16,2048,4,260.30868338420987,2.0379104535095394,2.1801304537802935,faiss_gist_half_b32_n4096_p16_k2048,common_refined,3933.7911693425863
final,final_p6_r4_faiss_deep_k2048_n4096_p256,faiss,Deep,normal,32,4096,256,2048,4,388.99043179117143,12.160523037891835,12.257089780177921,faiss_gist_half_b32_n4096_p256_k2048,common_refined,2632.455495845543
final,final_p6_r4_faiss_deep_k2048_n4096_p256,faiss,Deep,normal,8,4096,256,2048,4,879.4830258702859,6.893243524245918,7.131667743669823,faiss_gist_half_b32_n4096_p256_k2048,common_refined,1164.3203676235917
final,final_p6_r4_cagra_deep_k128,cagra,Deep,normal,32,0,0,128,4,63.3932912023738,1.7096385126933455,3.480889991624278,cagra_gist_half_b32_k128,common_refined,16153.128833949162
final,final_p6_r4_cagra_deep_k128,cagra,Deep,normal,8,0,0,128,4,174.3352812482044,1.1747530079446733,2.136265893932432,cagra_gist_half_b32_k128,common_refined,5873.739341046589
final,final_p6_r4_cagra_deep_k1024,cagra,Deep,normal,32,0,0,1024,4,182.50428582541645,4.486198478844017,9.033307613572106,cagra_gist_half_b32_k1024,common_refined,5610.827139585961
final,final_p6_r4_cagra_deep_k1024,cagra,Deep,normal,8,0,0,1024,4,274.7417625505477,1.8954889965243638,3.142686811042949,cagra_gist_half_b32_k1024,common_refined,3727.1363133648156
final,final_p6_r4_faiss_deep_k128_n4096_p1,faiss,Deep,normal,32,4096,1,128,4,31.40577650628984,0.9763289708644152,1.029364112764597,faiss_gist_half_b32_n4096_p1_k128,common_refined,32605.466697978853
final,final_p6_r4_faiss_deep_k128_n4096_p1,faiss,Deep,normal,8,4096,1,128,4,53.69491095189005,0.41798700112849474,0.4389105481095612,faiss_gist_half_b32_n4096_p1_k128,common_refined,19070.70859876257
final,final_p6_r4_faiss_gist_k2048_n4096_p16,faiss,GIST,normal,32,4096,16,2048,4,210.93531139194965,6.7156945005990565,7.116320310160518,faiss_gist_half_b32_n4096_p16_k2048,common_refined,4854.5688876968225
final,final_p6_r4_faiss_gist_k2048_n4096_p16,faiss,GIST,half,8,4096,16,2048,4,236.18183168582618,1.8443010048940778,2.1231489372439682,faiss_gist_half_b32_n4096_p16_k2048,common_refined,4335.642554259403
final,final_p6_r4_faiss_gist_k2048_n4096_p16,faiss,GIST,half,32,4096,16,2048,4,116.51071615051478,3.585974045563489,4.011210106546059,faiss_gist_half_b32_n4096_p16_k2048,common_refined,8788.89113235852
final,final_p6_r4_faiss_gist_k2048_n4096_p16,faiss,GIST,normal,8,4096,16,2048,4,335.34878643695265,2.639189944602549,2.933326200582087,faiss_gist_half_b32_n4096_p16_k2048,common_refined,3053.537216818041
final,final_p6_r4_faiss_gist_k2048_n4096_p256,faiss,GIST,normal,32,4096,256,2048,4,654.6681479085237,20.508688525296748,21.40890578739345,faiss_gist_half_b32_n4096_p256_k2048,common_refined,1564.1512471186895
final,final_p6_r4_faiss_gist_k2048_n4096_p256,faiss,GIST,half,8,4096,256,2048,4,1121.332409325987,8.745901985093951,9.048613824415952,faiss_gist_half_b32_n4096_p256_k2048,common_refined,913.19932562683
final,final_p6_r4_faiss_gist_k2048_n4096_p256,faiss,GIST,half,32,4096,256,2048,4,549.9071661615744,17.14431052096188,17.74363332078792,faiss_gist_half_b32_n4096_p256_k2048,common_refined,1862.1324889210973
final,final_p6_r4_faiss_gist_k2048_n4096_p256,faiss,GIST,normal,8,4096,256,2048,4,1213.7035846244544,9.507684968411922,9.92320534423925,faiss_gist_half_b32_n4096_p256_k2048,common_refined,843.6985875071362
final,final_p6_r4_cagra_gist_k128,cagra,GIST,normal,32,0,0,128,4,75.91948716435581,2.311023010406643,2.657437941525131,cagra_gist_half_b32_k128,common_refined,13487.973091588108
final,final_p6_r4_cagra_gist_k128,cagra,GIST,half,8,0,0,128,4,187.64454196207225,1.4457894721999764,1.489251316525042,cagra_gist_half_b32_k128,common_refined,5457.126486561898
final,final_p6_r4_cagra_gist_k128,cagra,GIST,half,32,0,0,128,4,79.07603215426207,2.1059595164842904,3.7457728816661975,cagra_gist_half_b32_k128,common_refined,12949.562239065988
final,final_p6_r4_cagra_gist_k128,cagra,GIST,normal,8,0,0,128,4,296.90760967787355,1.5287284622900188,6.61396906361915,cagra_gist_half_b32_k128,common_refined,3448.884321661465
final,final_p6_r4_cagra_gist_k1024,cagra,GIST,normal,32,0,0,1024,4,289.3206443404779,8.647763461340219,11.600593558978288,cagra_gist_half_b32_k1024,common_refined,3539.3257274615285
final,final_p6_r4_cagra_gist_k1024,cagra,GIST,half,8,0,0,1024,4,392.7256589522585,2.335466560907662,7.194686104776335,cagra_gist_half_b32_k1024,common_refined,2607.4181216778657
final,final_p6_r4_cagra_gist_k1024,cagra,GIST,half,32,0,0,1024,4,226.26690519973636,6.847776530776173,8.154708257643506,cagra_gist_half_b32_k1024,common_refined,4525.628699858105
final,final_p6_r4_cagra_gist_k1024,cagra,GIST,normal,8,0,0,1024,4,404.1975145228207,2.8135935426689684,5.048025172436601,cagra_gist_half_b32_k1024,common_refined,2533.4148855637895
final,final_p6_r4_faiss_gist_k128_n4096_p1,faiss,GIST,normal,32,4096,1,128,4,59.67270000837743,1.8643829971551895,2.0939800539053977,faiss_gist_half_b32_n4096_p1_k128,common_refined,17160.275969685317
final,final_p6_r4_faiss_gist_k128_n4096_p1,faiss,GIST,half,8,4096,1,128,4,138.75335943885148,1.0687540052458644,1.3698749186005443,faiss_gist_half_b32_n4096_p1_k128,common_refined,7380.001494315359
final,final_p6_r4_faiss_gist_k128_n4096_p1,faiss,GIST,half,32,4096,1,128,4,52.28282662574202,1.6259949770756066,1.8159717204980552,faiss_gist_half_b32_n4096_p1_k128,common_refined,19585.781146266916
final,final_p6_r4_faiss_gist_k128_n4096_p1,faiss,GIST,normal,8,4096,1,128,4,144.73721629474312,1.1170519865117967,1.4219505188520996,faiss_gist_half_b32_n4096_p1_k128,common_refined,7074.890800129281
final,final_p6_r5_faiss_gist_k2048_n4096_p256,faiss,GIST,half,8,4096,256,2048,5,1126.768167130649,8.797589980531484,9.169946366455406,faiss_gist_half_b32_n4096_p256_k2048,common_refined,908.7938671604901
final,final_p6_r5_faiss_gist_k2048_n4096_p256,faiss,GIST,half,32,4096,256,2048,5,550.5235800519586,17.161336960271,17.73674808209762,faiss_gist_half_b32_n4096_p256_k2048,common_refined,1860.047484075713
final,final_p6_r5_faiss_gist_k2048_n4096_p256,faiss,GIST,normal,8,4096,256,2048,5,1212.1644441504031,9.505673544481397,9.948557830648497,faiss_gist_half_b32_n4096_p256_k2048,common_refined,844.7698700795615
final,final_p6_r5_faiss_gist_k2048_n4096_p256,faiss,GIST,normal,32,4096,256,2048,5,654.7879261197522,20.559544034767896,21.444212697679177,faiss_gist_half_b32_n4096_p256_k2048,common_refined,1563.8651220528518
final,final_p6_r5_cagra_gist_k128,cagra,GIST,half,8,0,0,128,5,200.67984075285494,1.4398310449905694,2.284999348921701,cagra_gist_half_b32_k128,common_refined,5102.655035794532
final,final_p6_r5_cagra_gist_k128,cagra,GIST,half,32,0,0,128,5,77.94017693959177,2.096081501804292,3.651534282835199,cagra_gist_half_b32_k128,common_refined,13138.281695121894
final,final_p6_r5_cagra_gist_k128,cagra,GIST,normal,8,0,0,128,5,208.50323617924005,1.497475488577038,2.362702746177092,cagra_gist_half_b32_k128,common_refined,4911.194755364455
final,final_p6_r5_cagra_gist_k128,cagra,GIST,normal,32,0,0,128,5,86.44162595737725,2.286822011228651,4.196749354014171,cagra_gist_half_b32_k128,common_refined,11846.144593634961
final,final_p6_r5_cagra_gist_k1024,cagra,GIST,half,8,0,0,1024,5,322.493095532991,2.3034234764054418,3.7577123439405087,cagra_gist_half_b32_k1024,common_refined,3175.261778264164
final,final_p6_r5_cagra_gist_k1024,cagra,GIST,half,32,0,0,1024,5,231.1633104691282,6.8860804894939065,9.637977904640135,cagra_gist_half_b32_k1024,common_refined,4429.768711660473
final,final_p6_r5_cagra_gist_k1024,cagra,GIST,normal,8,0,0,1024,5,469.5480311056599,2.8489099931903183,8.15030492376536,cagra_gist_half_b32_k1024,common_refined,2180.8205596959997
final,final_p6_r5_cagra_gist_k1024,cagra,GIST,normal,32,0,0,1024,5,282.15823031496257,8.578301931265742,10.744877270190045,cagra_gist_half_b32_k1024,common_refined,3629.1693453596854
final,final_p6_r5_faiss_gist_k128_n4096_p1,faiss,GIST,half,8,4096,1,128,5,139.73445759620517,1.073566498234868,1.3859621423762292,faiss_gist_half_b32_n4096_p1_k128,common_refined,7328.1853138835895
final,final_p6_r5_faiss_gist_k128_n4096_p1,faiss,GIST,half,32,4096,1,128,5,52.12658201344311,1.6192644834518433,1.8153056735172868,faiss_gist_half_b32_n4096_p1_k128,common_refined,19644.487715229763
final,final_p6_r5_faiss_gist_k128_n4096_p1,faiss,GIST,normal,8,4096,1,128,5,145.39119333494455,1.1221454478800297,1.4334367646370083,faiss_gist_half_b32_n4096_p1_k128,common_refined,7043.067578659754
final,final_p6_r5_faiss_gist_k128_n4096_p1,faiss,GIST,normal,32,4096,1,128,5,57.295689824968576,1.787766523193568,1.9765391072724015,faiss_gist_half_b32_n4096_p1_k128,common_refined,17872.199516721004
final,final_p6_r5_faiss_gist_k2048_n4096_p16,faiss,GIST,half,8,4096,16,2048,5,233.2335584796965,1.8138890154659748,2.118228666950017,faiss_gist_half_b32_n4096_p16_k2048,common_refined,4390.448813090255
final,final_p6_r5_faiss_gist_k2048_n4096_p16,faiss,GIST,half,32,4096,16,2048,5,116.34108365979046,3.604643512517214,3.996354213450104,faiss_gist_half_b32_n4096_p16_k2048,common_refined,8801.705878848648
final,final_p6_r5_faiss_gist_k2048_n4096_p16,faiss,GIST,normal,8,4096,16,2048,5,331.5917884465307,2.6040460215881467,2.910821867408231,faiss_gist_half_b32_n4096_p16_k2048,common_refined,3088.134373885801
final,final_p6_r5_faiss_gist_k2048_n4096_p16,faiss,GIST,normal,32,4096,16,2048,5,208.9109510416165,6.626472051721066,7.118293485837057,faiss_gist_half_b32_n4096_p16_k2048,common_refined,4901.609967760915
final,final_p6_r5_faiss_deep_k2048_n4096_p256,faiss,Deep,normal,8,4096,256,2048,5,879.4574976200238,6.879158958327025,7.138201053021476,faiss_gist_half_b32_n4096_p256_k2048,common_refined,1164.3541646653025
final,final_p6_r5_faiss_deep_k2048_n4096_p256,faiss,Deep,normal,32,4096,256,2048,5,389.02704510837793,12.180407007690519,12.267449154751375,faiss_gist_half_b32_n4096_p256_k2048,common_refined,2632.2077420471546
final,final_p6_r5_cagra_deep_k128,cagra,Deep,normal,8,0,0,128,5,173.5722185112536,1.1777199688367546,1.7846147529780856,cagra_gist_half_b32_k128,common_refined,5899.561627908839
final,final_p6_r5_cagra_deep_k128,cagra,Deep,normal,32,0,0,128,5,55.061468738131225,1.721295528113842,1.7529657168779522,cagra_gist_half_b32_k128,common_refined,18597.397117575587
final,final_p6_r5_cagra_deep_k1024,cagra,Deep,normal,8,0,0,1024,5,249.75099426228553,1.9112640293315053,2.0029100356623526,cagra_gist_half_b32_k1024,common_refined,4100.083777542873
final,final_p6_r5_cagra_deep_k1024,cagra,Deep,normal,32,0,0,1024,5,156.6319849807769,4.41833445802331,7.524260162608697,cagra_gist_half_b32_k1024,common_refined,6537.61746124633
final,final_p6_r5_faiss_deep_k128_n4096_p1,faiss,Deep,normal,8,4096,1,128,5,55.76222180388868,0.4371290560811758,0.45564506435766816,faiss_gist_half_b32_n4096_p1_k128,common_refined,18363.68722181349
final,final_p6_r5_faiss_deep_k128_n4096_p1,faiss,Deep,normal,32,4096,1,128,5,30.740360729396343,0.9601960191503167,0.983791152248159,faiss_gist_half_b32_n4096_p1_k128,common_refined,33311.25516106162
final,final_p6_r5_faiss_deep_k2048_n4096_p16,faiss,Deep,normal,8,4096,16,2048,5,261.11460162792355,2.0465385168790817,2.2051970881875604,faiss_gist_half_b32_n4096_p16_k2048,common_refined,3921.6497032944694
final,final_p6_r5_faiss_deep_k2048_n4096_p16,faiss,Deep,normal,32,4096,16,2048,5,194.1486041760072,6.091230490710586,6.3832518411800265,faiss_gist_half_b32_n4096_p16_k2048,common_refined,5274.310388920867
final,final_p6_r6_cagra_deep_k128,cagra,Deep,normal,32,0,0,128,6,54.91869419347495,1.712110999505967,1.751826162217185,cagra_gist_half_b32_k128,common_refined,18645.745588788315
final,final_p6_r6_cagra_deep_k128,cagra,Deep,normal,8,0,0,128,6,214.73269595298916,1.1772210127674043,3.8292144308797984,cagra_gist_half_b32_k128,common_refined,4768.719525712942
final,final_p6_r6_cagra_deep_k1024,cagra,Deep,normal,32,0,0,1024,6,141.13917876966298,4.410120542161167,4.494707705453038,cagra_gist_half_b32_k1024,common_refined,7255.2498103390035
final,final_p6_r6_cagra_deep_k1024,cagra,Deep,normal,8,0,0,1024,6,249.31914277840406,1.8660390051081777,1.9314433215185998,cagra_gist_half_b32_k1024,common_refined,4107.185627980984
final,final_p6_r6_faiss_deep_k128_n4096_p1,faiss,Deep,normal,32,4096,1,128,6,31.673399033024907,0.9815950179472566,1.0252274456433952,faiss_gist_half_b32_n4096_p1_k128,common_refined,32329.968720196586
final,final_p6_r6_faiss_deep_k128_n4096_p1,faiss,Deep,normal,8,4096,1,128,6,54.355439031496644,0.42280746856704354,0.4466251644771546,faiss_gist_half_b32_n4096_p1_k128,common_refined,18838.961072628554
final,final_p6_r6_faiss_deep_k2048_n4096_p16,faiss,Deep,normal,32,4096,16,2048,6,194.2517835414037,6.081153464037925,6.398153473855928,faiss_gist_half_b32_n4096_p16_k2048,common_refined,5271.508870247979
final,final_p6_r6_faiss_deep_k2048_n4096_p16,faiss,Deep,normal,8,4096,16,2048,6,259.59631032310426,2.034279517829418,2.1902266482356936,faiss_gist_half_b32_n4096_p16_k2048,common_refined,3944.586110355295
final,final_p6_r6_faiss_deep_k2048_n4096_p256,faiss,Deep,normal,32,4096,256,2048,6,389.5956060150638,12.182529550045729,12.287563440622762,faiss_gist_half_b32_n4096_p256_k2048,common_refined,2628.366398876703
final,final_p6_r6_faiss_deep_k2048_n4096_p256,faiss,Deep,normal,8,4096,256,2048,6,881.2631540931761,6.911146512720734,7.146823190851137,faiss_gist_half_b32_n4096_p256_k2048,common_refined,1161.9684713287495
final,final_p6_r6_cagra_gist_k128,cagra,GIST,half,32,0,0,128,6,81.55797887593508,2.1156559814698994,5.093909014249217,cagra_gist_half_b32_k128,common_refined,12555.485240232538
final,final_p6_r6_cagra_gist_k128,cagra,GIST,normal,8,0,0,128,6,199.53684974461794,1.511728041805327,2.0653637882787708,cagra_gist_half_b32_k128,common_refined,5131.884167313412
final,final_p6_r6_cagra_gist_k128,cagra,GIST,normal,32,0,0,128,6,83.5980970878154,2.2978929919190705,4.511263471795244,cagra_gist_half_b32_k128,common_refined,12249.082642686733
final,final_p6_r6_cagra_gist_k128,cagra,GIST,half,8,0,0,128,6,219.15334311779588,1.4631655649282038,2.4486947047989815,cagra_gist_half_b32_k128,common_refined,4672.527397629501
final,final_p6_r6_cagra_gist_k1024,cagra,GIST,half,32,0,0,1024,6,244.44767995737493,6.910459487698972,11.83047482627444,cagra_gist_half_b32_k1024,common_refined,4189.03546222471
final,final_p6_r6_cagra_gist_k1024,cagra,GIST,normal,8,0,0,1024,6,383.0215462949127,2.788180485367775,4.20274666394107,cagra_gist_half_b32_k1024,common_refined,2673.478841870575
final,final_p6_r6_cagra_gist_k1024,cagra,GIST,normal,32,0,0,1024,6,282.89860184304416,8.526754449121654,9.765278536360709,cagra_gist_half_b32_k1024,common_refined,3619.6714770903272
final,final_p6_r6_cagra_gist_k1024,cagra,GIST,half,8,0,0,1024,6,324.457518523559,2.317589009180665,3.80163409281522,cagra_gist_half_b32_k1024,common_refined,3156.037205301029
final,final_p6_r6_faiss_gist_k128_n4096_p1,faiss,GIST,half,32,4096,1,128,6,52.85118753090501,1.6400584718212485,1.8806898267939687,faiss_gist_half_b32_n4096_p1_k128,common_refined,19375.155939518118
final,final_p6_r6_faiss_gist_k128_n4096_p1,faiss,GIST,normal,8,4096,1,128,6,145.58591332752258,1.1246725334785879,1.4287362864706665,faiss_gist_half_b32_n4096_p1_k128,common_refined,7033.647532205411
final,final_p6_r6_faiss_gist_k128_n4096_p1,faiss,GIST,normal,32,4096,1,128,6,57.77340359054506,1.8026530160568655,2.0069477322977036,faiss_gist_half_b32_n4096_p1_k128,common_refined,17724.418787187107
final,final_p6_r6_faiss_gist_k128_n4096_p1,faiss,GIST,half,8,4096,1,128,6,139.21053463127464,1.073291467037052,1.371079933596775,faiss_gist_half_b32_n4096_p1_k128,common_refined,7355.765156080013
final,final_p6_r6_faiss_gist_k2048_n4096_p16,faiss,GIST,half,32,4096,16,2048,6,117.38447251264006,3.624810487963259,4.069889197126031,faiss_gist_half_b32_n4096_p16_k2048,common_refined,8723.470643783272
final,final_p6_r6_faiss_gist_k2048_n4096_p16,faiss,GIST,normal,8,4096,16,2048,6,334.26205115392804,2.619498467538506,2.923254010966047,faiss_gist_half_b32_n4096_p16_k2048,common_refined,3063.4647171731945
final,final_p6_r6_faiss_gist_k2048_n4096_p16,faiss,GIST,normal,32,4096,16,2048,6,209.59668955765665,6.6768929827958345,7.105826830957085,faiss_gist_half_b32_n4096_p16_k2048,common_refined,4885.5733464164
final,final_p6_r6_faiss_gist_k2048_n4096_p16,faiss,GIST,half,8,4096,16,2048,6,232.43998386897147,1.8250465509481728,2.0799258316401392,faiss_gist_half_b32_n4096_p16_k2048,common_refined,4405.438268216531
final,final_p6_r6_faiss_gist_k2048_n4096_p256,faiss,GIST,half,32,4096,256,2048,6,549.0324180573225,17.097665986511856,17.72349183447659,faiss_gist_half_b32_n4096_p256_k2048,common_refined,1865.0993389849118
final,final_p6_r6_faiss_gist_k2048_n4096_p256,faiss,GIST,normal,8,4096,256,2048,6,1207.4817321263254,9.46726300753653,9.87489219987765,faiss_gist_half_b32_n4096_p256_k2048,common_refined,848.0459561046761
final,final_p6_r6_faiss_gist_k2048_n4096_p256,faiss,GIST,normal,32,4096,256,2048,6,653.1131039373577,20.45822999207303,21.42463226336986,faiss_gist_half_b32_n4096_p256_k2048,common_refined,1567.8754473409178
final,final_p6_r6_faiss_gist_k2048_n4096_p256,faiss,GIST,half,8,4096,256,2048,6,1095.1943843392655,8.548985002562404,8.837562269764021,faiss_gist_half_b32_n4096_p256_k2048,common_refined,934.9938372974608
