2026/10/02 17:54:50.511, 57, 0, 90.75, 2422, 12481, 49, P0
2026/10/02 17:54:50.719, 4276, 0, 94.28, 2422, 12481, 49, P0
2026/10/02 17:54:50.919, 4276, 6, 95.13, 2422, 12481, 49, P0
2026/10/02 17:54:51.119, 4276, 12, 95.13, 2422, 12481, 49, P0
2026/10/02 17:54:51.320, 4276, 13, 94.63, 2422, 12481, 49, P0
2026/10/02 17:54:51.520, 4276, 13, 94.21, 2422, 12481, 48, P0
2026/10/02 17:54:51.720, 4276, 13, 91.86, 2422, 12481, 48, P0
2026/10/02 17:54:51.920, 18184, 14, 97.15, 2422, 12481, 48, P0
2026/10/02 17:54:52.120, 18184, 100, 116.01, 2422, 12481, 51, P0
2026/10/02 17:54:52.320, 18184, 100, 134.32, 2422, 12481, 50, P0
2026/10/02 17:54:52.520, 18214, 100, 152.78, 2422, 12481, 51, P0
2026/10/02 17:54:52.721, 18184, 95, 160.84, 2422, 12481, 51, P0
2026/10/02 17:54:52.921, 18184, 100, 177.61, 2422, 12481, 51, P0
2026/10/02 17:54:53.121, 18184, 91, 180.53, 2422, 12481, 51, P0
2026/10/02 17:54:53.322, 18184, 100, 173.60, 2422, 12481, 51, P0
2026/10/02 17:54:53.522, 18184, 99, 174.66, 2422, 12481, 51, P0
2026/10/02 17:54:53.722, 18184, 100, 177.15, 2422, 12481, 50, P0
2026/10/02 17:54:53.922, 18184, 100, 176.50, 2422, 12481, 51, P0
2026/10/02 17:54:54.122, 18184, 94, 173.20, 2422, 12481, 51, P0
2026/10/02 17:54:54.322, 18184, 100, 173.37, 2422, 12481, 51, P0
2026/10/02 17:54:54.522, 18184, 89, 175.13, 2422, 12481, 51, P0
2026/10/02 17:54:54.723, 18184, 100, 174.81, 2422, 12481, 51, P0
2026/10/02 17:54:54.923, 18184, 91, 175.44, 2422, 12481, 51, P0
2026/10/02 17:54:55.124, 18184, 100, 172.63, 2422, 12481, 51, P0
2026/10/02 17:54:55.324, 18184, 99, 172.45, 2422, 12481, 51, P0
2026/10/02 17:54:55.524, 18184, 100, 175.71, 2422, 12481, 51, P0
2026/10/02 17:54:55.724, 18184, 100, 175.71, 2422, 12481, 51, P0
2026/10/02 17:54:55.924, 18184, 95, 175.53, 2422, 12481, 51, P0
2026/10/02 17:54:56.124, 18184, 100, 176.36, 2422, 12481, 51, P0
2026/10/02 17:54:56.324, 18184, 92, 179.07, 2422, 12481, 51, P0
2026/10/02 17:54:56.524, 18184, 100, 179.02, 2422, 12481, 51, P0
2026/10/02 17:54:56.725, 18184, 92, 180.17, 2422, 12481, 51, P0
2026/10/02 17:54:56.925, 18184, 100, 173.88, 2422, 12481, 51, P0
2026/10/02 17:54:57.125, 18184, 99, 173.78, 2422, 12481, 51, P0
2026/10/02 17:54:57.325, 18184, 100, 176.44, 2422, 12481, 51, P0
2026/10/02 17:54:57.525, 18184, 100, 176.46, 2422, 12481, 51, P0
2026/10/02 17:54:57.725, 18184, 98, 175.89, 2422, 12481, 50, P0
2026/10/02 17:54:57.926, 18184, 100, 176.64, 2422, 12481, 51, P0
2026/10/02 17:54:58.126, 18184, 91, 176.49, 2422, 12481, 51, P0
2026/10/02 17:54:58.326, 18184, 100, 176.49, 2422, 12481, 51, P0
2026/10/02 17:54:58.526, 18184, 86, 177.40, 2422, 12481, 51, P0
2026/10/02 17:54:58.727, 18184, 100, 173.58, 2422, 12481, 51, P0
2026/10/02 17:54:58.927, 18184, 98, 172.56, 2422, 12481, 51, P0
2026/10/02 17:54:59.127, 18184, 100, 176.01, 2422, 12481, 51, P0
2026/10/02 17:54:59.327, 18184, 100, 176.14, 2422, 12481, 51, P0
2026/10/02 17:54:59.527, 18184, 100, 176.69, 2422, 12481, 50, P0
2026/10/02 17:54:59.728, 18184, 99, 172.11, 2422, 12481, 51, P0
2026/10/02 17:54:59.928, 18184, 100, 176.00, 2422, 12481, 51, P0
2026/10/02 17:55:00.128, 18184, 92, 175.65, 2422, 12481, 51, P0
2026/10/02 17:55:00.328, 18184, 100, 172.68, 2422, 12481, 51, P0
2026/10/02 17:55:00.528, 18184, 99, 171.49, 2422, 12481, 51, P0
2026/10/02 17:55:00.728, 18184, 100, 176.99, 2422, 12481, 50, P0
2026/10/02 17:55:00.929, 18184, 100, 177.61, 2422, 12481, 51, P0
2026/10/02 17:55:01.129, 18184, 93, 172.29, 2422, 12481, 51, P0
2026/10/02 17:55:01.329, 18184, 100, 177.47, 2422, 12481, 51, P0
2026/10/02 17:55:01.529, 18184, 92, 177.31, 2422, 12481, 51, P0
2026/10/02 17:55:01.729, 18184, 91, 176.43, 2422, 12481, 51, P0
2026/10/02 17:55:01.930, 18184, 100, 175.26, 2422, 12481, 51, P0
2026/10/02 17:55:02.130, 18184, 95, 181.34, 2422, 12481, 51, P0
2026/10/02 17:55:02.330, 18184, 100, 174.83, 2422, 12481, 51, P0
2026/10/02 17:55:02.530, 18184, 100, 175.67, 2422, 12481, 51, P0
2026/10/02 17:55:02.730, 18184, 100, 176.46, 2422, 12481, 50, P0
2026/10/02 17:55:02.930, 18184, 100, 177.08, 2422, 12481, 51, P0
2026/10/02 17:55:03.130, 18184, 92, 172.46, 2422, 12481, 51, P0
2026/10/02 17:55:03.330, 18184, 100, 172.50, 2422, 12481, 51, P0
2026/10/02 17:55:03.531, 18184, 92, 177.19, 2422, 12481, 51, P0
2026/10/02 17:55:03.731, 18184, 100, 171.90, 2422, 12481, 52, P0
2026/10/02 17:55:03.931, 18184, 100, 171.99, 2422, 12481, 51, P0
2026/10/02 17:55:04.131, 18184, 100, 177.69, 2422, 12481, 50, P0
2026/10/02 17:55:04.332, 18184, 100, 177.68, 2422, 12481, 51, P0
2026/10/02 17:55:04.532, 18184, 92, 172.70, 2422, 12481, 51, P0
2026/10/02 17:55:04.732, 18184, 100, 173.69, 2422, 12481, 51, P0
2026/10/02 17:55:04.933, 18184, 92, 177.78, 2422, 12481, 51, P0
2026/10/02 17:55:05.133, 18184, 100, 171.69, 2422, 12481, 51, P0
2026/10/02 17:55:05.333, 18184, 99, 170.85, 2422, 12481, 51, P0
2026/10/02 17:55:05.533, 18184, 100, 176.92, 2422, 12481, 51, P0
2026/10/02 17:55:05.734, 18184, 100, 176.31, 2422, 12481, 51, P0
2026/10/02 17:55:05.934, 18184, 95, 175.65, 2422, 12481, 51, P0
2026/10/02 17:55:06.134, 18184, 100, 182.21, 2422, 12481, 51, P0
2026/10/02 17:55:06.335, 18184, 92, 177.12, 2422, 12481, 51, P0
2026/10/02 17:55:06.535, 18184, 100, 177.49, 2422, 12481, 51, P0
2026/10/02 17:55:06.735, 18184, 92, 177.11, 2422, 12481, 51, P0
2026/10/02 17:55:06.935, 18184, 100, 173.15, 2422, 12481, 51, P0
2026/10/02 17:55:07.136, 18184, 98, 173.14, 2422, 12481, 51, P0
2026/10/02 17:55:07.336, 18184, 100, 176.78, 2422, 12481, 51, P0
2026/10/02 17:55:07.536, 18184, 100, 175.84, 2422, 12481, 51, P0
2026/10/02 17:55:07.736, 18184, 97, 175.92, 2422, 12481, 50, P0
2026/10/02 17:55:07.936, 18184, 100, 176.69, 2422, 12481, 51, P0
2026/10/02 17:55:08.136, 18184, 92, 176.19, 2422, 12481, 51, P0
2026/10/02 17:55:08.336, 18184, 100, 177.22, 2422, 12481, 51, P0
2026/10/02 17:55:08.537, 18184, 92, 177.32, 2422, 12481, 51, P0
2026/10/02 17:55:08.737, 18184, 100, 173.26, 2422, 12481, 51, P0
2026/10/02 17:55:08.937, 18184, 98, 172.36, 2422, 12481, 51, P0
2026/10/02 17:55:09.137, 18184, 100, 176.71, 2422, 12481, 51, P0
2026/10/02 17:55:09.337, 18184, 100, 177.35, 2422, 12481, 51, P0
2026/10/02 17:55:09.537, 18184, 92, 172.09, 2422, 12481, 51, P0
2026/10/02 17:55:09.737, 18184, 100, 172.13, 2422, 12481, 51, P0
2026/10/02 17:55:09.937, 18184, 91, 175.22, 2422, 12481, 51, P0
2026/10/02 17:55:10.138, 18184, 100, 175.40, 2422, 12481, 51, P0
2026/10/02 17:55:10.338, 18184, 96, 175.35, 2422, 12481, 51, P0
2026/10/02 17:55:10.538, 18184, 100, 177.94, 2422, 12481, 51, P0
2026/10/02 17:55:10.738, 18184, 100, 178.41, 2422, 12481, 51, P0
2026/10/02 17:55:10.939, 18184, 91, 176.86, 2422, 12481, 51, P0
2026/10/02 17:55:11.140, 18184, 100, 176.87, 2422, 12481, 51, P0
2026/10/02 17:55:11.340, 18184, 90, 177.85, 2422, 12481, 51, P0
2026/10/02 17:55:11.540, 18184, 100, 171.70, 2422, 12481, 51, P0
2026/10/02 17:55:11.740, 18184, 99, 175.09, 2422, 12481, 51, P0
2026/10/02 17:55:11.940, 18184, 100, 176.51, 2422, 12481, 50, P0
2026/10/02 17:55:12.140, 18184, 100, 177.17, 2422, 12481, 51, P0
2026/10/02 17:55:12.341, 18184, 93, 170.82, 2422, 12481, 51, P0
2026/10/02 17:55:12.541, 18184, 100, 171.99, 2422, 12481, 51, P0
2026/10/02 17:55:12.741, 18184, 92, 177.00, 2422, 12481, 51, P0
2026/10/02 17:55:12.941, 18184, 100, 173.56, 2422, 12481, 51, P0
2026/10/02 17:55:13.142, 18184, 98, 174.47, 2422, 12481, 51, P0
2026/10/02 17:55:13.342, 18184, 100, 174.53, 2422, 12481, 51, P0
2026/10/02 17:55:13.542, 18184, 100, 174.53, 2422, 12481, 51, P0
2026/10/02 17:55:13.742, 18184, 100, 174.49, 2422, 12481, 50, P0
2026/10/02 17:55:13.942, 18184, 100, 178.41, 2422, 12481, 51, P0
2026/10/02 17:55:14.143, 18184, 92, 174.45, 2422, 12481, 51, P0
2026/10/02 17:55:14.343, 18184, 100, 175.30, 2422, 12481, 51, P0
2026/10/02 17:55:14.543, 18184, 92, 174.29, 2422, 12481, 51, P0
2026/10/02 17:55:14.743, 18184, 100, 174.28, 2422, 12481, 51, P0
2026/10/02 17:55:14.943, 18184, 90, 174.51, 2422, 12481, 51, P0
2026/10/02 17:55:15.143, 18184, 100, 172.89, 2422, 12481, 51, P0
2026/10/02 17:55:15.344, 18184, 98, 171.80, 2422, 12481, 51, P0
2026/10/02 17:55:15.544, 18184, 100, 175.82, 2422, 12481, 51, P0
2026/10/02 17:55:15.744, 18184, 100, 176.53, 2422, 12481, 51, P0
2026/10/02 17:55:15.944, 18184, 99, 176.15, 2422, 12481, 50, P0
2026/10/02 17:55:16.145, 18184, 100, 181.89, 2422, 12481, 51, P0
2026/10/02 17:55:16.345, 18184, 91, 176.18, 2422, 12481, 51, P0
2026/10/02 17:55:16.545, 18184, 100, 176.22, 2422, 12481, 51, P0
2026/10/02 17:55:16.745, 18184, 91, 177.38, 2422, 12481, 51, P0
2026/10/02 17:55:16.945, 18184, 100, 175.53, 2422, 12481, 51, P0
2026/10/02 17:55:17.145, 18184, 97, 175.60, 2422, 12481, 51, P0
2026/10/02 17:55:17.346, 18184, 100, 178.53, 2422, 12481, 51, P0
2026/10/02 17:55:17.546, 18184, 100, 178.49, 2422, 12481, 51, P0
2026/10/02 17:55:17.746, 18184, 100, 178.89, 2422, 12481, 50, P0
2026/10/02 17:55:17.946, 18184, 100, 180.41, 2422, 12481, 51, P0
2026/10/02 17:55:18.146, 18184, 91, 175.16, 2422, 12481, 51, P0
2026/10/02 17:55:18.346, 18184, 100, 177.54, 2422, 12481, 51, P0
2026/10/02 17:55:18.546, 18184, 90, 175.28, 2422, 12481, 51, P0
2026/10/02 17:55:18.747, 18184, 100, 175.48, 2422, 12481, 51, P0
2026/10/02 17:55:18.947, 18184, 95, 176.20, 2422, 12481, 51, P0
2026/10/02 17:55:19.148, 18184, 100, 175.11, 2422, 12481, 51, P0
2026/10/02 17:55:19.348, 18184, 100, 175.92, 2422, 12481, 51, P0
2026/10/02 17:55:19.548, 18184, 100, 177.05, 2422, 12481, 50, P0
2026/10/02 17:55:19.748, 18184, 100, 177.64, 2422, 12481, 51, P0
2026/10/02 17:55:19.948, 18184, 94, 172.52, 2422, 12481, 51, P0
2026/10/02 17:55:20.148, 18184, 100, 173.49, 2422, 12481, 51, P0
2026/10/02 17:55:20.349, 18184, 92, 176.96, 2422, 12481, 51, P0
2026/10/02 17:55:20.549, 18184, 100, 177.54, 2422, 12481, 51, P0
2026/10/02 17:55:20.749, 18184, 88, 177.72, 2422, 12481, 51, P0
2026/10/02 17:55:20.949, 18184, 100, 181.44, 2422, 12481, 50, P0
2026/10/02 17:55:21.150, 18184, 100, 181.43, 2422, 12481, 51, P0
2026/10/02 17:55:21.350, 18184, 94, 178.18, 2422, 12481, 51, P0
2026/10/02 17:55:21.550, 18184, 100, 178.73, 2422, 12481, 51, P0
2026/10/02 17:55:21.750, 18184, 91, 176.00, 2422, 12481, 51, P0
2026/10/02 17:55:21.950, 18184, 100, 176.78, 2422, 12481, 51, P0
2026/10/02 17:55:22.150, 18184, 92, 176.53, 2422, 12481, 51, P0
2026/10/02 17:55:22.350, 18184, 100, 175.60, 2422, 12481, 51, P0
2026/10/02 17:55:22.551, 18184, 99, 175.59, 2422, 12481, 51, P0
2026/10/02 17:55:22.751, 18184, 100, 176.67, 2422, 12481, 51, P0
2026/10/02 17:55:22.951, 18184, 100, 175.85, 2422, 12481, 51, P0
2026/10/02 17:55:23.151, 18184, 99, 176.55, 2422, 12481, 50, P0
2026/10/02 17:55:23.352, 18184, 100, 182.45, 2422, 12481, 51, P0
2026/10/02 17:55:23.552, 18184, 92, 176.02, 2422, 12481, 51, P0
2026/10/02 17:55:23.752, 18184, 100, 177.19, 2422, 12481, 51, P0
2026/10/02 17:55:23.952, 18184, 92, 177.60, 2422, 12481, 51, P0
2026/10/02 17:55:24.153, 18184, 100, 171.78, 2422, 12481, 51, P0
2026/10/02 17:55:24.353, 18184, 98, 171.79, 2422, 12481, 51, P0
2026/10/02 17:55:24.553, 18184, 100, 177.60, 2422, 12481, 51, P0
2026/10/02 17:55:24.753, 18214, 100, 177.63, 2422, 12481, 51, P0
2026/10/02 17:55:24.953, 18184, 94, 173.79, 2422, 12481, 51, P0
2026/10/02 17:55:25.154, 18184, 100, 179.14, 2422, 12481, 51, P0
2026/10/02 17:55:25.354, 18184, 92, 177.65, 2422, 12481, 51, P0
2026/10/02 17:55:25.554, 18184, 100, 178.20, 2422, 12481, 51, P0
2026/10/02 17:55:25.754, 18184, 93, 178.82, 2422, 12481, 51, P0
2026/10/02 17:55:25.955, 18184, 92, 176.68, 2422, 12481, 51, P0
2026/10/02 17:55:26.155, 18184, 100, 176.72, 2422, 12481, 51, P0
2026/10/02 17:55:26.355, 18184, 92, 177.79, 2422, 12481, 51, P0
2026/10/02 17:55:26.555, 18184, 100, 171.18, 2422, 12481, 51, P0
2026/10/02 17:55:26.756, 18184, 99, 172.35, 2422, 12481, 51, P0
2026/10/02 17:55:26.956, 18184, 100, 176.02, 2422, 12481, 51, P0
2026/10/02 17:55:27.156, 18184, 100, 176.71, 2422, 12481, 51, P0
2026/10/02 17:55:27.356, 18184, 95, 176.62, 2422, 12481, 50, P0
2026/10/02 17:55:27.556, 18184, 100, 181.89, 2422, 12481, 51, P0
2026/10/02 17:55:27.756, 18184, 92, 176.30, 2422, 12481, 51, P0
2026/10/02 17:55:27.957, 18184, 100, 173.22, 2422, 12481, 51, P0
2026/10/02 17:55:28.157, 18184, 98, 173.69, 2422, 12481, 51, P0
2026/10/02 17:55:28.357, 18184, 100, 172.03, 2422, 12481, 51, P0
2026/10/02 17:55:28.557, 18184, 100, 171.97, 2422, 12481, 51, P0
2026/10/02 17:55:28.757, 18184, 100, 177.52, 2422, 12481, 50, P0
2026/10/02 17:55:28.957, 18184, 100, 181.69, 2422, 12481, 51, P0
2026/10/02 17:55:29.158, 18184, 92, 175.20, 2422, 12481, 51, P0
2026/10/02 17:55:29.358, 18184, 100, 175.97, 2422, 12481, 51, P0
2026/10/02 17:55:29.558, 18184, 91, 177.13, 2422, 12481, 51, P0
2026/10/02 17:55:29.758, 18184, 100, 172.49, 2422, 12481, 51, P0
2026/10/02 17:55:29.958, 18184, 98, 171.42, 2422, 12481, 51, P0
2026/10/02 17:55:30.159, 18184, 100, 175.26, 2422, 12481, 51, P0
2026/10/02 17:55:30.359, 18184, 100, 176.04, 2422, 12481, 51, P0
2026/10/02 17:55:30.559, 18184, 100, 176.47, 2422, 12481, 50, P0
2026/10/02 17:55:30.760, 18184, 100, 180.71, 2422, 12481, 51, P0
2026/10/02 17:55:30.960, 18184, 91, 173.91, 2422, 12481, 51, P0
2026/10/02 17:55:31.160, 18184, 100, 174.78, 2422, 12481, 51, P0
2026/10/02 17:55:31.360, 18184, 85, 175.77, 2422, 12481, 51, P0
2026/10/02 17:55:31.560, 18184, 100, 175.23, 2422, 12481, 51, P0
2026/10/02 17:55:31.761, 18184, 89, 175.96, 2422, 12481, 51, P0
2026/10/02 17:55:31.961, 18184, 100, 176.35, 2422, 12481, 51, P0
2026/10/02 17:55:32.161, 18184, 99, 176.36, 2422, 12481, 51, P0
2026/10/02 17:55:32.361, 18184, 100, 176.53, 2422, 12481, 51, P0
2026/10/02 17:55:32.561, 18184, 100, 176.54, 2422, 12481, 51, P0
2026/10/02 17:55:32.761, 18184, 98, 176.53, 2422, 12481, 50, P0
2026/10/02 17:55:32.962, 18184, 100, 176.53, 2422, 12481, 51, P0
2026/10/02 17:55:33.162, 18184, 92, 175.72, 2422, 12481, 51, P0
2026/10/02 17:55:33.362, 18184, 100, 177.09, 2422, 12481, 51, P0
2026/10/02 17:55:33.563, 18184, 91, 177.11, 2422, 12481, 51, P0
2026/10/02 17:55:33.763, 18184, 100, 173.88, 2422, 12481, 51, P0
2026/10/02 17:55:33.963, 18184, 98, 173.94, 2422, 12481, 51, P0
2026/10/02 17:55:34.163, 18184, 100, 176.84, 2422, 12481, 51, P0
2026/10/02 17:55:34.364, 18184, 100, 176.84, 2422, 12481, 51, P0
2026/10/02 17:55:34.564, 18184, 100, 176.65, 2422, 12481, 50, P0
2026/10/02 17:55:34.764, 18184, 100, 180.20, 2422, 12481, 51, P0
2026/10/02 17:55:34.964, 18184, 93, 173.65, 2422, 12481, 51, P0
2026/10/02 17:55:35.164, 18184, 100, 174.57, 2422, 12481, 51, P0
2026/10/02 17:55:35.365, 18184, 92, 176.03, 2422, 12481, 51, P0
2026/10/02 17:55:35.565, 18184, 100, 175.37, 2422, 12481, 51, P0
2026/10/02 17:55:35.765, 18184, 96, 175.40, 2422, 12481, 51, P0
2026/10/02 17:55:35.965, 18184, 100, 174.93, 2422, 12481, 51, P0
2026/10/02 17:55:36.165, 18184, 100, 174.91, 2422, 12481, 51, P0
2026/10/02 17:55:36.366, 18184, 100, 175.63, 2422, 12481, 50, P0
2026/10/02 17:55:36.566, 18184, 100, 176.36, 2422, 12481, 51, P0
2026/10/02 17:55:36.766, 18184, 93, 172.64, 2422, 12481, 51, P0
2026/10/02 17:55:36.966, 18184, 100, 172.63, 2422, 12481, 51, P0
2026/10/02 17:55:37.166, 18184, 89, 174.32, 2422, 12481, 51, P0
2026/10/02 17:55:37.366, 18184, 100, 175.18, 2422, 12481, 51, P0
2026/10/02 17:55:37.566, 18184, 91, 174.49, 2422, 12481, 51, P0
2026/10/02 17:55:37.766, 18184, 100, 173.56, 2422, 12481, 51, P0
2026/10/02 17:55:37.966, 18184, 99, 173.57, 2422, 12481, 51, P0
2026/10/02 17:55:38.167, 18184, 100, 176.90, 2422, 12481, 50, P0
2026/10/02 17:55:38.367, 18184, 100, 176.23, 2422, 12481, 51, P0
2026/10/02 17:55:38.567, 18184, 95, 175.19, 2422, 12481, 51, P0
2026/10/02 17:55:38.767, 18184, 100, 175.19, 2422, 12481, 51, P0
2026/10/02 17:55:38.967, 18184, 92, 175.68, 2422, 12481, 51, P0
2026/10/02 17:55:39.167, 18184, 100, 176.47, 2422, 12481, 51, P0
2026/10/02 17:55:39.367, 18184, 92, 176.92, 2422, 12481, 51, P0
2026/10/02 17:55:39.567, 18184, 100, 172.49, 2422, 12481, 51, P0
2026/10/02 17:55:39.768, 18184, 99, 172.48, 2422, 12481, 51, P0
2026/10/02 17:55:39.968, 18184, 100, 176.95, 2422, 12481, 51, P0
2026/10/02 17:55:40.168, 18184, 100, 176.95, 2422, 12481, 51, P0
2026/10/02 17:55:40.368, 18184, 96, 176.27, 2422, 12481, 50, P0
2026/10/02 17:55:40.568, 18184, 100, 182.01, 2422, 12481, 51, P0
2026/10/02 17:55:40.769, 18184, 91, 175.62, 2422, 12481, 51, P0
2026/10/02 17:55:40.969, 18184, 100, 176.36, 2422, 12481, 51, P0
2026/10/02 17:55:41.169, 18184, 91, 176.79, 2422, 12481, 51, P0
2026/10/02 17:55:41.369, 18184, 100, 170.99, 2422, 12481, 51, P0
2026/10/02 17:55:41.569, 18184, 99, 172.14, 2422, 12481, 51, P0
2026/10/02 17:55:41.769, 18184, 100, 176.78, 2422, 12481, 50, P0
2026/10/02 17:55:41.969, 18184, 100, 177.41, 2422, 12481, 51, P0
2026/10/02 17:55:42.170, 18184, 94, 172.77, 2422, 12481, 51, P0
2026/10/02 17:55:42.370, 18184, 100, 172.81, 2422, 12481, 51, P0
2026/10/02 17:55:42.570, 18184, 92, 176.44, 2422, 12481, 51, P0
2026/10/02 17:55:42.770, 18184, 100, 176.30, 2422, 12481, 51, P0
2026/10/02 17:55:42.971, 18184, 92, 176.18, 2422, 12481, 51, P0
2026/10/02 17:55:43.171, 18184, 100, 175.07, 2422, 12481, 51, P0
2026/10/02 17:55:43.371, 18184, 100, 175.03, 2422, 12481, 51, P0
2026/10/02 17:55:43.571, 18184, 100, 176.78, 2422, 12481, 50, P0
2026/10/02 17:55:43.771, 18184, 100, 177.41, 2422, 12481, 51, P0
2026/10/02 17:55:43.971, 18184, 93, 170.23, 2422, 12481, 51, P0
2026/10/02 17:55:44.171, 18184, 100, 171.43, 2422, 12481, 51, P0
2026/10/02 17:55:44.372, 18184, 92, 175.86, 2422, 12481, 51, P0
2026/10/02 17:55:44.572, 18184, 100, 175.21, 2422, 12481, 51, P0
2026/10/02 17:55:44.772, 18184, 96, 175.43, 2422, 12481, 51, P0
2026/10/02 17:55:44.972, 18184, 100, 175.56, 2422, 12481, 51, P0
2026/10/02 17:55:45.172, 18184, 100, 174.74, 2422, 12481, 51, P0
2026/10/02 17:55:45.372, 18184, 100, 175.78, 2422, 12481, 50, P0
2026/10/02 17:55:45.572, 18184, 100, 175.79, 2422, 12481, 51, P0
2026/10/02 17:55:45.772, 18184, 94, 172.76, 2422, 12481, 51, P0
2026/10/02 17:55:45.973, 18184, 100, 173.74, 2422, 12481, 51, P0
2026/10/02 17:55:46.173, 18184, 92, 177.02, 2422, 12481, 51, P0
2026/10/02 17:55:46.373, 18184, 100, 177.02, 2422, 12481, 51, P0
2026/10/02 17:55:46.573, 18184, 92, 177.45, 2422, 12481, 51, P0
2026/10/02 17:55:46.773, 18184, 91, 177.74, 2422, 12481, 51, P0
2026/10/02 17:55:46.973, 18184, 100, 177.80, 2422, 12481, 51, P0
2026/10/02 17:55:47.173, 18184, 92, 180.23, 2422, 12481, 51, P0
2026/10/02 17:55:47.373, 18184, 100, 173.46, 2422, 12481, 51, P0
2026/10/02 17:55:47.574, 18184, 99, 173.62, 2422, 12481, 51, P0
2026/10/02 17:55:47.774, 18184, 100, 176.41, 2422, 12481, 50, P0
2026/10/02 17:55:47.974, 18184, 100, 176.38, 2422, 12481, 51, P0
2026/10/02 17:55:48.174, 18184, 98, 175.77, 2422, 12481, 50, P0
2026/10/02 17:55:48.374, 18184, 100, 176.49, 2422, 12481, 51, P0
2026/10/02 17:55:48.574, 18184, 92, 176.31, 2422, 12481, 51, P0
2026/10/02 17:55:48.774, 18184, 100, 176.92, 2422, 12481, 51, P0
2026/10/02 17:55:48.975, 18184, 91, 177.26, 2422, 12481, 51, P0
2026/10/02 17:55:49.175, 18184, 100, 172.49, 2422, 12481, 51, P0
2026/10/02 17:55:49.375, 18184, 98, 172.57, 2422, 12481, 51, P0
2026/10/02 17:55:49.576, 18184, 100, 176.22, 2422, 12481, 51, P0
2026/10/02 17:55:49.777, 18184, 100, 176.91, 2422, 12481, 51, P0
2026/10/02 17:55:49.977, 18184, 96, 177.09, 2422, 12481, 50, P0
2026/10/02 17:55:50.177, 18184, 100, 177.09, 2422, 12481, 51, P0
2026/10/02 17:55:50.377, 18184, 92, 174.83, 2422, 12481, 51, P0
2026/10/02 17:55:50.577, 18184, 100, 175.65, 2422, 12481, 51, P0
2026/10/02 17:55:50.778, 18184, 91, 176.54, 2422, 12481, 51, P0
2026/10/02 17:55:50.978, 18184, 100, 172.56, 2422, 12481, 51, P0
2026/10/02 17:55:51.178, 18184, 96, 172.51, 2422, 12481, 51, P0
2026/10/02 17:55:51.378, 18184, 100, 172.79, 2422, 12481, 51, P0
2026/10/02 17:55:51.578, 18184, 100, 173.78, 2422, 12481, 51, P0
2026/10/02 17:55:51.779, 18184, 100, 173.27, 2422, 12481, 50, P0
2026/10/02 17:55:51.979, 18184, 100, 176.67, 2422, 12481, 51, P0
2026/10/02 17:55:52.180, 18184, 92, 171.74, 2422, 12481, 51, P0
2026/10/02 17:55:52.380, 18184, 100, 171.63, 2422, 12481, 51, P0
2026/10/02 17:55:52.580, 18184, 91, 176.15, 2422, 12481, 51, P0
2026/10/02 17:55:52.780, 18184, 100, 174.72, 2422, 12481, 51, P0
2026/10/02 17:55:52.980, 18184, 98, 174.17, 2422, 12481, 51, P0
2026/10/02 17:55:53.180, 18184, 100, 175.83, 2422, 12481, 51, P0
2026/10/02 17:55:53.380, 18184, 100, 175.96, 2422, 12481, 51, P0
2026/10/02 17:55:53.581, 18184, 100, 176.55, 2422, 12481, 50, P0
2026/10/02 17:55:53.781, 18184, 100, 178.88, 2422, 12481, 51, P0
2026/10/02 17:55:53.981, 18184, 93, 173.97, 2422, 12481, 51, P0
2026/10/02 17:55:54.181, 18184, 100, 173.96, 2422, 12481, 51, P0
2026/10/02 17:55:54.381, 18184, 92, 177.32, 2422, 12481, 51, P0
2026/10/02 17:55:54.581, 18184, 100, 175.80, 2422, 12481, 51, P0
2026/10/02 17:55:54.781, 18184, 96, 175.94, 2422, 12481, 51, P0
2026/10/02 17:55:54.981, 18184, 100, 179.01, 2422, 12481, 51, P0
2026/10/02 17:55:55.182, 18184, 100, 179.43, 2422, 12481, 51, P0
2026/10/02 17:55:55.382, 18184, 100, 179.69, 2422, 12481, 50, P0
2026/10/02 17:55:55.582, 18184, 100, 181.37, 2422, 12481, 51, P0
2026/10/02 17:55:55.782, 18184, 91, 174.83, 2422, 12481, 51, P0
2026/10/02 17:55:55.982, 18184, 100, 175.63, 2422, 12481, 51, P0
2026/10/02 17:55:56.182, 18184, 91, 176.39, 2422, 12481, 51, P0
2026/10/02 17:55:56.382, 18184, 100, 174.22, 2422, 12481, 51, P0
2026/10/02 17:55:56.582, 18184, 98, 174.30, 2422, 12481, 51, P0
2026/10/02 17:55:56.783, 18184, 100, 175.27, 2422, 12481, 51, P0
2026/10/02 17:55:56.983, 18184, 100, 176.03, 2422, 12481, 51, P0
2026/10/02 17:55:57.183, 18184, 100, 175.67, 2422, 12481, 50, P0
2026/10/02 17:55:57.384, 18184, 100, 176.44, 2422, 12481, 51, P0
2026/10/02 17:55:57.584, 18184, 92, 172.24, 2422, 12481, 51, P0
2026/10/02 17:55:57.784, 18184, 100, 173.29, 2422, 12481, 51, P0
2026/10/02 17:55:57.984, 18184, 92, 177.31, 2422, 12481, 51, P0
2026/10/02 17:55:58.184, 18184, 100, 171.96, 2422, 12481, 51, P0
2026/10/02 17:55:58.384, 18184, 100, 170.93, 2422, 12481, 51, P0
2026/10/02 17:55:58.584, 18184, 100, 177.20, 2422, 12481, 50, P0
2026/10/02 17:55:58.785, 18184, 100, 177.72, 2422, 12481, 51, P0
2026/10/02 17:55:58.985, 18184, 94, 171.76, 2422, 12481, 51, P0
2026/10/02 17:55:59.185, 18184, 100, 172.85, 2422, 12481, 51, P0
2026/10/02 17:55:59.385, 18184, 92, 175.75, 2422, 12481, 51, P0
2026/10/02 17:55:59.585, 18184, 100, 175.56, 2422, 12481, 51, P0
2026/10/02 17:55:59.786, 18184, 92, 174.97, 2422, 12481, 51, P0
2026/10/02 17:55:59.986, 18184, 100, 173.90, 2422, 12481, 51, P0
2026/10/02 17:56:00.186, 18184, 99, 173.82, 2422, 12481, 51, P0
2026/10/02 17:56:00.386, 18184, 100, 175.20, 2422, 12481, 50, P0
2026/10/02 17:56:00.586, 18184, 100, 175.41, 2422, 12481, 51, P0
2026/10/02 17:56:00.786, 18184, 99, 175.51, 2422, 12481, 50, P0
2026/10/02 17:56:00.986, 18184, 100, 176.30, 2422, 12481, 51, P0
2026/10/02 17:56:01.186, 18184, 92, 176.44, 2422, 12481, 51, P0
2026/10/02 17:56:01.387, 18184, 100, 176.40, 2422, 12481, 51, P0
2026/10/02 17:56:01.587, 18184, 92, 176.92, 2422, 12481, 51, P0
2026/10/02 17:56:01.787, 18184, 100, 173.05, 2422, 12481, 51, P0
2026/10/02 17:56:01.990, 18184, 98, 171.99, 2422, 12481, 51, P0
2026/10/02 17:56:02.190, 18184, 100, 174.61, 2422, 12481, 51, P0
2026/10/02 17:56:02.390, 18184, 100, 175.40, 2422, 12481, 51, P0
2026/10/02 17:56:02.590, 18184, 100, 175.16, 2422, 12481, 50, P0
2026/10/02 17:56:02.790, 18184, 100, 179.35, 2422, 12481, 51, P0
2026/10/02 17:56:02.990, 18184, 92, 172.64, 2422, 12481, 51, P0
2026/10/02 17:56:03.190, 18184, 100, 173.68, 2422, 12481, 51, P0
2026/10/02 17:56:03.390, 18184, 92, 175.99, 2422, 12481, 51, P0
2026/10/02 17:56:03.591, 18184, 100, 173.76, 2422, 12481, 51, P0
2026/10/02 17:56:03.791, 18184, 98, 174.62, 2422, 12481, 51, P0
2026/10/02 17:56:03.991, 18184, 100, 177.09, 2422, 12481, 51, P0
2026/10/02 17:56:04.191, 18184, 100, 177.64, 2422, 12481, 51, P0
2026/10/02 17:56:04.391, 18184, 100, 177.44, 2422, 12481, 50, P0
2026/10/02 17:56:04.591, 18184, 100, 177.95, 2422, 12481, 51, P0
2026/10/02 17:56:04.791, 18184, 92, 174.14, 2422, 12481, 51, P0
2026/10/02 17:56:04.991, 18184, 100, 174.18, 2422, 12481, 51, P0
2026/10/02 17:56:05.192, 18184, 92, 176.41, 2422, 12481, 51, P0
2026/10/02 17:56:05.392, 18184, 100, 171.45, 2422, 12481, 51, P0
2026/10/02 17:56:05.593, 18184, 99, 170.39, 2422, 12481, 51, P0
2026/10/02 17:56:05.793, 18184, 100, 176.30, 2422, 12481, 50, P0
2026/10/02 17:56:05.993, 18184, 100, 175.62, 2422, 12481, 51, P0
2026/10/02 17:56:06.193, 18184, 96, 175.59, 2422, 12481, 50, P0
2026/10/02 17:56:06.393, 18184, 100, 181.02, 2422, 12481, 51, P0
2026/10/02 17:56:06.593, 18184, 92, 175.81, 2422, 12481, 51, P0
2026/10/02 17:56:06.794, 18184, 100, 177.17, 2422, 12481, 51, P0
2026/10/02 17:56:06.994, 18184, 92, 176.96, 2422, 12481, 51, P0
2026/10/02 17:56:07.194, 18184, 100, 171.53, 2422, 12481, 51, P0
2026/10/02 17:56:07.394, 18184, 99, 172.60, 2422, 12481, 51, P0
2026/10/02 17:56:07.594, 18184, 100, 176.66, 2422, 12481, 50, P0
2026/10/02 17:56:07.795, 18184, 100, 169.59, 2422, 12481, 51, P0
2026/10/02 17:56:07.995, 18184, 99, 170.93, 2422, 12481, 51, P0
2026/10/02 17:56:08.195, 18184, 100, 170.18, 2422, 12481, 50, P0
2026/10/02 17:56:08.395, 18184, 100, 175.20, 2422, 12481, 51, P0
2026/10/02 17:56:08.596, 18184, 92, 174.45, 2422, 12481, 51, P0
2026/10/02 17:56:08.796, 18184, 100, 174.15, 2422, 12481, 51, P0
2026/10/02 17:56:08.996, 18184, 96, 179.57, 2422, 12481, 51, P0
2026/10/02 17:56:09.196, 18184, 100, 174.09, 2422, 12481, 51, P0
2026/10/02 17:56:09.396, 18184, 100, 174.09, 2422, 12481, 51, P0
2026/10/02 17:56:09.596, 18184, 100, 175.22, 2422, 12481, 50, P0
2026/10/02 17:56:09.796, 18184, 100, 175.95, 2422, 12481, 51, P0
2026/10/02 17:56:09.996, 18184, 93, 171.36, 2422, 12481, 50, P0
2026/10/02 17:56:10.197, 18184, 100, 171.35, 2422, 12481, 51, P0
2026/10/02 17:56:10.397, 18184, 91, 175.43, 2422, 12481, 51, P0
2026/10/02 17:56:10.597, 18184, 100, 175.14, 2422, 12481, 51, P0
2026/10/02 17:56:10.797, 18184, 96, 175.28, 2422, 12481, 51, P0
2026/10/02 17:56:10.997, 18184, 100, 175.61, 2422, 12481, 51, P0
2026/10/02 17:56:11.197, 18184, 100, 175.60, 2422, 12481, 51, P0
2026/10/02 17:56:11.397, 18184, 100, 176.52, 2422, 12481, 50, P0
2026/10/02 17:56:11.597, 18184, 100, 173.07, 2422, 12481, 51, P0
2026/10/02 17:56:11.798, 18184, 98, 173.94, 2422, 12481, 51, P0
2026/10/02 17:56:11.998, 18184, 100, 172.12, 2422, 12481, 51, P0
2026/10/02 17:56:12.198, 18184, 100, 177.71, 2422, 12481, 51, P0
2026/10/02 17:56:12.399, 18184, 98, 177.68, 2422, 12481, 50, P0
2026/10/02 17:56:12.599, 18184, 100, 177.72, 2422, 12481, 51, P0
2026/10/02 17:56:12.799, 18184, 92, 175.80, 2422, 12481, 51, P0
2026/10/02 17:56:12.999, 18184, 100, 175.77, 2422, 12481, 51, P0
2026/10/02 17:56:13.199, 18184, 92, 176.34, 2422, 12481, 51, P0
2026/10/02 17:56:13.399, 18184, 100, 172.63, 2422, 12481, 51, P0
2026/10/02 17:56:13.599, 18184, 98, 171.66, 2422, 12481, 51, P0
2026/10/02 17:56:13.799, 18184, 100, 175.56, 2422, 12481, 51, P0
2026/10/02 17:56:14.000, 18184, 100, 175.55, 2422, 12481, 51, P0
2026/10/02 17:56:14.200, 18184, 100, 175.80, 2422, 12481, 50, P0
2026/10/02 17:56:14.400, 18184, 100, 176.46, 2422, 12481, 51, P0
2026/10/02 17:56:14.600, 18184, 92, 174.86, 2422, 12481, 50, P0
2026/10/02 17:56:14.801, 18184, 100, 174.90, 2422, 12481, 51, P0
2026/10/02 17:56:15.001, 18184, 92, 175.91, 2422, 12481, 51, P0
2026/10/02 17:56:15.201, 18184, 100, 174.64, 2422, 12481, 51, P0
2026/10/02 17:56:15.401, 18184, 98, 173.94, 2422, 12481, 51, P0
2026/10/02 17:56:15.601, 18184, 100, 176.01, 2422, 12481, 51, P0
2026/10/02 17:56:15.801, 18184, 100, 176.01, 2422, 12481, 51, P0
2026/10/02 17:56:16.001, 18184, 99, 177.15, 2422, 12481, 50, P0
2026/10/02 17:56:16.202, 18184, 100, 178.69, 2422, 12481, 51, P0
2026/10/02 17:56:16.402, 18184, 92, 172.25, 2422, 12481, 50, P0
2026/10/02 17:56:16.602, 18184, 100, 173.24, 2422, 12481, 51, P0
2026/10/02 17:56:16.802, 18184, 92, 177.08, 2422, 12481, 51, P0
2026/10/02 17:56:17.002, 18184, 100, 170.11, 2422, 12481, 51, P0
2026/10/02 17:56:17.203, 18184, 100, 170.11, 2422, 12481, 51, P0
2026/10/02 17:56:17.403, 18184, 100, 175.96, 2422, 12481, 50, P0
2026/10/02 17:56:17.603, 18184, 100, 176.62, 2422, 12481, 51, P0
2026/10/02 17:56:17.803, 18184, 94, 171.58, 2422, 12481, 50, P0
2026/10/02 17:56:18.003, 18184, 100, 172.62, 2422, 12481, 51, P0
2026/10/02 17:56:18.203, 18184, 92, 176.82, 2422, 12481, 51, P0
2026/10/02 17:56:18.403, 18184, 100, 176.83, 2422, 12481, 51, P0
2026/10/02 17:56:18.604, 18184, 91, 177.24, 2422, 12481, 51, P0
2026/10/02 17:56:18.804, 18184, 100, 176.74, 2422, 12481, 51, P0
2026/10/02 17:56:19.004, 18184, 100, 177.34, 2422, 12481, 51, P0
2026/10/02 17:56:19.204, 18184, 97, 178.85, 2422, 12481, 50, P0
2026/10/02 17:56:19.404, 18184, 100, 178.84, 2422, 12481, 51, P0
2026/10/02 17:56:19.604, 18184, 92, 172.19, 2422, 12481, 50, P0
2026/10/02 17:56:19.805, 18184, 100, 173.19, 2422, 12481, 51, P0
2026/10/02 17:56:20.005, 18184, 92, 176.98, 2422, 12481, 51, P0
2026/10/02 17:56:20.205, 18184, 100, 170.33, 2422, 12481, 51, P0
2026/10/02 17:56:20.405, 18184, 99, 170.33, 2422, 12481, 51, P0
2026/10/02 17:56:20.605, 18184, 100, 176.14, 2422, 12481, 50, P0
2026/10/02 17:56:20.805, 18184, 100, 176.13, 2422, 12481, 51, P0
2026/10/02 17:56:21.006, 18184, 94, 171.72, 2422, 12481, 50, P0
2026/10/02 17:56:21.206, 18184, 100, 172.74, 2422, 12481, 51, P0
2026/10/02 17:56:21.406, 18184, 92, 176.08, 2422, 12481, 50, P0
2026/10/02 17:56:21.606, 18184, 100, 176.08, 2422, 12481, 51, P0
2026/10/02 17:56:21.806, 18184, 87, 176.38, 2422, 12481, 51, P0
2026/10/02 17:56:22.007, 18184, 100, 174.05, 2422, 12481, 51, P0
2026/10/02 17:56:22.207, 18184, 100, 174.06, 2422, 12481, 51, P0
2026/10/02 17:56:22.407, 18184, 100, 176.37, 2422, 12481, 50, P0
2026/10/02 17:56:22.607, 18184, 100, 176.37, 2422, 12481, 51, P0
2026/10/02 17:56:22.808, 18184, 89, 171.62, 2422, 12481, 50, P0
2026/10/02 17:56:23.008, 18184, 100, 172.66, 2422, 12481, 51, P0
2026/10/02 17:56:23.208, 18184, 92, 178.18, 2422, 12481, 51, P0
2026/10/02 17:56:23.408, 18184, 100, 172.87, 2422, 12481, 51, P0
2026/10/02 17:56:23.608, 17160, 98, 173.05, 2422, 12481, 51, P0
2026/10/02 17:56:23.809, 53, 100, 170.77, 2422, 12481, 50, P0
