run,scope,kernel,function,calls,gpu_ms,blocks,threads,registers
nsys_all_include,cub::DeviceRadixSort,DeviceRadixSortSingleTileKernel,"void cub::CUB_300104_SM_1200::detail::radix_sort::DeviceRadixSortSingleTileKernel<cub::CUB_300104_SM_1200::detail::radix::policy_hub<double, int, unsigned long long>::Policy1000, (cub::CUB_300104_SM_1200::SortOrder)0, double, int, unsigned long long, cub::CUB_300104_SM_1200::detail::identity_decomposer_t>(const T3 *, T3 *, const T4 *, T4 *, T5, int, int, T6)",2,0.037312,[1],[256],[123]
nsys_all_include,cub::DeviceReduce::Reduce,DeviceReduceSingleTileKernel,"void cub::CUB_300104_SM_1200::detail::reduce::DeviceReduceSingleTileKernel<cub::CUB_300104_SM_1200::detail::reduce::policy_hub<int, unsigned int, cuda::std::__4::plus<int>>::Policy1000, int *, int *, unsigned int, cuda::std::__4::plus<int>, int, int, cuda::std::__4::identity>(T2, T3, T4, T5, T6, T8)",2,0.002336,[1],[256],[30]
nsys_all_include,incomplete:op.query,mergeTotalResult,"mergeTotalResult(int, int *, int *, int *, float *, Object, float *, int *, int)",1,0.083904,[4],[512],[34]
nsys_all_include,index.total,getPivotDis,"getPivotDis(float *, char *, int *, TN *, int *, double *, int *, int, int *, int *)",2,2.5276389999999997,"[1, 10]",[512],[39]
nsys_all_include,index.total,initIndexData,"initIndexData(int *, TN *, int *, int *, int *)",1,0.511678,[4],[512],[16]
nsys_all_include,index.total,nodeSplit,"nodeSplit(TN *, int *, double *, int *, int, int *, float *, int *, int *, char *, int *, float *)",2,2.004313,"[1, 10]",[512],[40]
nsys_all_include,thrust::inclusive_scan,DeviceScanInitKernel,"void cub::CUB_300104_SM_1200::detail::scan::DeviceScanInitKernel<cub::CUB_300104_SM_1200::ScanTileState<int, (bool)1>>(T1, int)",1,0.000864,[1],[128],[16]
nsys_all_include,thrust::inclusive_scan,DeviceScanKernel,"void cub::CUB_300104_SM_1200::detail::scan::DeviceScanKernel<cub::CUB_300104_SM_1200::detail::scan::policy_hub<int, int, int, unsigned int, cuda::std::__4::plus<void>>::Policy1000, int *, int *, cub::CUB_300104_SM_1200::ScanTileState<int, (bool)1>, cuda::std::__4::plus<void>, cub::CUB_300104_SM_1200::NullType, unsigned int, int, (bool)0, cub::CUB_300104_SM_1200::NullType>(T2, T3, T4, int, T5, T6, T7)",1,0.00272,[1],[384],[64]
nsys_all_include,update.query,collectLeafNodesSingleQuery,"collectLeafNodesSingleQuery(int *, int *, int *, int *, int *, int, int *)",1,0.995964,[1],[512],[28]
nsys_all_include,update.query,compactResultSingleQuery,"compactResultSingleQuery(int, int *, int *, float *, int *, int *, float *)",1,0.082496,[4],[512],[26]
nsys_all_include,update.query,findNextRnn,"findNextRnn(int *, int, TN *, float, float *, int *, int, int *, int *, int *, char *, int *, int, float *, int *)",2,1.069852,[1],[512],[40]
nsys_all_include,update.query,initQnode,"initQnode(int *, int, int *)",1,0.896157,[1],[512],[17]
nsys_all_include,update.query,initRes,"initRes(int *, int)",1,0.000896,[4],[512],[16]
nsys_all_include,update.query,leafProcessRnnUpdate,"leafProcessRnnUpdate(int *, TN *, int *, int *, float *, int *, int *, float *, int *, float, int *, int *, char *, int *, int *)",1,2.008889,[100],[512],[40]
nsys_all_include,update.query,updatePnodeFlag,"updatePnodeFlag(int *, int, int, int *, int *)",2,0.0026880000000000003,[1],[512],[20]
nsys_base_delete,cub::DeviceRadixSort,DeviceRadixSortSingleTileKernel,"void cub::CUB_300104_SM_1200::detail::radix_sort::DeviceRadixSortSingleTileKernel<cub::CUB_300104_SM_1200::detail::radix::policy_hub<double, int, unsigned long long>::Policy1000, (cub::CUB_300104_SM_1200::SortOrder)0, double, int, unsigned long long, cub::CUB_300104_SM_1200::detail::identity_decomposer_t>(const T3 *, T3 *, const T4 *, T4 *, T5, int, int, T6)",2,0.037248,[1],[256],[123]
nsys_base_delete,cub::DeviceReduce::Reduce,DeviceReduceSingleTileKernel,"void cub::CUB_300104_SM_1200::detail::reduce::DeviceReduceSingleTileKernel<cub::CUB_300104_SM_1200::detail::reduce::policy_hub<int, unsigned int, cuda::std::__4::plus<int>>::Policy1000, int *, int *, unsigned int, cuda::std::__4::plus<int>, int, int, cuda::std::__4::identity>(T2, T3, T4, T5, T6, T8)",2,0.002336,[1],[256],[30]
nsys_base_delete,index.total,getPivotDis,"getPivotDis(float *, char *, int *, TN *, int *, double *, int *, int, int *, int *)",2,2.571479,"[1, 10]",[512],[39]
nsys_base_delete,index.total,initIndexData,"initIndexData(int *, TN *, int *, int *, int *)",1,0.498782,[4],[512],[16]
nsys_base_delete,index.total,nodeSplit,"nodeSplit(TN *, int *, double *, int *, int, int *, float *, int *, int *, char *, int *, float *)",2,2.004856,"[1, 10]",[512],[40]
nsys_base_delete,op.query,mergeTotalResult,"mergeTotalResult(int, int *, int *, int *, float *, Object, float *, int *, int)",1,0.07664,[1],[512],[34]
nsys_base_delete,thrust::inclusive_scan,DeviceScanInitKernel,"void cub::CUB_300104_SM_1200::detail::scan::DeviceScanInitKernel<cub::CUB_300104_SM_1200::ScanTileState<int, (bool)1>>(T1, int)",2,0.001696,[1],[128],[16]
nsys_base_delete,thrust::inclusive_scan,DeviceScanKernel,"void cub::CUB_300104_SM_1200::detail::scan::DeviceScanKernel<cub::CUB_300104_SM_1200::detail::scan::policy_hub<int, int, int, unsigned int, cuda::std::__4::plus<void>>::Policy1000, int *, int *, cub::CUB_300104_SM_1200::ScanTileState<int, (bool)1>, cuda::std::__4::plus<void>, cub::CUB_300104_SM_1200::NullType, unsigned int, int, (bool)0, cub::CUB_300104_SM_1200::NullType>(T2, T3, T4, int, T5, T6, T7)",2,0.9367650000000001,[1],[384],[64]
nsys_base_delete,update.query,collectLeafNodesSingleQuery,"collectLeafNodesSingleQuery(int *, int *, int *, int *, int *, int, int *)",1,0.999548,[1],[512],[28]
nsys_base_delete,update.query,compactResultSingleQuery,"compactResultSingleQuery(int, int *, int *, float *, int *, int *, float *)",1,0.078368,[4],[512],[26]
nsys_base_delete,update.query,findNextRnn,"findNextRnn(int *, int, TN *, float, float *, int *, int, int *, int *, int *, char *, int *, int, float *, int *)",2,1.0726360000000001,[1],[512],[40]
nsys_base_delete,update.query,initQnode,"initQnode(int *, int, int *)",1,0.916861,[1],[512],[17]
nsys_base_delete,update.query,initRes,"initRes(int *, int)",1,0.000896,[4],[512],[16]
nsys_base_delete,update.query,leafProcessRnnUpdate,"leafProcessRnnUpdate(int *, TN *, int *, int *, float *, int *, int *, float *, int *, float, int *, int *, char *, int *, int *)",1,0.205055,[77],[512],[40]
nsys_base_delete,update.query,updatePnodeFlag,"updatePnodeFlag(int *, int, int, int *, int *)",2,0.002656,[1],[512],[20]
nsys_buffer_delete,cub::DeviceRadixSort,DeviceRadixSortSingleTileKernel,"void cub::CUB_300104_SM_1200::detail::radix_sort::DeviceRadixSortSingleTileKernel<cub::CUB_300104_SM_1200::detail::radix::policy_hub<double, int, unsigned long long>::Policy1000, (cub::CUB_300104_SM_1200::SortOrder)0, double, int, unsigned long long, cub::CUB_300104_SM_1200::detail::identity_decomposer_t>(const T3 *, T3 *, const T4 *, T4 *, T5, int, int, T6)",2,0.036863999999999994,[1],[256],[123]
nsys_buffer_delete,cub::DeviceReduce::Reduce,DeviceReduceSingleTileKernel,"void cub::CUB_300104_SM_1200::detail::reduce::DeviceReduceSingleTileKernel<cub::CUB_300104_SM_1200::detail::reduce::policy_hub<int, unsigned int, cuda::std::__4::plus<int>>::Policy1000, int *, int *, unsigned int, cuda::std::__4::plus<int>, int, int, cuda::std::__4::identity>(T2, T3, T4, T5, T6, T8)",2,0.0023680000000000003,[1],[256],[30]
nsys_buffer_delete,index.total,getPivotDis,"getPivotDis(float *, char *, int *, TN *, int *, double *, int *, int, int *, int *)",2,2.453719,"[1, 10]",[512],[39]
nsys_buffer_delete,index.total,initIndexData,"initIndexData(int *, TN *, int *, int *, int *)",1,0.55939,[4],[512],[16]
nsys_buffer_delete,index.total,nodeSplit,"nodeSplit(TN *, int *, double *, int *, int, int *, float *, int *, int *, char *, int *, float *)",2,1.99628,"[1, 10]",[512],[40]
nsys_buffer_delete,op.delete,mergeInResult,"mergeInResult(int, int *, int *, int *, int *)",1,0.00096,[1],[512],[18]
nsys_buffer_delete,thrust::inclusive_scan,DeviceScanInitKernel,"void cub::CUB_300104_SM_1200::detail::scan::DeviceScanInitKernel<cub::CUB_300104_SM_1200::ScanTileState<int, (bool)1>>(T1, int)",2,0.0017599999999999998,[1],[128],[16]
nsys_buffer_delete,thrust::inclusive_scan,DeviceScanKernel,"void cub::CUB_300104_SM_1200::detail::scan::DeviceScanKernel<cub::CUB_300104_SM_1200::detail::scan::policy_hub<int, int, int, unsigned int, cuda::std::__4::plus<void>>::Policy1000, int *, int *, cub::CUB_300104_SM_1200::ScanTileState<int, (bool)1>, cuda::std::__4::plus<void>, cub::CUB_300104_SM_1200::NullType, unsigned int, int, (bool)0, cub::CUB_300104_SM_1200::NullType>(T2, T3, T4, int, T5, T6, T7)",2,1.784346,[1],[384],[64]
nsys_buffer_query,cub::DeviceRadixSort,DeviceRadixSortSingleTileKernel,"void cub::CUB_300104_SM_1200::detail::radix_sort::DeviceRadixSortSingleTileKernel<cub::CUB_300104_SM_1200::detail::radix::policy_hub<double, int, unsigned long long>::Policy1000, (cub::CUB_300104_SM_1200::SortOrder)0, double, int, unsigned long long, cub::CUB_300104_SM_1200::detail::identity_decomposer_t>(const T3 *, T3 *, const T4 *, T4 *, T5, int, int, T6)",2,0.037248,[1],[256],[123]
nsys_buffer_query,cub::DeviceReduce::Reduce,DeviceReduceSingleTileKernel,"void cub::CUB_300104_SM_1200::detail::reduce::DeviceReduceSingleTileKernel<cub::CUB_300104_SM_1200::detail::reduce::policy_hub<int, unsigned int, cuda::std::__4::plus<int>>::Policy1000, int *, int *, unsigned int, cuda::std::__4::plus<int>, int, int, cuda::std::__4::identity>(T2, T3, T4, T5, T6, T8)",2,0.0024000000000000002,[1],[256],[30]
nsys_buffer_query,index.total,getPivotDis,"getPivotDis(float *, char *, int *, TN *, int *, double *, int *, int, int *, int *)",2,2.509207,"[1, 10]",[512],[39]
nsys_buffer_query,index.total,initIndexData,"initIndexData(int *, TN *, int *, int *, int *)",1,0.474398,[4],[512],[16]
nsys_buffer_query,index.total,nodeSplit,"nodeSplit(TN *, int *, double *, int *, int, int *, float *, int *, int *, char *, int *, float *)",2,1.994457,"[1, 10]",[512],[40]
nsys_buffer_query,op.query,mergeTotalResult,"mergeTotalResult(int, int *, int *, int *, float *, Object, float *, int *, int)",1,0.073504,[1],[512],[34]
nsys_buffer_query,query.buffer_scan,check,"check(int *, float *, float, int)",1,0.001056,[1],[512],[26]
nsys_buffer_query,query.buffer_scan,getRnn,"getRnn(int *, Object, Object, int)",1,0.042656,[1],[512],[28]
nsys_buffer_query,query.buffer_scan,searchD,"searchD(int *, float *, int, Object, int, int *)",1,0.117759,[1],[512],[36]
nsys_buffer_query,thrust::inclusive_scan,DeviceScanInitKernel,"void cub::CUB_300104_SM_1200::detail::scan::DeviceScanInitKernel<cub::CUB_300104_SM_1200::ScanTileState<int, (bool)1>>(T1, int)",1,0.000832,[1],[128],[16]
nsys_buffer_query,thrust::inclusive_scan,DeviceScanKernel,"void cub::CUB_300104_SM_1200::detail::scan::DeviceScanKernel<cub::CUB_300104_SM_1200::detail::scan::policy_hub<int, int, int, unsigned int, cuda::std::__4::plus<void>>::Policy1000, int *, int *, cub::CUB_300104_SM_1200::ScanTileState<int, (bool)1>, cuda::std::__4::plus<void>, cub::CUB_300104_SM_1200::NullType, unsigned int, int, (bool)0, cub::CUB_300104_SM_1200::NullType>(T2, T3, T4, int, T5, T6, T7)",1,0.059552,[1],[384],[64]
nsys_buffer_query,update.query,collectLeafNodesSingleQuery,"collectLeafNodesSingleQuery(int *, int *, int *, int *, int *, int, int *)",1,0.988157,[1],[512],[28]
nsys_buffer_query,update.query,compactResultSingleQuery,"compactResultSingleQuery(int, int *, int *, float *, int *, int *, float *)",1,0.075968,[4],[512],[26]
nsys_buffer_query,update.query,findNextRnn,"findNextRnn(int *, int, TN *, float, float *, int *, int, int *, int *, int *, char *, int *, int, float *, int *)",2,1.081468,[1],[512],[40]
nsys_buffer_query,update.query,initQnode,"initQnode(int *, int, int *)",1,0.756317,[1],[512],[17]
nsys_buffer_query,update.query,initRes,"initRes(int *, int)",1,0.000864,[4],[512],[16]
nsys_buffer_query,update.query,leafProcessRnnUpdate,"leafProcessRnnUpdate(int *, TN *, int *, int *, float *, int *, int *, float *, int *, float, int *, int *, char *, int *, int *)",1,0.112928,[77],[512],[40]
nsys_buffer_query,update.query,updatePnodeFlag,"updatePnodeFlag(int *, int, int, int *, int *)",2,0.0026880000000000003,[1],[512],[20]
nsys_direct_delete,cub::DeviceRadixSort,DeviceRadixSortSingleTileKernel,"void cub::CUB_300104_SM_1200::detail::radix_sort::DeviceRadixSortSingleTileKernel<cub::CUB_300104_SM_1200::detail::radix::policy_hub<double, int, unsigned long long>::Policy1000, (cub::CUB_300104_SM_1200::SortOrder)0, double, int, unsigned long long, cub::CUB_300104_SM_1200::detail::identity_decomposer_t>(const T3 *, T3 *, const T4 *, T4 *, T5, int, int, T6)",2,0.036831,[1],[256],[123]
nsys_direct_delete,cub::DeviceReduce::Reduce,DeviceReduceSingleTileKernel,"void cub::CUB_300104_SM_1200::detail::reduce::DeviceReduceSingleTileKernel<cub::CUB_300104_SM_1200::detail::reduce::policy_hub<int, unsigned int, cuda::std::__4::plus<int>>::Policy1000, int *, int *, unsigned int, cuda::std::__4::plus<int>, int, int, cuda::std::__4::identity>(T2, T3, T4, T5, T6, T8)",2,0.0023680000000000003,[1],[256],[30]
nsys_direct_delete,index.total,getPivotDis,"getPivotDis(float *, char *, int *, TN *, int *, double *, int *, int, int *, int *)",2,2.4126950000000003,"[1, 10]",[512],[39]
nsys_direct_delete,index.total,initIndexData,"initIndexData(int *, TN *, int *, int *, int *)",1,0.60243,[4],[512],[16]
nsys_direct_delete,index.total,nodeSplit,"nodeSplit(TN *, int *, double *, int *, int, int *, float *, int *, int *, char *, int *, float *)",2,1.9913210000000001,"[1, 10]",[512],[40]
nsys_direct_delete,op.query,mergeTotalResult,"mergeTotalResult(int, int *, int *, int *, float *, Object, float *, int *, int)",1,0.07712,[1],[512],[34]
nsys_direct_delete,thrust::inclusive_scan,DeviceScanInitKernel,"void cub::CUB_300104_SM_1200::detail::scan::DeviceScanInitKernel<cub::CUB_300104_SM_1200::ScanTileState<int, (bool)1>>(T1, int)",1,0.000864,[1],[128],[16]
nsys_direct_delete,thrust::inclusive_scan,DeviceScanKernel,"void cub::CUB_300104_SM_1200::detail::scan::DeviceScanKernel<cub::CUB_300104_SM_1200::detail::scan::policy_hub<int, int, int, unsigned int, cuda::std::__4::plus<void>>::Policy1000, int *, int *, cub::CUB_300104_SM_1200::ScanTileState<int, (bool)1>, cuda::std::__4::plus<void>, cub::CUB_300104_SM_1200::NullType, unsigned int, int, (bool)0, cub::CUB_300104_SM_1200::NullType>(T2, T3, T4, int, T5, T6, T7)",1,0.884893,[1],[384],[64]
nsys_direct_delete,update.query,collectLeafNodesSingleQuery,"collectLeafNodesSingleQuery(int *, int *, int *, int *, int *, int, int *)",1,0.991805,[1],[512],[28]
nsys_direct_delete,update.query,compactResultSingleQuery,"compactResultSingleQuery(int, int *, int *, float *, int *, int *, float *)",1,0.075615,[4],[512],[26]
nsys_direct_delete,update.query,findNextRnn,"findNextRnn(int *, int, TN *, float, float *, int *, int, int *, int *, int *, char *, int *, int, float *, int *)",2,1.0820759999999998,[1],[512],[40]
nsys_direct_delete,update.query,initQnode,"initQnode(int *, int, int *)",1,0.845437,[1],[512],[17]
nsys_direct_delete,update.query,initRes,"initRes(int *, int)",1,0.000896,[4],[512],[16]
nsys_direct_delete,update.query,leafProcessRnnUpdate,"leafProcessRnnUpdate(int *, TN *, int *, int *, float *, int *, int *, float *, int *, float, int *, int *, char *, int *, int *)",1,0.121823,[77],[512],[40]
nsys_direct_delete,update.query,updatePnodeFlag,"updatePnodeFlag(int *, int, int, int *, int *)",2,0.002656,[1],[512],[20]
nsys_direct_insert,cub::DeviceRadixSort,DeviceRadixSortSingleTileKernel,"void cub::CUB_300104_SM_1200::detail::radix_sort::DeviceRadixSortSingleTileKernel<cub::CUB_300104_SM_1200::detail::radix::policy_hub<double, int, unsigned long long>::Policy1000, (cub::CUB_300104_SM_1200::SortOrder)0, double, int, unsigned long long, cub::CUB_300104_SM_1200::detail::identity_decomposer_t>(const T3 *, T3 *, const T4 *, T4 *, T5, int, int, T6)",2,0.036896,[1],[256],[123]
nsys_direct_insert,cub::DeviceReduce::Reduce,DeviceReduceSingleTileKernel,"void cub::CUB_300104_SM_1200::detail::reduce::DeviceReduceSingleTileKernel<cub::CUB_300104_SM_1200::detail::reduce::policy_hub<int, unsigned int, cuda::std::__4::plus<int>>::Policy1000, int *, int *, unsigned int, cuda::std::__4::plus<int>, int, int, cuda::std::__4::identity>(T2, T3, T4, T5, T6, T8)",2,0.0023680000000000003,[1],[256],[30]
nsys_direct_insert,index.total,getPivotDis,"getPivotDis(float *, char *, int *, TN *, int *, double *, int *, int, int *, int *)",2,2.466134,"[1, 10]",[512],[39]
nsys_direct_insert,index.total,initIndexData,"initIndexData(int *, TN *, int *, int *, int *)",1,0.489278,[4],[512],[16]
nsys_direct_insert,index.total,nodeSplit,"nodeSplit(TN *, int *, double *, int *, int, int *, float *, int *, int *, char *, int *, float *)",2,1.9931770000000002,"[1, 10]",[512],[40]
nsys_direct_insert,op.query,mergeTotalResult,"mergeTotalResult(int, int *, int *, int *, float *, Object, float *, int *, int)",1,0.074559,[1],[512],[34]
nsys_direct_insert,thrust::inclusive_scan,DeviceScanInitKernel,"void cub::CUB_300104_SM_1200::detail::scan::DeviceScanInitKernel<cub::CUB_300104_SM_1200::ScanTileState<int, (bool)1>>(T1, int)",1,0.000864,[1],[128],[16]
nsys_direct_insert,thrust::inclusive_scan,DeviceScanKernel,"void cub::CUB_300104_SM_1200::detail::scan::DeviceScanKernel<cub::CUB_300104_SM_1200::detail::scan::policy_hub<int, int, int, unsigned int, cuda::std::__4::plus<void>>::Policy1000, int *, int *, cub::CUB_300104_SM_1200::ScanTileState<int, (bool)1>, cuda::std::__4::plus<void>, cub::CUB_300104_SM_1200::NullType, unsigned int, int, (bool)0, cub::CUB_300104_SM_1200::NullType>(T2, T3, T4, int, T5, T6, T7)",1,0.002688,[1],[384],[64]
nsys_direct_insert,update.query,collectLeafNodesSingleQuery,"collectLeafNodesSingleQuery(int *, int *, int *, int *, int *, int, int *)",1,0.995356,[1],[512],[28]
nsys_direct_insert,update.query,compactResultSingleQuery,"compactResultSingleQuery(int, int *, int *, float *, int *, int *, float *)",1,0.076831,[4],[512],[26]
nsys_direct_insert,update.query,findNextRnn,"findNextRnn(int *, int, TN *, float, float *, int *, int, int *, int *, int *, char *, int *, int, float *, int *)",2,1.0812119999999998,[1],[512],[40]
nsys_direct_insert,update.query,initQnode,"initQnode(int *, int, int *)",1,0.871677,[1],[512],[17]
nsys_direct_insert,update.query,initRes,"initRes(int *, int)",1,0.000896,[4],[512],[16]
nsys_direct_insert,update.query,leafProcessRnnUpdate,"leafProcessRnnUpdate(int *, TN *, int *, int *, float *, int *, int *, float *, int *, float, int *, int *, char *, int *, int *)",1,0.213567,[77],[512],[40]
nsys_direct_insert,update.query,updatePnodeFlag,"updatePnodeFlag(int *, int, int, int *, int *)",2,0.0026880000000000003,[1],[512],[20]
nsys_query_only,cub::DeviceRadixSort,DeviceRadixSortSingleTileKernel,"void cub::CUB_300104_SM_1200::detail::radix_sort::DeviceRadixSortSingleTileKernel<cub::CUB_300104_SM_1200::detail::radix::policy_hub<double, int, unsigned long long>::Policy1000, (cub::CUB_300104_SM_1200::SortOrder)0, double, int, unsigned long long, cub::CUB_300104_SM_1200::detail::identity_decomposer_t>(const T3 *, T3 *, const T4 *, T4 *, T5, int, int, T6)",2,0.037344,[1],[256],[123]
nsys_query_only,cub::DeviceReduce::Reduce,DeviceReduceSingleTileKernel,"void cub::CUB_300104_SM_1200::detail::reduce::DeviceReduceSingleTileKernel<cub::CUB_300104_SM_1200::detail::reduce::policy_hub<int, unsigned int, cuda::std::__4::plus<int>>::Policy1000, int *, int *, unsigned int, cuda::std::__4::plus<int>, int, int, cuda::std::__4::identity>(T2, T3, T4, T5, T6, T8)",2,0.002528,[1],[256],[30]
nsys_query_only,index.total,getPivotDis,"getPivotDis(float *, char *, int *, TN *, int *, double *, int *, int, int *, int *)",2,2.510711,"[1, 10]",[512],[39]
nsys_query_only,index.total,initIndexData,"initIndexData(int *, TN *, int *, int *, int *)",1,0.509214,[4],[512],[16]
nsys_query_only,index.total,nodeSplit,"nodeSplit(TN *, int *, double *, int *, int, int *, float *, int *, int *, char *, int *, float *)",2,1.9854319999999999,"[1, 10]",[512],[40]
nsys_query_only,op.query,mergeTotalResult,"mergeTotalResult(int, int *, int *, int *, float *, Object, float *, int *, int)",8,2.4660059999999997,[1],[512],[34]
nsys_query_only,thrust::inclusive_scan,DeviceScanInitKernel,"void cub::CUB_300104_SM_1200::detail::scan::DeviceScanInitKernel<cub::CUB_300104_SM_1200::ScanTileState<int, (bool)1>>(T1, int)",1,0.000864,[1],[128],[16]
nsys_query_only,thrust::inclusive_scan,DeviceScanKernel,"void cub::CUB_300104_SM_1200::detail::scan::DeviceScanKernel<cub::CUB_300104_SM_1200::detail::scan::policy_hub<int, int, int, unsigned int, cuda::std::__4::plus<void>>::Policy1000, int *, int *, cub::CUB_300104_SM_1200::ScanTileState<int, (bool)1>, cuda::std::__4::plus<void>, cub::CUB_300104_SM_1200::NullType, unsigned int, int, (bool)0, cub::CUB_300104_SM_1200::NullType>(T2, T3, T4, int, T5, T6, T7)",1,0.002688,[1],[384],[64]
nsys_query_only,update.query,collectLeafNodesSingleQuery,"collectLeafNodesSingleQuery(int *, int *, int *, int *, int *, int, int *)",8,2.887252,[1],[512],[28]
nsys_query_only,update.query,compactResultSingleQuery,"compactResultSingleQuery(int, int *, int *, float *, int *, int *, float *)",8,0.881405,[4],[512],[26]
nsys_query_only,update.query,findNextRnn,"findNextRnn(int *, int, TN *, float, float *, int *, int, int *, int *, int *, char *, int *, int, float *, int *)",16,2.299032,[1],[512],[40]
nsys_query_only,update.query,initQnode,"initQnode(int *, int, int *)",8,2.353782,[1],[512],[17]
nsys_query_only,update.query,initRes,"initRes(int *, int)",8,0.0072640000000000005,[4],[512],[16]
nsys_query_only,update.query,leafProcessRnnUpdate,"leafProcessRnnUpdate(int *, TN *, int *, int *, float *, int *, int *, float *, int *, float, int *, int *, char *, int *, int *)",8,4.710831000000001,[77],[512],[40]
nsys_query_only,update.query,updatePnodeFlag,"updatePnodeFlag(int *, int, int, int *, int *)",16,0.023232000000000006,[1],[512],[20]
nsys_rebuild,cub::DeviceRadixSort,DeviceRadixSortSingleTileKernel,"void cub::CUB_300104_SM_1200::detail::radix_sort::DeviceRadixSortSingleTileKernel<cub::CUB_300104_SM_1200::detail::radix::policy_hub<double, int, unsigned long long>::Policy1000, (cub::CUB_300104_SM_1200::SortOrder)0, double, int, unsigned long long, cub::CUB_300104_SM_1200::detail::identity_decomposer_t>(const T3 *, T3 *, const T4 *, T4 *, T5, int, int, T6)",5,0.091904,[1],[256],[123]
nsys_rebuild,cub::DeviceReduce::Reduce,DeviceReduceSingleTileKernel,"void cub::CUB_300104_SM_1200::detail::reduce::DeviceReduceSingleTileKernel<cub::CUB_300104_SM_1200::detail::reduce::policy_hub<int, unsigned int, cuda::std::__4::plus<int>>::Policy1000, int *, int *, unsigned int, cuda::std::__4::plus<int>, int, int, cuda::std::__4::identity>(T2, T3, T4, T5, T6, T8)",5,0.007648,[1],[256],[30]
nsys_rebuild,incomplete:op.query,mergeTotalResult,"mergeTotalResult(int, int *, int *, int *, float *, Object, float *, int *, int)",1,0.365983,[1],[512],[34]
nsys_rebuild,index.total,getPivotDis,"getPivotDis(float *, char *, int *, TN *, int *, double *, int *, int, int *, int *)",5,3.6791869999999998,"[1, 10, 100]",[512],[39]
nsys_rebuild,index.total,initIndexData,"initIndexData(int *, TN *, int *, int *, int *)",2,0.619933,"[4, 5]",[512],[16]
nsys_rebuild,index.total,nodeSplit,"nodeSplit(TN *, int *, double *, int *, int, int *, float *, int *, int *, char *, int *, float *)",5,2.858999,"[1, 10, 100]",[512],[40]
nsys_rebuild,op.insert,getNewData,"getNewData(float *, float *, float *, char *, char *, char *, int *, int *, int *, int *, int *, int, int *, int *, int)",1,0.250079,[5],[512],[22]
nsys_rebuild,thrust::inclusive_scan,DeviceScanInitKernel,"void cub::CUB_300104_SM_1200::detail::scan::DeviceScanInitKernel<cub::CUB_300104_SM_1200::ScanTileState<int, (bool)1>>(T1, int)",2,0.001728,[1],[128],[16]
nsys_rebuild,thrust::inclusive_scan,DeviceScanKernel,"void cub::CUB_300104_SM_1200::detail::scan::DeviceScanKernel<cub::CUB_300104_SM_1200::detail::scan::policy_hub<int, int, int, unsigned int, cuda::std::__4::plus<void>>::Policy1000, int *, int *, cub::CUB_300104_SM_1200::ScanTileState<int, (bool)1>, cuda::std::__4::plus<void>, cub::CUB_300104_SM_1200::NullType, unsigned int, int, (bool)0, cub::CUB_300104_SM_1200::NullType>(T2, T3, T4, int, T5, T6, T7)",2,0.7201569999999999,[1],[384],[64]
nsys_rebuild,update.query,collectLeafNodesSingleQuery,"collectLeafNodesSingleQuery(int *, int *, int *, int *, int *, int, int *)",1,0.052256,[3],[512],[28]
nsys_rebuild,update.query,compactResultSingleQuery,"compactResultSingleQuery(int, int *, int *, float *, int *, int *, float *)",1,0.043872,[8],[512],[26]
nsys_rebuild,update.query,findNextRnn,"findNextRnn(int *, int, TN *, float, float *, int *, int, int *, int *, int *, char *, int *, int, float *, int *)",3,0.47926199999999997,[1],[512],[40]
nsys_rebuild,update.query,initQnode,"initQnode(int *, int, int *)",1,0.055711,[3],[512],[17]
nsys_rebuild,update.query,initRes,"initRes(int *, int)",1,0.000896,[8],[512],[16]
nsys_rebuild,update.query,leafProcessRnnUpdate,"leafProcessRnnUpdate(int *, TN *, int *, int *, float *, int *, int *, float *, int *, float, int *, int *, char *, int *, int *)",1,0.405983,[198],[512],[40]
nsys_rebuild,update.query,updatePnodeFlag,"updatePnodeFlag(int *, int, int, int *, int *)",3,0.004384,[1],[512],[20]
