run,scope,api,calls,inclusive_host_ms
nsys_all_include,cub::DeviceRadixSort,cuKernelGetName,2,0.000525
nsys_all_include,cub::DeviceRadixSort,cudaLaunchKernel_v7000,2,0.035906
nsys_all_include,cub::DeviceReduce::Reduce,cuKernelGetName,2,0.000507
nsys_all_include,cub::DeviceReduce::Reduce,cudaLaunchKernel_v7000,2,0.049256
nsys_all_include,incomplete:main.total,cudaEventCreateWithFlags_v3020,2,0.011233
nsys_all_include,incomplete:main.total,cudaEventRecord_v3020,2,0.019858
nsys_all_include,incomplete:main.total,cudaEventSynchronize_v3020,1,0.004877
nsys_all_include,incomplete:main.total,cudaMallocManaged_v6000,1,0.015031
nsys_all_include,incomplete:main.total,cudaMemcpyToSymbol_v3020,5,0.038137
nsys_all_include,incomplete:op.query,cuKernelGetName,1,0.000266
nsys_all_include,incomplete:op.query,cudaDeviceSynchronize_v3020,1,0.08805
nsys_all_include,incomplete:op.query,cudaLaunchKernel_v7000,1,0.017446
nsys_all_include,incomplete:update.total,cudaDeviceSynchronize_v3020,2,0.007974
nsys_all_include,incomplete:update.total,cudaMallocManaged_v6000,7,0.039009
nsys_all_include,incomplete:update.total,cudaMalloc_v3020,3,0.018031
nsys_all_include,incomplete:update.total,cudaMemcpy_v3020,1,1.021979
nsys_all_include,incomplete:update.total,cudaMemset_v3020,1,0.696764
nsys_all_include,index.fix_leaf_flags,cudaMemcpy_v3020,2,0.025831
nsys_all_include,index.padding_total,cudaFree_v3020,1,0.005038
nsys_all_include,index.padding_total,cudaMalloc_v3020,1,0.004109
nsys_all_include,index.padding_total,cudaMemcpy_v3020,5,0.0576
nsys_all_include,index.total,cuKernelGetName,5,0.002049
nsys_all_include,index.total,cudaDeviceSynchronize_v3020,5,5.059724
nsys_all_include,index.total,cudaFree_v3020,4,0.033644
nsys_all_include,index.total,cudaLaunchKernel_v7000,5,24.076598
nsys_all_include,index.total,cudaMallocManaged_v6000,2,0.011401999999999999
nsys_all_include,index.total,cudaMalloc_v3020,7,0.19254
nsys_all_include,index.total,cudaMemset_v3020,3,0.016174
nsys_all_include,input.load,cuLibraryGetKernel,82,0.030797000000000005
nsys_all_include,input.load,cuLibraryGetManaged,6,0.0016269999999999998
nsys_all_include,input.load,cuLibraryLoadData,1,6.863965
nsys_all_include,input.load,cuModuleGetLoadingMode,1,0.005139
nsys_all_include,input.load,cudaMallocManaged_v6000,2,137.854217
nsys_all_include,query.result_workspace,cudaMallocManaged_v6000,2,0.011435
nsys_all_include,query.workspace,cudaMallocManaged_v6000,4,0.020364
nsys_all_include,query.workspace,cudaMalloc_v3020,10,0.048287
nsys_all_include,thrust::inclusive_scan,cuKernelGetName,2,0.000431
nsys_all_include,thrust::inclusive_scan,cudaFree_v3020,1,0.007908
nsys_all_include,thrust::inclusive_scan,cudaLaunchKernel_v7000,2,0.026657
nsys_all_include,thrust::inclusive_scan,cudaMalloc_v3020,1,0.005927
nsys_all_include,thrust::inclusive_scan,cudaStreamSynchronize_v3020,1,0.005043
nsys_all_include,thrust::reduce,cudaFree_v3020,2,0.013135999999999998
nsys_all_include,thrust::reduce,cudaMalloc_v3020,2,0.013574
nsys_all_include,thrust::reduce,cudaMemcpyAsync_v3020,2,0.044426
nsys_all_include,thrust::reduce,cudaStreamSynchronize_v3020,4,0.015632
nsys_all_include,thrust::sort_by_key,cudaFree_v3020,2,0.016084
nsys_all_include,thrust::sort_by_key,cudaMalloc_v3020,2,0.016228
nsys_all_include,thrust::sort_by_key,cudaMemcpyAsync_v3020,4,0.042288
nsys_all_include,thrust::sort_by_key,cudaStreamSynchronize_v3020,6,0.033571000000000004
nsys_all_include,update.delete_prefix,cudaDeviceSynchronize_v3020,1,0.001702
nsys_all_include,update.init_mirrors,cudaMemcpy_v3020,3,0.038691
nsys_all_include,update.query,cuKernelGetName,9,0.00225
nsys_all_include,update.query,cudaDeviceSynchronize_v3020,2,1.087174
nsys_all_include,update.query,cudaLaunchKernel_v7000,9,0.22866899999999998
nsys_all_include,update.query,cudaMallocManaged_v6000,2,0.009073000000000001
nsys_all_include,update.query,cudaMemset_v3020,3,4.189027
nsys_base_delete,cub::DeviceRadixSort,cuKernelGetName,2,0.000494
nsys_base_delete,cub::DeviceRadixSort,cudaLaunchKernel_v7000,2,0.031022
nsys_base_delete,cub::DeviceReduce::Reduce,cuKernelGetName,2,0.000507
nsys_base_delete,cub::DeviceReduce::Reduce,cudaLaunchKernel_v7000,2,0.04118
nsys_base_delete,index.fix_leaf_flags,cudaMemcpy_v3020,2,0.024293000000000002
nsys_base_delete,index.padding_total,cudaFree_v3020,1,0.004125
nsys_base_delete,index.padding_total,cudaMalloc_v3020,1,0.003319
nsys_base_delete,index.padding_total,cudaMemcpy_v3020,5,0.051605
nsys_base_delete,index.total,cuKernelGetName,5,0.001585
nsys_base_delete,index.total,cudaDeviceSynchronize_v3020,5,5.090788
nsys_base_delete,index.total,cudaFree_v3020,4,0.026559
nsys_base_delete,index.total,cudaLaunchKernel_v7000,5,19.879445000000004
nsys_base_delete,index.total,cudaMallocManaged_v6000,2,0.009011
nsys_base_delete,index.total,cudaMalloc_v3020,7,0.16354200000000002
nsys_base_delete,index.total,cudaMemset_v3020,3,0.015419
nsys_base_delete,input.load,cuLibraryGetKernel,82,0.027690999999999993
nsys_base_delete,input.load,cuLibraryGetManaged,6,0.0015229999999999998
nsys_base_delete,input.load,cuLibraryLoadData,1,5.552648
nsys_base_delete,input.load,cuModuleGetLoadingMode,1,0.00455
nsys_base_delete,input.load,cudaMallocManaged_v6000,2,127.016367
nsys_base_delete,main.total,cudaEventCreateWithFlags_v3020,2,0.009961
nsys_base_delete,main.total,cudaEventDestroy_v3020,2,0.001899
nsys_base_delete,main.total,cudaEventRecord_v3020,2,0.017749
nsys_base_delete,main.total,cudaEventSynchronize_v3020,1,0.003994
nsys_base_delete,main.total,cudaFree_v3020,12,3.1954890000000002
nsys_base_delete,main.total,cudaMallocManaged_v6000,1,0.011471
nsys_base_delete,main.total,cudaMemcpyToSymbol_v3020,5,0.030528
nsys_base_delete,op.query,cuKernelGetName,1,0.000252
nsys_base_delete,op.query,cudaDeviceSynchronize_v3020,1,0.080958
nsys_base_delete,op.query,cudaLaunchKernel_v7000,1,0.01527
nsys_base_delete,query.result_workspace,cudaMallocManaged_v6000,2,0.008956
nsys_base_delete,query.workspace,cudaMallocManaged_v6000,4,0.01865
nsys_base_delete,query.workspace,cudaMalloc_v3020,10,0.040794000000000004
nsys_base_delete,thrust::inclusive_scan,cuKernelGetName,4,0.000546
nsys_base_delete,thrust::inclusive_scan,cudaFree_v3020,2,0.011879
nsys_base_delete,thrust::inclusive_scan,cudaLaunchKernel_v7000,4,0.037302
nsys_base_delete,thrust::inclusive_scan,cudaMalloc_v3020,2,0.008551
nsys_base_delete,thrust::inclusive_scan,cudaStreamSynchronize_v3020,2,0.943551
nsys_base_delete,thrust::reduce,cudaFree_v3020,2,0.010629
nsys_base_delete,thrust::reduce,cudaMalloc_v3020,2,0.010908
nsys_base_delete,thrust::reduce,cudaMemcpyAsync_v3020,2,0.039937
nsys_base_delete,thrust::reduce,cudaStreamSynchronize_v3020,4,0.012620000000000001
nsys_base_delete,thrust::sort_by_key,cudaFree_v3020,2,0.013304999999999999
nsys_base_delete,thrust::sort_by_key,cudaMalloc_v3020,2,0.012995
nsys_base_delete,thrust::sort_by_key,cudaMemcpyAsync_v3020,4,0.036433
nsys_base_delete,thrust::sort_by_key,cudaStreamSynchronize_v3020,6,0.034734999999999995
nsys_base_delete,update.delete_prefix,cudaDeviceSynchronize_v3020,2,0.0031190000000000002
nsys_base_delete,update.init_mirrors,cudaMemcpy_v3020,3,0.033438999999999997
nsys_base_delete,update.query,cuKernelGetName,9,0.0018609999999999998
nsys_base_delete,update.query,cudaDeviceSynchronize_v3020,2,1.0855480000000002
nsys_base_delete,update.query,cudaLaunchKernel_v7000,9,0.175431
nsys_base_delete,update.query,cudaMallocManaged_v6000,2,0.009172
nsys_base_delete,update.query,cudaMemset_v3020,3,2.226715
nsys_base_delete,update.total,cudaDeviceSynchronize_v3020,2,0.006718
nsys_base_delete,update.total,cudaFree_v3020,26,0.146041
nsys_base_delete,update.total,cudaMallocManaged_v6000,7,0.030372000000000003
nsys_base_delete,update.total,cudaMalloc_v3020,3,0.013282
nsys_base_delete,update.total,cudaMemcpy_v3020,1,1.020232
nsys_base_delete,update.total,cudaMemset_v3020,1,0.737121
nsys_buffer_delete,cub::DeviceRadixSort,cuKernelGetName,2,0.000522
nsys_buffer_delete,cub::DeviceRadixSort,cudaLaunchKernel_v7000,2,0.039937
nsys_buffer_delete,cub::DeviceReduce::Reduce,cuKernelGetName,2,0.000458
nsys_buffer_delete,cub::DeviceReduce::Reduce,cudaLaunchKernel_v7000,2,0.048575
nsys_buffer_delete,index.fix_leaf_flags,cudaMemcpy_v3020,2,0.025889
nsys_buffer_delete,index.padding_total,cudaFree_v3020,1,0.005301
nsys_buffer_delete,index.padding_total,cudaMalloc_v3020,1,0.0042
nsys_buffer_delete,index.padding_total,cudaMemcpy_v3020,5,0.056525
nsys_buffer_delete,index.total,cuKernelGetName,5,0.0019089999999999999
nsys_buffer_delete,index.total,cudaDeviceSynchronize_v3020,5,5.022368999999999
nsys_buffer_delete,index.total,cudaFree_v3020,4,0.034559
nsys_buffer_delete,index.total,cudaLaunchKernel_v7000,5,23.608259
nsys_buffer_delete,index.total,cudaMallocManaged_v6000,2,0.012552
nsys_buffer_delete,index.total,cudaMalloc_v3020,7,0.207578
nsys_buffer_delete,index.total,cudaMemset_v3020,3,0.016507
nsys_buffer_delete,input.load,cuLibraryGetKernel,82,0.03214900000000001
nsys_buffer_delete,input.load,cuLibraryGetManaged,6,0.001934
nsys_buffer_delete,input.load,cuLibraryLoadData,1,7.145496
nsys_buffer_delete,input.load,cuModuleGetLoadingMode,1,0.00557
nsys_buffer_delete,input.load,cudaMallocManaged_v6000,2,137.482292
nsys_buffer_delete,main.total,cudaEventCreateWithFlags_v3020,2,0.008848
nsys_buffer_delete,main.total,cudaEventDestroy_v3020,2,0.002373
nsys_buffer_delete,main.total,cudaEventRecord_v3020,2,0.020419
nsys_buffer_delete,main.total,cudaEventSynchronize_v3020,1,0.004802
nsys_buffer_delete,main.total,cudaFree_v3020,12,4.004632
nsys_buffer_delete,main.total,cudaMallocManaged_v6000,1,0.017446
nsys_buffer_delete,main.total,cudaMemcpyToSymbol_v3020,5,0.035708
nsys_buffer_delete,op.delete,cuKernelGetName,1,0.000273
nsys_buffer_delete,op.delete,cudaDeviceSynchronize_v3020,1,0.005449
nsys_buffer_delete,op.delete,cudaLaunchKernel_v7000,1,0.02009
nsys_buffer_delete,op.delete,cudaMemcpy_v3020,1,0.015097
nsys_buffer_delete,op.delete,cudaMemset_v3020,1,1.021971
nsys_buffer_delete,thrust::inclusive_scan,cuKernelGetName,4,0.00072
nsys_buffer_delete,thrust::inclusive_scan,cudaFree_v3020,2,0.014218000000000001
nsys_buffer_delete,thrust::inclusive_scan,cudaLaunchKernel_v7000,4,0.048952
nsys_buffer_delete,thrust::inclusive_scan,cudaMalloc_v3020,2,0.013219
nsys_buffer_delete,thrust::inclusive_scan,cudaStreamSynchronize_v3020,2,1.790289
nsys_buffer_delete,thrust::reduce,cudaFree_v3020,2,0.012497999999999999
nsys_buffer_delete,thrust::reduce,cudaMalloc_v3020,2,0.016125
nsys_buffer_delete,thrust::reduce,cudaMemcpyAsync_v3020,2,0.047488999999999996
nsys_buffer_delete,thrust::reduce,cudaStreamSynchronize_v3020,4,0.011847
nsys_buffer_delete,thrust::sort_by_key,cudaFree_v3020,2,0.016535
nsys_buffer_delete,thrust::sort_by_key,cudaMalloc_v3020,2,0.018249
nsys_buffer_delete,thrust::sort_by_key,cudaMemcpyAsync_v3020,4,0.042161000000000004
nsys_buffer_delete,thrust::sort_by_key,cudaStreamSynchronize_v3020,6,0.032411999999999996
nsys_buffer_delete,update.delete_direct,cudaMemcpy_v3020,3,0.024551
nsys_buffer_delete,update.delete_prefix,cudaDeviceSynchronize_v3020,1,0.00201
nsys_buffer_delete,update.init_mirrors,cudaMemcpy_v3020,3,0.03759
nsys_buffer_delete,update.insert_total,cudaMemcpy_v3020,128,0.7325069999999998
nsys_buffer_delete,update.total,cudaDeviceSynchronize_v3020,2,0.007847
nsys_buffer_delete,update.total,cudaFree_v3020,9,0.073117
nsys_buffer_delete,update.total,cudaMallocManaged_v6000,7,0.039751999999999996
nsys_buffer_delete,update.total,cudaMalloc_v3020,3,0.019351
nsys_buffer_delete,update.total,cudaMemcpy_v3020,1,1.024983
nsys_buffer_delete,update.total,cudaMemset_v3020,1,0.706696
nsys_buffer_query,cub::DeviceRadixSort,cuKernelGetName,2,0.000847
nsys_buffer_query,cub::DeviceRadixSort,cudaLaunchKernel_v7000,2,0.041091
nsys_buffer_query,cub::DeviceReduce::Reduce,cuKernelGetName,2,0.000428
nsys_buffer_query,cub::DeviceReduce::Reduce,cudaLaunchKernel_v7000,2,0.049063
nsys_buffer_query,index.fix_leaf_flags,cudaMemcpy_v3020,2,0.026124
nsys_buffer_query,index.padding_total,cudaFree_v3020,1,0.005238
nsys_buffer_query,index.padding_total,cudaMalloc_v3020,1,0.004417
nsys_buffer_query,index.padding_total,cudaMemcpy_v3020,5,0.058826
nsys_buffer_query,index.total,cuKernelGetName,5,0.001893
nsys_buffer_query,index.total,cudaDeviceSynchronize_v3020,5,4.993429000000001
nsys_buffer_query,index.total,cudaFree_v3020,4,0.032733
nsys_buffer_query,index.total,cudaLaunchKernel_v7000,5,24.187897999999997
nsys_buffer_query,index.total,cudaMallocManaged_v6000,2,0.013163999999999999
nsys_buffer_query,index.total,cudaMalloc_v3020,7,0.184033
nsys_buffer_query,index.total,cudaMemset_v3020,3,0.018883
nsys_buffer_query,input.load,cuLibraryGetKernel,82,0.031330999999999984
nsys_buffer_query,input.load,cuLibraryGetManaged,6,0.001734
nsys_buffer_query,input.load,cuLibraryLoadData,1,7.329829
nsys_buffer_query,input.load,cuModuleGetLoadingMode,1,0.005781
nsys_buffer_query,input.load,cudaMallocManaged_v6000,2,137.37957400000002
nsys_buffer_query,main.total,cudaEventCreateWithFlags_v3020,2,0.009821
nsys_buffer_query,main.total,cudaEventDestroy_v3020,2,0.00241
nsys_buffer_query,main.total,cudaEventRecord_v3020,2,0.018882
nsys_buffer_query,main.total,cudaEventSynchronize_v3020,1,0.004868
nsys_buffer_query,main.total,cudaFree_v3020,12,4.356976
nsys_buffer_query,main.total,cudaMallocManaged_v6000,1,0.015859
nsys_buffer_query,main.total,cudaMemcpyToSymbol_v3020,5,0.03851
nsys_buffer_query,op.query,cuKernelGetName,1,0.000199
nsys_buffer_query,op.query,cudaDeviceSynchronize_v3020,1,0.077664
nsys_buffer_query,op.query,cudaLaunchKernel_v7000,1,0.016576
nsys_buffer_query,query.buffer_scan,cuKernelGetName,3,0.0008849999999999999
nsys_buffer_query,query.buffer_scan,cudaDeviceSynchronize_v3020,3,0.174947
nsys_buffer_query,query.buffer_scan,cudaLaunchKernel_v7000,3,0.081386
nsys_buffer_query,query.buffer_scan,cudaMalloc_v3020,3,0.019878999999999997
nsys_buffer_query,query.buffer_scan,cudaMemcpy_v3020,2,0.021574
nsys_buffer_query,query.result_workspace,cudaMallocManaged_v6000,2,0.013552000000000002
nsys_buffer_query,query.workspace,cudaMallocManaged_v6000,4,0.025817
nsys_buffer_query,query.workspace,cudaMalloc_v3020,10,0.06867
nsys_buffer_query,thrust::inclusive_scan,cuKernelGetName,2,0.001162
nsys_buffer_query,thrust::inclusive_scan,cudaFree_v3020,1,0.007357
nsys_buffer_query,thrust::inclusive_scan,cudaLaunchKernel_v7000,2,0.025213
nsys_buffer_query,thrust::inclusive_scan,cudaMalloc_v3020,1,0.006007
nsys_buffer_query,thrust::inclusive_scan,cudaStreamSynchronize_v3020,1,0.06264
nsys_buffer_query,thrust::reduce,cudaFree_v3020,2,0.012946000000000001
nsys_buffer_query,thrust::reduce,cudaMalloc_v3020,2,0.014678
nsys_buffer_query,thrust::reduce,cudaMemcpyAsync_v3020,2,0.05227
nsys_buffer_query,thrust::reduce,cudaStreamSynchronize_v3020,4,0.01506
nsys_buffer_query,thrust::sort_by_key,cudaFree_v3020,2,0.015368
nsys_buffer_query,thrust::sort_by_key,cudaMalloc_v3020,2,0.018408
nsys_buffer_query,thrust::sort_by_key,cudaMemcpyAsync_v3020,4,0.041589
nsys_buffer_query,thrust::sort_by_key,cudaStreamSynchronize_v3020,6,0.03448299999999999
nsys_buffer_query,update.delete_prefix,cudaDeviceSynchronize_v3020,1,0.001855
nsys_buffer_query,update.init_mirrors,cudaMemcpy_v3020,3,0.039192
nsys_buffer_query,update.insert_total,cudaMemcpy_v3020,128,0.7338600000000002
nsys_buffer_query,update.query,cuKernelGetName,9,0.0024089999999999997
nsys_buffer_query,update.query,cudaDeviceSynchronize_v3020,2,1.072746
nsys_buffer_query,update.query,cudaLaunchKernel_v7000,9,0.258523
nsys_buffer_query,update.query,cudaMallocManaged_v6000,2,0.013621
nsys_buffer_query,update.query,cudaMemset_v3020,3,1.932984
nsys_buffer_query,update.total,cudaDeviceSynchronize_v3020,2,0.0077410000000000005
nsys_buffer_query,update.total,cudaFree_v3020,26,0.186935
nsys_buffer_query,update.total,cudaMallocManaged_v6000,7,0.044107
nsys_buffer_query,update.total,cudaMalloc_v3020,3,0.020017
nsys_buffer_query,update.total,cudaMemcpy_v3020,1,1.01935
nsys_buffer_query,update.total,cudaMemset_v3020,1,0.679076
nsys_direct_delete,cub::DeviceRadixSort,cuKernelGetName,2,0.000629
nsys_direct_delete,cub::DeviceRadixSort,cudaLaunchKernel_v7000,2,0.037416
nsys_direct_delete,cub::DeviceReduce::Reduce,cuKernelGetName,2,0.000696
nsys_direct_delete,cub::DeviceReduce::Reduce,cudaLaunchKernel_v7000,2,0.050102999999999995
nsys_direct_delete,index.fix_leaf_flags,cudaMemcpy_v3020,2,0.023889
nsys_direct_delete,index.padding_total,cudaFree_v3020,1,0.005525
nsys_direct_delete,index.padding_total,cudaMalloc_v3020,1,0.004348
nsys_direct_delete,index.padding_total,cudaMemcpy_v3020,5,0.05301
nsys_direct_delete,index.total,cuKernelGetName,5,0.001853
nsys_direct_delete,index.total,cudaDeviceSynchronize_v3020,5,5.0214240000000006
nsys_direct_delete,index.total,cudaFree_v3020,4,0.033053
nsys_direct_delete,index.total,cudaLaunchKernel_v7000,5,23.908428999999998
nsys_direct_delete,index.total,cudaMallocManaged_v6000,2,0.012809000000000001
nsys_direct_delete,index.total,cudaMalloc_v3020,7,0.20392100000000002
nsys_direct_delete,index.total,cudaMemset_v3020,3,0.018968
nsys_direct_delete,input.load,cuLibraryGetKernel,82,0.031471
nsys_direct_delete,input.load,cuLibraryGetManaged,6,0.001689
nsys_direct_delete,input.load,cuLibraryLoadData,1,6.472128
nsys_direct_delete,input.load,cuModuleGetLoadingMode,1,0.006083
nsys_direct_delete,input.load,cudaMallocManaged_v6000,2,138.232323
nsys_direct_delete,main.total,cudaEventCreateWithFlags_v3020,2,0.012071
nsys_direct_delete,main.total,cudaEventDestroy_v3020,2,0.002163
nsys_direct_delete,main.total,cudaEventRecord_v3020,2,0.02024
nsys_direct_delete,main.total,cudaEventSynchronize_v3020,1,0.003958
nsys_direct_delete,main.total,cudaFree_v3020,12,4.118949000000001
nsys_direct_delete,main.total,cudaMallocManaged_v6000,1,0.015371
nsys_direct_delete,main.total,cudaMemcpyToSymbol_v3020,5,0.036314
nsys_direct_delete,op.query,cuKernelGetName,1,0.00033
nsys_direct_delete,op.query,cudaDeviceSynchronize_v3020,1,0.081559
nsys_direct_delete,op.query,cudaLaunchKernel_v7000,1,0.01912
nsys_direct_delete,query.result_workspace,cudaMallocManaged_v6000,2,0.012733999999999999
nsys_direct_delete,query.workspace,cudaMallocManaged_v6000,4,0.027435
nsys_direct_delete,query.workspace,cudaMalloc_v3020,10,0.057560999999999994
nsys_direct_delete,thrust::inclusive_scan,cuKernelGetName,2,0.000384
nsys_direct_delete,thrust::inclusive_scan,cudaFree_v3020,1,0.007742
nsys_direct_delete,thrust::inclusive_scan,cudaLaunchKernel_v7000,2,0.03623
nsys_direct_delete,thrust::inclusive_scan,cudaMalloc_v3020,1,0.006264
nsys_direct_delete,thrust::inclusive_scan,cudaStreamSynchronize_v3020,1,0.887751
nsys_direct_delete,thrust::reduce,cudaFree_v3020,2,0.012877
nsys_direct_delete,thrust::reduce,cudaMalloc_v3020,2,0.015439999999999999
nsys_direct_delete,thrust::reduce,cudaMemcpyAsync_v3020,2,0.046598
nsys_direct_delete,thrust::reduce,cudaStreamSynchronize_v3020,4,0.013160999999999999
nsys_direct_delete,thrust::sort_by_key,cudaFree_v3020,2,0.015215
nsys_direct_delete,thrust::sort_by_key,cudaMalloc_v3020,2,0.018172
nsys_direct_delete,thrust::sort_by_key,cudaMemcpyAsync_v3020,4,0.043127
nsys_direct_delete,thrust::sort_by_key,cudaStreamSynchronize_v3020,6,0.033872
nsys_direct_delete,update.delete_direct,cudaMemcpy_v3020,3,0.025741
nsys_direct_delete,update.delete_prefix,cudaDeviceSynchronize_v3020,1,0.002065
nsys_direct_delete,update.init_mirrors,cudaMemcpy_v3020,3,0.034033
nsys_direct_delete,update.insert_total,cudaMemcpy_v3020,2,0.015392
nsys_direct_delete,update.query,cuKernelGetName,9,0.0022649999999999997
nsys_direct_delete,update.query,cudaDeviceSynchronize_v3020,2,1.07516
nsys_direct_delete,update.query,cudaLaunchKernel_v7000,9,0.23521699999999998
nsys_direct_delete,update.query,cudaMallocManaged_v6000,2,0.011966000000000001
nsys_direct_delete,update.query,cudaMemset_v3020,3,2.0365
nsys_direct_delete,update.total,cudaDeviceSynchronize_v3020,2,0.006176
nsys_direct_delete,update.total,cudaFree_v3020,26,0.18621200000000004
nsys_direct_delete,update.total,cudaMallocManaged_v6000,7,0.042794000000000006
nsys_direct_delete,update.total,cudaMalloc_v3020,3,0.018074
nsys_direct_delete,update.total,cudaMemcpy_v3020,1,1.020561
nsys_direct_delete,update.total,cudaMemset_v3020,1,0.699011
nsys_direct_insert,cub::DeviceRadixSort,cuKernelGetName,2,0.000632
nsys_direct_insert,cub::DeviceRadixSort,cudaLaunchKernel_v7000,2,0.036681
nsys_direct_insert,cub::DeviceReduce::Reduce,cuKernelGetName,2,0.000452
nsys_direct_insert,cub::DeviceReduce::Reduce,cudaLaunchKernel_v7000,2,0.04694
nsys_direct_insert,index.fix_leaf_flags,cudaMemcpy_v3020,2,0.025960999999999998
nsys_direct_insert,index.padding_total,cudaFree_v3020,1,0.005483
nsys_direct_insert,index.padding_total,cudaMalloc_v3020,1,0.004294
nsys_direct_insert,index.padding_total,cudaMemcpy_v3020,5,0.055876
nsys_direct_insert,index.total,cuKernelGetName,5,0.0019039999999999999
nsys_direct_insert,index.total,cudaDeviceSynchronize_v3020,5,4.961219
nsys_direct_insert,index.total,cudaFree_v3020,4,0.032854
nsys_direct_insert,index.total,cudaLaunchKernel_v7000,5,23.837321
nsys_direct_insert,index.total,cudaMallocManaged_v6000,2,0.010801
nsys_direct_insert,index.total,cudaMalloc_v3020,7,0.18912100000000004
nsys_direct_insert,index.total,cudaMemset_v3020,3,0.014683
nsys_direct_insert,input.load,cuLibraryGetKernel,82,0.03134500000000001
nsys_direct_insert,input.load,cuLibraryGetManaged,6,0.00181
nsys_direct_insert,input.load,cuLibraryLoadData,1,6.998174
nsys_direct_insert,input.load,cuModuleGetLoadingMode,1,0.005934
nsys_direct_insert,input.load,cudaMallocManaged_v6000,2,137.651168
nsys_direct_insert,main.total,cudaEventCreateWithFlags_v3020,2,0.011772
nsys_direct_insert,main.total,cudaEventDestroy_v3020,2,0.002156
nsys_direct_insert,main.total,cudaEventRecord_v3020,2,0.019756
nsys_direct_insert,main.total,cudaEventSynchronize_v3020,1,0.00498
nsys_direct_insert,main.total,cudaFree_v3020,12,4.187838999999999
nsys_direct_insert,main.total,cudaMallocManaged_v6000,1,0.012708
nsys_direct_insert,main.total,cudaMemcpyToSymbol_v3020,5,0.037035
nsys_direct_insert,op.query,cuKernelGetName,1,0.000185
nsys_direct_insert,op.query,cudaDeviceSynchronize_v3020,1,0.078483
nsys_direct_insert,op.query,cudaLaunchKernel_v7000,1,0.016812
nsys_direct_insert,query.result_workspace,cudaMallocManaged_v6000,2,0.011946
nsys_direct_insert,query.workspace,cudaMallocManaged_v6000,4,0.020821
nsys_direct_insert,query.workspace,cudaMalloc_v3020,10,0.049551000000000005
nsys_direct_insert,thrust::inclusive_scan,cuKernelGetName,2,0.000398
nsys_direct_insert,thrust::inclusive_scan,cudaFree_v3020,1,0.008083
nsys_direct_insert,thrust::inclusive_scan,cudaLaunchKernel_v7000,2,0.025306000000000002
nsys_direct_insert,thrust::inclusive_scan,cudaMalloc_v3020,1,0.00607
nsys_direct_insert,thrust::inclusive_scan,cudaStreamSynchronize_v3020,1,0.005259
nsys_direct_insert,thrust::reduce,cudaFree_v3020,2,0.013257000000000001
nsys_direct_insert,thrust::reduce,cudaMalloc_v3020,2,0.01353
nsys_direct_insert,thrust::reduce,cudaMemcpyAsync_v3020,2,0.04389799999999999
nsys_direct_insert,thrust::reduce,cudaStreamSynchronize_v3020,4,0.014384999999999998
nsys_direct_insert,thrust::sort_by_key,cudaFree_v3020,2,0.014335
nsys_direct_insert,thrust::sort_by_key,cudaMalloc_v3020,2,0.016929
nsys_direct_insert,thrust::sort_by_key,cudaMemcpyAsync_v3020,4,0.04254
nsys_direct_insert,thrust::sort_by_key,cudaStreamSynchronize_v3020,6,0.028297
nsys_direct_insert,update.delete_prefix,cudaDeviceSynchronize_v3020,1,0.001739
nsys_direct_insert,update.init_mirrors,cudaMemcpy_v3020,3,0.037357
nsys_direct_insert,update.insert_total,cudaMemcpy_v3020,2,0.014317999999999999
nsys_direct_insert,update.query,cuKernelGetName,9,0.0023910000000000003
nsys_direct_insert,update.query,cudaDeviceSynchronize_v3020,2,1.081133
nsys_direct_insert,update.query,cudaLaunchKernel_v7000,9,0.23422300000000001
nsys_direct_insert,update.query,cudaMallocManaged_v6000,2,0.011238999999999999
nsys_direct_insert,update.query,cudaMemset_v3020,3,2.162322
nsys_direct_insert,update.total,cudaDeviceSynchronize_v3020,2,0.008278
nsys_direct_insert,update.total,cudaFree_v3020,26,0.187932
nsys_direct_insert,update.total,cudaMallocManaged_v6000,7,0.038743
nsys_direct_insert,update.total,cudaMalloc_v3020,3,0.017796
nsys_direct_insert,update.total,cudaMemcpy_v3020,1,1.025375
nsys_direct_insert,update.total,cudaMemset_v3020,1,0.695893
nsys_query_only,cub::DeviceRadixSort,cuKernelGetName,2,0.00062
nsys_query_only,cub::DeviceRadixSort,cudaLaunchKernel_v7000,2,0.038125
nsys_query_only,cub::DeviceReduce::Reduce,cuKernelGetName,2,0.00048499999999999997
nsys_query_only,cub::DeviceReduce::Reduce,cudaLaunchKernel_v7000,2,0.053475999999999996
nsys_query_only,index.fix_leaf_flags,cudaMemcpy_v3020,2,0.025189
nsys_query_only,index.padding_total,cudaFree_v3020,1,0.005273
nsys_query_only,index.padding_total,cudaMalloc_v3020,1,0.004745
nsys_query_only,index.padding_total,cudaMemcpy_v3020,5,0.057017
nsys_query_only,index.total,cuKernelGetName,5,0.0020540000000000003
nsys_query_only,index.total,cudaDeviceSynchronize_v3020,5,5.0168230000000005
nsys_query_only,index.total,cudaFree_v3020,4,0.033451
nsys_query_only,index.total,cudaLaunchKernel_v7000,5,23.761149000000003
nsys_query_only,index.total,cudaMallocManaged_v6000,2,0.013796
nsys_query_only,index.total,cudaMalloc_v3020,7,0.19901599999999997
nsys_query_only,index.total,cudaMemset_v3020,3,0.018031
nsys_query_only,input.load,cuLibraryGetKernel,82,0.030408999999999988
nsys_query_only,input.load,cuLibraryGetManaged,6,0.00198
nsys_query_only,input.load,cuLibraryLoadData,1,6.797972
nsys_query_only,input.load,cuModuleGetLoadingMode,1,0.00618
nsys_query_only,input.load,cudaMallocManaged_v6000,2,137.810224
nsys_query_only,main.total,cudaEventCreateWithFlags_v3020,2,0.011757
nsys_query_only,main.total,cudaEventDestroy_v3020,2,0.002368
nsys_query_only,main.total,cudaEventRecord_v3020,2,0.022289
nsys_query_only,main.total,cudaEventSynchronize_v3020,1,0.005193
nsys_query_only,main.total,cudaFree_v3020,12,4.191867000000001
nsys_query_only,main.total,cudaMallocManaged_v6000,1,0.014579
nsys_query_only,main.total,cudaMemcpyToSymbol_v3020,5,0.037714
nsys_query_only,op.query,cuKernelGetName,8,0.001613
nsys_query_only,op.query,cudaDeviceSynchronize_v3020,8,2.496612
nsys_query_only,op.query,cudaLaunchKernel_v7000,8,0.050979
nsys_query_only,query.result_workspace,cudaMallocManaged_v6000,2,0.013132999999999999
nsys_query_only,query.workspace,cudaMallocManaged_v6000,4,0.022526
nsys_query_only,query.workspace,cudaMalloc_v3020,10,0.05247199999999999
nsys_query_only,thrust::inclusive_scan,cuKernelGetName,2,0.000451
nsys_query_only,thrust::inclusive_scan,cudaFree_v3020,1,0.007691
nsys_query_only,thrust::inclusive_scan,cudaLaunchKernel_v7000,2,0.025917
nsys_query_only,thrust::inclusive_scan,cudaMalloc_v3020,1,0.00612
nsys_query_only,thrust::inclusive_scan,cudaStreamSynchronize_v3020,1,0.005809
nsys_query_only,thrust::reduce,cudaFree_v3020,2,0.013301
nsys_query_only,thrust::reduce,cudaMalloc_v3020,2,0.014932
nsys_query_only,thrust::reduce,cudaMemcpyAsync_v3020,2,0.04629
nsys_query_only,thrust::reduce,cudaStreamSynchronize_v3020,4,0.015104
nsys_query_only,thrust::sort_by_key,cudaFree_v3020,2,0.016327
nsys_query_only,thrust::sort_by_key,cudaMalloc_v3020,2,0.017192
nsys_query_only,thrust::sort_by_key,cudaMemcpyAsync_v3020,4,0.043774
nsys_query_only,thrust::sort_by_key,cudaStreamSynchronize_v3020,6,0.033976
nsys_query_only,update.delete_prefix,cudaDeviceSynchronize_v3020,1,0.001928
nsys_query_only,update.init_mirrors,cudaMemcpy_v3020,3,0.036839000000000004
nsys_query_only,update.query,cuKernelGetName,72,0.011321999999999995
nsys_query_only,update.query,cudaDeviceSynchronize_v3020,16,3.840123
nsys_query_only,update.query,cudaLaunchKernel_v7000,72,0.5359289999999999
nsys_query_only,update.query,cudaMallocManaged_v6000,2,0.010617000000000001
nsys_query_only,update.query,cudaMemset_v3020,24,9.946263
nsys_query_only,update.total,cudaDeviceSynchronize_v3020,2,0.007783
nsys_query_only,update.total,cudaFree_v3020,26,0.19480099999999997
nsys_query_only,update.total,cudaMallocManaged_v6000,7,0.043987000000000005
nsys_query_only,update.total,cudaMalloc_v3020,3,0.017978
nsys_query_only,update.total,cudaMemcpy_v3020,1,1.017112
nsys_query_only,update.total,cudaMemset_v3020,1,0.675857
nsys_rebuild,cub::DeviceRadixSort,cuKernelGetName,5,0.0011459999999999999
nsys_rebuild,cub::DeviceRadixSort,cudaLaunchKernel_v7000,5,0.053211
nsys_rebuild,cub::DeviceReduce::Reduce,cuKernelGetName,5,0.0008179999999999999
nsys_rebuild,cub::DeviceReduce::Reduce,cudaLaunchKernel_v7000,5,0.061089000000000004
nsys_rebuild,incomplete:main.total,cudaEventCreateWithFlags_v3020,2,0.013012999999999999
nsys_rebuild,incomplete:main.total,cudaEventRecord_v3020,2,0.020139
nsys_rebuild,incomplete:main.total,cudaEventSynchronize_v3020,1,0.004844
nsys_rebuild,incomplete:main.total,cudaMallocManaged_v6000,1,0.017088
nsys_rebuild,incomplete:main.total,cudaMemcpyToSymbol_v3020,5,0.038357999999999996
nsys_rebuild,incomplete:op.query,cuKernelGetName,1,0.000294
nsys_rebuild,incomplete:op.query,cudaDeviceSynchronize_v3020,1,0.369952
nsys_rebuild,incomplete:op.query,cudaLaunchKernel_v7000,1,0.017902
nsys_rebuild,incomplete:update.total,cudaDeviceSynchronize_v3020,2,0.007943
nsys_rebuild,incomplete:update.total,cudaMallocManaged_v6000,7,0.044911
nsys_rebuild,incomplete:update.total,cudaMalloc_v3020,3,0.019097999999999997
nsys_rebuild,incomplete:update.total,cudaMemcpy_v3020,1,1.018939
nsys_rebuild,incomplete:update.total,cudaMemset_v3020,1,0.681147
nsys_rebuild,index.fix_leaf_flags,cudaMemcpy_v3020,4,0.066436
nsys_rebuild,index.padding_total,cudaFree_v3020,2,0.010605
nsys_rebuild,index.padding_total,cudaMalloc_v3020,2,0.009098
nsys_rebuild,index.padding_total,cudaMemcpy_v3020,10,0.125874
nsys_rebuild,index.total,cuKernelGetName,12,0.003408
nsys_rebuild,index.total,cudaDeviceSynchronize_v3020,12,7.204727
nsys_rebuild,index.total,cudaFree_v3020,8,0.060855000000000006
nsys_rebuild,index.total,cudaLaunchKernel_v7000,12,23.866394
nsys_rebuild,index.total,cudaMallocManaged_v6000,4,0.029560999999999997
nsys_rebuild,index.total,cudaMalloc_v3020,14,0.23683300000000002
nsys_rebuild,index.total,cudaMemset_v3020,6,0.041624999999999995
nsys_rebuild,input.load,cuLibraryGetKernel,82,0.031511000000000004
nsys_rebuild,input.load,cuLibraryGetManaged,6,0.001543
nsys_rebuild,input.load,cuLibraryLoadData,1,6.337669
nsys_rebuild,input.load,cuModuleGetLoadingMode,1,0.00546
nsys_rebuild,input.load,cudaMallocManaged_v6000,2,138.38423
nsys_rebuild,op.insert,cuKernelGetName,1,0.000302
nsys_rebuild,op.insert,cudaDeviceSynchronize_v3020,1,0.254545
nsys_rebuild,op.insert,cudaFree_v3020,8,4.266438
nsys_rebuild,op.insert,cudaLaunchKernel_v7000,1,0.029687
nsys_rebuild,op.insert,cudaMallocManaged_v6000,3,0.048298
nsys_rebuild,op.insert,cudaMalloc_v3020,1,1.026798
nsys_rebuild,op.insert,cudaMemcpy_v3020,3,1.2905049999999998
nsys_rebuild,op.insert,cudaMemset_v3020,1,0.218077
nsys_rebuild,query.result_workspace,cudaMallocManaged_v6000,2,0.013597999999999999
nsys_rebuild,query.workspace,cudaMallocManaged_v6000,4,0.028756999999999998
nsys_rebuild,query.workspace,cudaMalloc_v3020,10,0.18804099999999999
nsys_rebuild,rebuild.workspace,cudaMalloc_v3020,1,0.006113
nsys_rebuild,thrust::inclusive_scan,cuKernelGetName,4,0.000814
nsys_rebuild,thrust::inclusive_scan,cudaFree_v3020,2,0.015954
nsys_rebuild,thrust::inclusive_scan,cudaLaunchKernel_v7000,4,0.051854
nsys_rebuild,thrust::inclusive_scan,cudaMalloc_v3020,2,0.013396
nsys_rebuild,thrust::inclusive_scan,cudaStreamSynchronize_v3020,2,0.726506
nsys_rebuild,thrust::reduce,cudaFree_v3020,5,0.030316
nsys_rebuild,thrust::reduce,cudaMalloc_v3020,5,0.029986000000000002
nsys_rebuild,thrust::reduce,cudaMemcpyAsync_v3020,5,0.08502399999999999
nsys_rebuild,thrust::reduce,cudaStreamSynchronize_v3020,10,0.037107
nsys_rebuild,thrust::sort_by_key,cudaFree_v3020,5,0.032888
nsys_rebuild,thrust::sort_by_key,cudaMalloc_v3020,5,0.036131
nsys_rebuild,thrust::sort_by_key,cudaMemcpyAsync_v3020,10,0.08523499999999999
nsys_rebuild,thrust::sort_by_key,cudaStreamSynchronize_v3020,15,0.100717
nsys_rebuild,update.delete_prefix,cudaDeviceSynchronize_v3020,2,0.003909
nsys_rebuild,update.init_mirrors,cudaMemcpy_v3020,6,0.07971800000000001
nsys_rebuild,update.insert_total,cudaMemcpy_v3020,128,0.8288360000000001
nsys_rebuild,update.query,cuKernelGetName,11,0.0033739999999999994
nsys_rebuild,update.query,cudaDeviceSynchronize_v3020,2,0.104796
nsys_rebuild,update.query,cudaLaunchKernel_v7000,11,0.227748
nsys_rebuild,update.query,cudaMallocManaged_v6000,2,0.012084
nsys_rebuild,update.query,cudaMemset_v3020,3,0.857369
