2026/10/02 17:43:51.473, 97, 0, 88.59, 2422, 12481, 45, P0
2026/10/02 17:43:51.674, 97, 0, 87.85, 2422, 12481, 45, P0
2026/10/02 17:43:51.875, 97, 0, 87.85, 2422, 12481, 45, P0
2026/10/02 17:43:52.075, 652, 0, 88.84, 2422, 12481, 45, P0
2026/10/02 17:43:52.275, 2258, 1, 89.15, 2422, 12481, 45, P0
2026/10/02 17:43:52.476, 2274, 5, 98.57, 2422, 12481, 47, P0
2026/10/02 17:43:52.676, 2368, 45, 106.65, 2422, 12481, 46, P0
2026/10/02 17:43:52.876, 2468, 17, 105.93, 2422, 12481, 46, P0
2026/10/02 17:43:53.076, 2628, 18, 111.68, 2422, 12481, 46, P0
2026/10/02 17:43:53.277, 2860, 20, 116.71, 2422, 12481, 46, P0
2026/10/02 17:43:53.477, 2894, 22, 111.18, 2422, 12481, 46, P0
2026/10/02 17:43:53.678, 2894, 69, 115.61, 2422, 12481, 46, P0
2026/10/02 17:43:53.878, 2260, 57, 120.51, 2422, 12481, 46, P0
2026/10/02 17:43:54.078, 2284, 0, 121.01, 2422, 12481, 46, P0
2026/10/02 17:43:54.278, 2516, 40, 120.59, 2422, 12481, 46, P0
2026/10/02 17:43:54.478, 724, 18, 119.84, 2422, 12481, 45, P0
2026/10/02 17:43:54.679, 97, 23, 110.44, 2422, 12481, 45, P0
2026/10/02 17:43:54.879, 97, 1, 103.92, 2422, 12481, 45, P0
