pass_id,mode,host_ms,front_ms,verify_ms,output_ms
0,0,597.945084,181.6272327899933,393.04803371429443,22.742144003510475
0,1,410.079792,0.16304000047966838,393.1012170910835,16.288543961942196
0,2,207.360688,0.15846400032751262,196.77497458457947,9.902783937752247
0,3,216.588327,0.17094399966299534,206.001793384552,9.890400014817715
1,0,591.160704,181.42755126953125,392.83094123005867,16.373791858553886
1,1,410.19255400000003,0.164191999938339,392.99839943647385,16.514239884912968
1,2,207.344071,0.17379199946299195,196.80732941627502,9.83971194922924
1,3,215.96556,0.16934399912133813,205.9786901473999,9.295263893902302
2,0,598.028632,181.47388887405396,392.91090938448906,23.119807958602905
2,1,408.906312,0.16182399913668633,393.01734632253647,15.2090560272336
2,2,207.275996,0.16249600006267428,196.73344016075134,9.869632072746754
2,3,216.580633,0.15750400139950216,206.10256052017212,9.803391978144646
3,0,591.399205,181.4423668384552,392.8974726200104,16.531711980700493
3,1,409.801694,0.16163199953734875,392.95081716775894,16.166911862790585
3,2,207.404626,0.16073600156232715,196.8549108505249,9.870112046599388
3,3,216.498804,0.1676479997113347,205.97558403015137,9.83552011102438
