variant,metric,unit,value
A,dram__bytes_op_read.sum,byte,321280
A,dram__bytes_op_read.sum.pct_of_peak_sustained_elapsed,%,0.00
A,dram__bytes_op_read.sum.per_second,byte/s,30907714.00
A,dram__bytes_op_write.sum,byte,434688
A,dram__bytes_op_write.sum.pct_of_peak_sustained_elapsed,%,0.00
A,dram__bytes_op_write.sum.per_second,byte/s,41817767.63
A,dram__cycles_active.avg.pct_of_peak_sustained_elapsed,%,0.00
A,dram__cycles_active.max.pct_of_peak_sustained_elapsed,%,0.01
A,dram__cycles_active.min.pct_of_peak_sustained_elapsed,%,0.00
A,dram__cycles_active.sum.pct_of_peak_sustained_elapsed,%,0.00
A,dram__cycles_elapsed.avg.per_second,hz,12469477093.20
A,dram__cycles_elapsed.max.per_second,hz,12469575603.84
A,dram__cycles_elapsed.min.per_second,hz,12469378582.55
A,dram__cycles_elapsed.sum.per_second,hz,199511633491.16
A,dram__sectors_op_read.sum,sector,10040
A,dram__sectors_op_write.sum,sector,13584
A,gpu__compute_memory_access_throughput_internal_activity.avg.pct_of_peak_sustained_elapsed,%,0.24
A,gpu__compute_memory_access_throughput_internal_activity.max.pct_of_peak_sustained_elapsed,%,0.25
A,gpu__compute_memory_access_throughput_internal_activity.min.pct_of_peak_sustained_elapsed,%,0.24
A,gpu__compute_memory_access_throughput_internal_activity.sum.pct_of_peak_sustained_elapsed,%,0.24
A,gpu__compute_memory_request_throughput_internal_activity.avg.pct_of_peak_sustained_elapsed,%,0.01
A,gpu__compute_memory_request_throughput_internal_activity.max.pct_of_peak_sustained_elapsed,%,0.01
A,gpu__compute_memory_request_throughput_internal_activity.min.pct_of_peak_sustained_elapsed,%,0.01
A,gpu__compute_memory_request_throughput_internal_activity.sum.pct_of_peak_sustained_elapsed,%,0.01
A,gpu__compute_memory_throughput.avg.pct_of_peak_sustained_elapsed,%,0.31
A,gpu__compute_memory_throughput.max.pct_of_peak_sustained_elapsed,%,59.01
A,gpu__compute_memory_throughput.min.pct_of_peak_sustained_elapsed,%,0.24
A,gpu__compute_memory_throughput.sum.pct_of_peak_sustained_elapsed,%,0.31
A,gpu__dram_throughput.avg.pct_of_peak_sustained_elapsed,%,0.00
A,gpu__dram_throughput.max.pct_of_peak_sustained_elapsed,%,0.01
A,gpu__dram_throughput.min.pct_of_peak_sustained_elapsed,%,0.00
A,gpu__dram_throughput.sum.pct_of_peak_sustained_elapsed,%,0.00
A,gpu__time_duration.avg,ns,10394816
A,gpu__time_duration.max,ns,10394816
A,gpu__time_duration.min,ns,10394816
A,gpu__time_duration.sum,ns,10394816
A,l1tex__cycles_active.avg,cycle,122182.12
A,l1tex__cycles_active.max,cycle,22970238
A,l1tex__cycles_active.min,cycle,0
A,l1tex__cycles_active.sum,cycle,22970238
A,l1tex__cycles_elapsed.avg,cycle,24062968.22
A,l1tex__cycles_elapsed.max,cycle,24107109
A,l1tex__cycles_elapsed.min,cycle,23964286
A,l1tex__cycles_elapsed.sum,cycle,4523838026
A,l1tex__data_bank_conflicts_pipe_lsu_mem_shared.sum,,0
A,l1tex__data_bank_conflicts_pipe_lsu_mem_shared_op_atom.sum,,0
A,l1tex__data_bank_conflicts_pipe_lsu_mem_shared_op_ld.sum,,0
A,l1tex__data_bank_conflicts_pipe_lsu_mem_shared_op_ldgsts.sum,,0
A,l1tex__data_bank_conflicts_pipe_lsu_mem_shared_op_st.sum,,0
A,l1tex__data_bank_reads.avg.pct_of_peak_sustained_elapsed,%,0.01
A,l1tex__data_bank_reads.max.pct_of_peak_sustained_elapsed,%,1.65
A,l1tex__data_bank_reads.min.pct_of_peak_sustained_elapsed,%,0
A,l1tex__data_bank_reads.sum.pct_of_peak_sustained_elapsed,%,0.01
A,l1tex__data_bank_writes.avg.pct_of_peak_sustained_elapsed,%,0.01
A,l1tex__data_bank_writes.max.pct_of_peak_sustained_elapsed,%,1.66
A,l1tex__data_bank_writes.min.pct_of_peak_sustained_elapsed,%,0
A,l1tex__data_bank_writes.sum.pct_of_peak_sustained_elapsed,%,0.01
A,l1tex__data_pipe_lsu_wavefronts.avg.pct_of_peak_sustained_elapsed,%,0.31
A,l1tex__data_pipe_lsu_wavefronts.max.pct_of_peak_sustained_elapsed,%,59.01
A,l1tex__data_pipe_lsu_wavefronts.min.pct_of_peak_sustained_elapsed,%,0
A,l1tex__data_pipe_lsu_wavefronts.sum.pct_of_peak_sustained_elapsed,%,0.31
A,l1tex__data_pipe_lsu_wavefronts_mem_shared.sum,,16
A,l1tex__data_pipe_lsu_wavefronts_mem_shared.sum.pct_of_peak_sustained_elapsed,%,0.00
A,l1tex__data_pipe_lsu_wavefronts_mem_shared_op_atom.sum,,0
A,l1tex__data_pipe_lsu_wavefronts_mem_shared_op_atom.sum.pct_of_peak_sustained_elapsed,%,0
A,l1tex__data_pipe_lsu_wavefronts_mem_shared_op_ld.sum,,0
A,l1tex__data_pipe_lsu_wavefronts_mem_shared_op_ld.sum.pct_of_peak_sustained_elapsed,%,0
A,l1tex__data_pipe_lsu_wavefronts_mem_shared_op_st.sum,,0
A,l1tex__data_pipe_lsu_wavefronts_mem_shared_op_st.sum.pct_of_peak_sustained_elapsed,%,0
A,l1tex__data_pipe_tex_wavefronts.avg.pct_of_peak_sustained_elapsed,%,0
A,l1tex__data_pipe_tex_wavefronts.max.pct_of_peak_sustained_elapsed,%,0
A,l1tex__data_pipe_tex_wavefronts.min.pct_of_peak_sustained_elapsed,%,0
A,l1tex__data_pipe_tex_wavefronts.sum.pct_of_peak_sustained_elapsed,%,0
A,l1tex__f_wavefronts.avg.pct_of_peak_sustained_elapsed,%,0
A,l1tex__f_wavefronts.max.pct_of_peak_sustained_elapsed,%,0
A,l1tex__f_wavefronts.min.pct_of_peak_sustained_elapsed,%,0
A,l1tex__f_wavefronts.sum.pct_of_peak_sustained_elapsed,%,0
A,l1tex__lsu_writeback_active.avg.pct_of_peak_sustained_elapsed,%,0.17
A,l1tex__lsu_writeback_active.max.pct_of_peak_sustained_elapsed,%,31.87
A,l1tex__lsu_writeback_active.min.pct_of_peak_sustained_elapsed,%,0
A,l1tex__lsu_writeback_active.sum.pct_of_peak_sustained_elapsed,%,0.17
A,l1tex__lsu_writeback_active_mem_lgds.sum,cycle,7667588
A,l1tex__lsu_writeback_active_mem_lgds.sum.pct_of_peak_sustained_elapsed,%,0.17
A,l1tex__lsuin_requests.avg.pct_of_peak_sustained_elapsed,%,0.04
A,l1tex__lsuin_requests.max.pct_of_peak_sustained_elapsed,%,6.64
A,l1tex__lsuin_requests.min.pct_of_peak_sustained_elapsed,%,0
A,l1tex__lsuin_requests.sum.pct_of_peak_sustained_elapsed,%,0.04
A,l1tex__m_l1tex2xbar_req_cycles_active.avg.pct_of_peak_sustained_elapsed,%,0.07
A,l1tex__m_l1tex2xbar_req_cycles_active.max.pct_of_peak_sustained_elapsed,%,13.25
A,l1tex__m_l1tex2xbar_req_cycles_active.min.pct_of_peak_sustained_elapsed,%,0.00
A,l1tex__m_l1tex2xbar_req_cycles_active.sum.pct_of_peak_sustained_elapsed,%,0.07
A,l1tex__m_l1tex2xbar_write_sectors_mem_dshared_op_atom.sum,sector,0
A,l1tex__m_l1tex2xbar_write_sectors_mem_dshared_op_atom.sum.pct_of_peak_sustained_elapsed,%,0
A,l1tex__m_l1tex2xbar_write_sectors_mem_dshared_op_ld.sum,sector,0
A,l1tex__m_l1tex2xbar_write_sectors_mem_dshared_op_ld.sum.pct_of_peak_sustained_elapsed,%,0
A,l1tex__m_l1tex2xbar_write_sectors_mem_dshared_op_redas.sum,sector,0
A,l1tex__m_l1tex2xbar_write_sectors_mem_dshared_op_redas.sum.pct_of_peak_sustained_elapsed,%,0
A,l1tex__m_l1tex2xbar_write_sectors_mem_dshared_op_st.sum,sector,0
A,l1tex__m_l1tex2xbar_write_sectors_mem_dshared_op_st.sum.pct_of_peak_sustained_elapsed,%,0
A,l1tex__m_l1tex2xbar_write_sectors_mem_dshared_op_tma_red.sum,sector,0
A,l1tex__m_l1tex2xbar_write_sectors_mem_dshared_op_tma_red.sum.pct_of_peak_sustained_elapsed,%,0
A,l1tex__m_l1tex2xbar_write_sectors_mem_dshared_op_tma_st.sum,sector,0
A,l1tex__m_l1tex2xbar_write_sectors_mem_dshared_op_tma_st.sum.pct_of_peak_sustained_elapsed,%,0
A,l1tex__m_l1tex2xbar_write_sectors_mem_global_op_atom.sum,sector,0
A,l1tex__m_l1tex2xbar_write_sectors_mem_global_op_atom.sum.pct_of_peak_sustained_elapsed,%,0
A,l1tex__m_l1tex2xbar_write_sectors_mem_global_op_red.sum,sector,0
A,l1tex__m_l1tex2xbar_write_sectors_mem_global_op_red.sum.pct_of_peak_sustained_elapsed,%,0
A,l1tex__m_l1tex2xbar_write_sectors_mem_lg_op_st.sum,sector,16
A,l1tex__m_l1tex2xbar_write_sectors_mem_lg_op_st.sum.pct_of_peak_sustained_elapsed,%,0.00
A,l1tex__m_l1tex2xbar_write_sectors_mem_surface_op_atom.sum,sector,0
A,l1tex__m_l1tex2xbar_write_sectors_mem_surface_op_atom.sum.pct_of_peak_sustained_elapsed,%,0
A,l1tex__m_l1tex2xbar_write_sectors_mem_surface_op_red.sum,sector,0
A,l1tex__m_l1tex2xbar_write_sectors_mem_surface_op_red.sum.pct_of_peak_sustained_elapsed,%,0
A,l1tex__m_l1tex2xbar_write_sectors_mem_surface_op_st.sum,sector,0
A,l1tex__m_l1tex2xbar_write_sectors_mem_surface_op_st.sum.pct_of_peak_sustained_elapsed,%,0
A,l1tex__m_xbar2l1tex_read_sectors.avg.pct_of_peak_sustained_elapsed,%,0.07
A,l1tex__m_xbar2l1tex_read_sectors.max.pct_of_peak_sustained_elapsed,%,13.25
A,l1tex__m_xbar2l1tex_read_sectors.min.pct_of_peak_sustained_elapsed,%,0
A,l1tex__m_xbar2l1tex_read_sectors.sum.pct_of_peak_sustained_elapsed,%,0.07
A,l1tex__m_xbar2l1tex_read_sectors_mem_dshared.avg.pct_of_peak_sustained_elapsed,%,0
A,l1tex__m_xbar2l1tex_read_sectors_mem_dshared.max.pct_of_peak_sustained_elapsed,%,0
A,l1tex__m_xbar2l1tex_read_sectors_mem_dshared.min.pct_of_peak_sustained_elapsed,%,0
A,l1tex__m_xbar2l1tex_read_sectors_mem_dshared.sum.pct_of_peak_sustained_elapsed,%,0
A,l1tex__m_xbar2l1tex_read_sectors_mem_dshared_op_atom.sum,sector,0
A,l1tex__m_xbar2l1tex_read_sectors_mem_dshared_op_atom.sum.pct_of_peak_sustained_elapsed,%,0
A,l1tex__m_xbar2l1tex_read_sectors_mem_dshared_op_ld.sum,sector,0
A,l1tex__m_xbar2l1tex_read_sectors_mem_dshared_op_ld.sum.pct_of_peak_sustained_elapsed,%,0
A,l1tex__m_xbar2l1tex_read_sectors_mem_dshared_op_redas.sum,sector,0
A,l1tex__m_xbar2l1tex_read_sectors_mem_dshared_op_redas.sum.pct_of_peak_sustained_elapsed,%,0
A,l1tex__m_xbar2l1tex_read_sectors_mem_dshared_op_st.sum,sector,0
A,l1tex__m_xbar2l1tex_read_sectors_mem_dshared_op_st.sum.pct_of_peak_sustained_elapsed,%,0
A,l1tex__m_xbar2l1tex_read_sectors_mem_dshared_op_tma_red.sum,sector,0
A,l1tex__m_xbar2l1tex_read_sectors_mem_dshared_op_tma_red.sum.pct_of_peak_sustained_elapsed,%,0
A,l1tex__m_xbar2l1tex_read_sectors_mem_dshared_op_tma_st.sum,sector,0
A,l1tex__m_xbar2l1tex_read_sectors_mem_dshared_op_tma_st.sum.pct_of_peak_sustained_elapsed,%,0
A,l1tex__m_xbar2l1tex_read_sectors_mem_global_op_atom.sum,sector,0
A,l1tex__m_xbar2l1tex_read_sectors_mem_global_op_atom.sum.pct_of_peak_sustained_elapsed,%,0
A,l1tex__m_xbar2l1tex_read_sectors_mem_lg_op_ld.sum,sector,3188184
A,l1tex__m_xbar2l1tex_read_sectors_mem_lg_op_ld.sum.pct_of_peak_sustained_elapsed,%,0.07
A,l1tex__m_xbar2l1tex_read_sectors_mem_surface_op_atom.sum,sector,0
A,l1tex__m_xbar2l1tex_read_sectors_mem_surface_op_atom.sum.pct_of_peak_sustained_elapsed,%,0
A,l1tex__m_xbar2l1tex_read_sectors_mem_surface_op_ld.sum,sector,0
A,l1tex__m_xbar2l1tex_read_sectors_mem_surface_op_ld.sum.pct_of_peak_sustained_elapsed,%,0
A,l1tex__m_xbar2l1tex_read_sectors_mem_texture.sum,sector,0
A,l1tex__m_xbar2l1tex_read_sectors_mem_texture.sum.pct_of_peak_sustained_elapsed,%,0
A,l1tex__t_output_wavefronts_pipe_lsu_mem_dshared_op_atom.sum,,0
A,l1tex__t_output_wavefronts_pipe_lsu_mem_dshared_op_ld.sum,,0
A,l1tex__t_output_wavefronts_pipe_lsu_mem_dshared_op_ld.sum.pct_of_peak_sustained_elapsed,%,0
A,l1tex__t_output_wavefronts_pipe_lsu_mem_dshared_op_redas.sum,,0
A,l1tex__t_output_wavefronts_pipe_lsu_mem_dshared_op_redas.sum.pct_of_peak_sustained_elapsed,%,0
A,l1tex__t_output_wavefronts_pipe_lsu_mem_dshared_op_st.sum,,0
A,l1tex__t_output_wavefronts_pipe_lsu_mem_dshared_op_st.sum.pct_of_peak_sustained_elapsed,%,0
A,l1tex__t_output_wavefronts_pipe_lsu_mem_global_op_atom.sum,,0
A,l1tex__t_output_wavefronts_pipe_lsu_mem_global_op_atom.sum.pct_of_peak_sustained_elapsed,%,0
A,l1tex__t_output_wavefronts_pipe_lsu_mem_global_op_ld.sum,,8724577
A,l1tex__t_output_wavefronts_pipe_lsu_mem_global_op_ld.sum.pct_of_peak_sustained_elapsed,%,0.19
A,l1tex__t_output_wavefronts_pipe_lsu_mem_global_op_red.sum,,0
A,l1tex__t_output_wavefronts_pipe_lsu_mem_global_op_red.sum.pct_of_peak_sustained_elapsed,%,0
A,l1tex__t_output_wavefronts_pipe_lsu_mem_global_op_st.sum,,4
A,l1tex__t_output_wavefronts_pipe_lsu_mem_global_op_st.sum.pct_of_peak_sustained_elapsed,%,0.00
A,l1tex__t_output_wavefronts_pipe_lsu_mem_local_op_ld.sum,,0
A,l1tex__t_output_wavefronts_pipe_lsu_mem_local_op_ld.sum.pct_of_peak_sustained_elapsed,%,0
A,l1tex__t_output_wavefronts_pipe_lsu_mem_local_op_st.sum,,0
A,l1tex__t_output_wavefronts_pipe_lsu_mem_local_op_st.sum.pct_of_peak_sustained_elapsed,%,0
A,l1tex__t_output_wavefronts_pipe_tex_mem_surface_op_atom.sum,,0
A,l1tex__t_output_wavefronts_pipe_tex_mem_surface_op_atom.sum.pct_of_peak_sustained_elapsed,%,0
A,l1tex__t_output_wavefronts_pipe_tex_mem_surface_op_ld.sum,,0
A,l1tex__t_output_wavefronts_pipe_tex_mem_surface_op_ld.sum.pct_of_peak_sustained_elapsed,%,0
A,l1tex__t_output_wavefronts_pipe_tex_mem_surface_op_red.sum,,0
A,l1tex__t_output_wavefronts_pipe_tex_mem_surface_op_red.sum.pct_of_peak_sustained_elapsed,%,0
A,l1tex__t_output_wavefronts_pipe_tex_mem_surface_op_st.sum,,0
A,l1tex__t_output_wavefronts_pipe_tex_mem_surface_op_st.sum.pct_of_peak_sustained_elapsed,%,0
A,l1tex__t_output_wavefronts_pipe_tex_mem_texture.sum,,0
A,l1tex__t_output_wavefronts_pipe_tex_mem_texture.sum.pct_of_peak_sustained_elapsed,%,0
A,l1tex__t_requests_pipe_lsu_mem_dshared_op_atom.sum,,0
A,l1tex__t_requests_pipe_lsu_mem_dshared_op_atom.sum.pct_of_peak_sustained_elapsed,%,0
A,l1tex__t_requests_pipe_lsu_mem_dshared_op_ld.sum,,0
A,l1tex__t_requests_pipe_lsu_mem_dshared_op_ld.sum.pct_of_peak_sustained_elapsed,%,0
A,l1tex__t_requests_pipe_lsu_mem_dshared_op_redas.sum,,0
A,l1tex__t_requests_pipe_lsu_mem_dshared_op_redas.sum.pct_of_peak_sustained_elapsed,%,0
A,l1tex__t_requests_pipe_lsu_mem_dshared_op_st.sum,,0
A,l1tex__t_requests_pipe_lsu_mem_dshared_op_st.sum.pct_of_peak_sustained_elapsed,%,0
A,l1tex__t_requests_pipe_lsu_mem_global_op_atom.sum,,0
A,l1tex__t_requests_pipe_lsu_mem_global_op_atom.sum.pct_of_peak_sustained_elapsed,%,0
A,l1tex__t_requests_pipe_lsu_mem_global_op_ld.sum,,798800
A,l1tex__t_requests_pipe_lsu_mem_global_op_ld.sum.pct_of_peak_sustained_elapsed,%,0.02
A,l1tex__t_requests_pipe_lsu_mem_global_op_red.sum,,0
A,l1tex__t_requests_pipe_lsu_mem_global_op_red.sum.pct_of_peak_sustained_elapsed,%,0
A,l1tex__t_requests_pipe_lsu_mem_global_op_st.sum,,4
A,l1tex__t_requests_pipe_lsu_mem_global_op_st.sum.pct_of_peak_sustained_elapsed,%,0.00
A,l1tex__t_requests_pipe_lsu_mem_local_op_ld.sum,,0
A,l1tex__t_requests_pipe_lsu_mem_local_op_ld.sum.pct_of_peak_sustained_elapsed,%,0
A,l1tex__t_requests_pipe_lsu_mem_local_op_st.sum,,0
A,l1tex__t_requests_pipe_lsu_mem_local_op_st.sum.pct_of_peak_sustained_elapsed,%,0
A,l1tex__t_requests_pipe_tex_mem_surface_op_atom.sum,,0
A,l1tex__t_requests_pipe_tex_mem_surface_op_atom.sum.pct_of_peak_sustained_elapsed,%,0
A,l1tex__t_requests_pipe_tex_mem_surface_op_ld.sum,,0
A,l1tex__t_requests_pipe_tex_mem_surface_op_ld.sum.pct_of_peak_sustained_elapsed,%,0
A,l1tex__t_requests_pipe_tex_mem_surface_op_red.sum,,0
A,l1tex__t_requests_pipe_tex_mem_surface_op_red.sum.pct_of_peak_sustained_elapsed,%,0
A,l1tex__t_requests_pipe_tex_mem_surface_op_st.sum,,0
A,l1tex__t_requests_pipe_tex_mem_surface_op_st.sum.pct_of_peak_sustained_elapsed,%,0
A,l1tex__t_requests_pipe_tex_mem_texture.sum,,0
A,l1tex__t_requests_pipe_tex_mem_texture.sum.pct_of_peak_sustained_elapsed,%,0
A,l1tex__t_sector_pipe_lsu_mem_global_op_atom_hit_rate.pct,%,0
A,l1tex__t_sector_pipe_lsu_mem_global_op_ld_hit_rate.pct,%,87.47
A,l1tex__t_sector_pipe_lsu_mem_global_op_red_hit_rate.pct,%,0
A,l1tex__t_sector_pipe_lsu_mem_global_op_st_hit_rate.pct,%,0
A,l1tex__t_sector_pipe_lsu_mem_local_op_ld_hit_rate.pct,%,0
A,l1tex__t_sector_pipe_lsu_mem_local_op_st_hit_rate.pct,%,0
A,l1tex__t_sector_pipe_tex_mem_surface_op_atom_hit_rate.pct,%,0
A,l1tex__t_sector_pipe_tex_mem_surface_op_ld_hit_rate.pct,%,0
A,l1tex__t_sector_pipe_tex_mem_surface_op_red_hit_rate.pct,%,0
A,l1tex__t_sector_pipe_tex_mem_surface_op_st_hit_rate.pct,%,0
A,l1tex__t_sector_pipe_tex_mem_texture_op_tex_hit_rate.pct,%,0
A,l1tex__t_sectors.avg,sector,135332.71
A,l1tex__t_sectors.max,sector,25442549
A,l1tex__t_sectors.min,sector,0
A,l1tex__t_sectors.sum,sector,25442549
A,l1tex__t_sectors_pipe_lsu_mem_dshared_op_atom.sum,sector,0
A,l1tex__t_sectors_pipe_lsu_mem_dshared_op_atom_lookup_miss.sum,sector,0
A,l1tex__t_sectors_pipe_lsu_mem_dshared_op_ld.sum,sector,0
A,l1tex__t_sectors_pipe_lsu_mem_dshared_op_ld_lookup_miss.sum,sector,0
A,l1tex__t_sectors_pipe_lsu_mem_dshared_op_redas.sum,sector,0
A,l1tex__t_sectors_pipe_lsu_mem_dshared_op_redas_lookup_miss.sum,sector,0
A,l1tex__t_sectors_pipe_lsu_mem_dshared_op_st.sum,sector,0
A,l1tex__t_sectors_pipe_lsu_mem_dshared_op_st_lookup_miss.sum,sector,0
A,l1tex__t_sectors_pipe_lsu_mem_global_op_atom.sum,sector,0
A,l1tex__t_sectors_pipe_lsu_mem_global_op_atom_lookup_hit.sum,sector,0
A,l1tex__t_sectors_pipe_lsu_mem_global_op_atom_lookup_miss.sum,sector,0
A,l1tex__t_sectors_pipe_lsu_mem_global_op_ld.sum,sector,25443651
A,l1tex__t_sectors_pipe_lsu_mem_global_op_ld_lookup_hit.sum,sector,22255703
A,l1tex__t_sectors_pipe_lsu_mem_global_op_ld_lookup_miss.sum,sector,3187948
A,l1tex__t_sectors_pipe_lsu_mem_global_op_red.sum,sector,0
A,l1tex__t_sectors_pipe_lsu_mem_global_op_red_lookup_hit.sum,sector,0
A,l1tex__t_sectors_pipe_lsu_mem_global_op_red_lookup_miss.sum,sector,0
A,l1tex__t_sectors_pipe_lsu_mem_global_op_st.sum,sector,16
A,l1tex__t_sectors_pipe_lsu_mem_global_op_st_lookup_hit.sum,sector,0
A,l1tex__t_sectors_pipe_lsu_mem_global_op_st_lookup_miss.sum,sector,16
A,l1tex__t_sectors_pipe_lsu_mem_local_op_ld.avg.per_second,sector/s,0
A,l1tex__t_sectors_pipe_lsu_mem_local_op_ld.max.per_second,sector/s,0
A,l1tex__t_sectors_pipe_lsu_mem_local_op_ld.min.per_second,sector/s,0
A,l1tex__t_sectors_pipe_lsu_mem_local_op_ld.sum,sector,0
A,l1tex__t_sectors_pipe_lsu_mem_local_op_ld.sum.per_second,sector/s,0
A,l1tex__t_sectors_pipe_lsu_mem_local_op_ld_lookup_hit.sum,sector,0
A,l1tex__t_sectors_pipe_lsu_mem_local_op_ld_lookup_miss.sum,sector,0
A,l1tex__t_sectors_pipe_lsu_mem_local_op_st.avg.per_second,sector/s,0
A,l1tex__t_sectors_pipe_lsu_mem_local_op_st.max.per_second,sector/s,0
A,l1tex__t_sectors_pipe_lsu_mem_local_op_st.min.per_second,sector/s,0
A,l1tex__t_sectors_pipe_lsu_mem_local_op_st.sum,sector,0
A,l1tex__t_sectors_pipe_lsu_mem_local_op_st.sum.per_second,sector/s,0
A,l1tex__t_sectors_pipe_lsu_mem_local_op_st_lookup_hit.sum,sector,0
A,l1tex__t_sectors_pipe_lsu_mem_local_op_st_lookup_miss.sum,sector,0
A,l1tex__t_sectors_pipe_tex_mem_surface_op_atom.sum,sector,0
A,l1tex__t_sectors_pipe_tex_mem_surface_op_atom_lookup_hit.sum,sector,0
A,l1tex__t_sectors_pipe_tex_mem_surface_op_atom_lookup_miss.sum,sector,0
A,l1tex__t_sectors_pipe_tex_mem_surface_op_ld.sum,sector,0
A,l1tex__t_sectors_pipe_tex_mem_surface_op_ld_lookup_hit.sum,sector,0
A,l1tex__t_sectors_pipe_tex_mem_surface_op_ld_lookup_miss.sum,sector,0
A,l1tex__t_sectors_pipe_tex_mem_surface_op_red.sum,sector,0
A,l1tex__t_sectors_pipe_tex_mem_surface_op_red_lookup_hit.sum,sector,0
A,l1tex__t_sectors_pipe_tex_mem_surface_op_red_lookup_miss.sum,sector,0
A,l1tex__t_sectors_pipe_tex_mem_surface_op_st.sum,sector,0
A,l1tex__t_sectors_pipe_tex_mem_surface_op_st_lookup_hit.sum,sector,0
A,l1tex__t_sectors_pipe_tex_mem_surface_op_st_lookup_miss.sum,sector,0
A,l1tex__t_sectors_pipe_tex_mem_texture.sum,sector,0
A,l1tex__t_sectors_pipe_tex_mem_texture_lookup_hit.sum,sector,0
A,l1tex__t_sectors_pipe_tex_mem_texture_lookup_miss.sum,sector,0
A,l1tex__tex_writeback_active.avg.pct_of_peak_sustained_elapsed,%,0
A,l1tex__tex_writeback_active.max.pct_of_peak_sustained_elapsed,%,0
A,l1tex__tex_writeback_active.min.pct_of_peak_sustained_elapsed,%,0
A,l1tex__tex_writeback_active.sum,cycle,0
A,l1tex__tex_writeback_active.sum.pct_of_peak_sustained_elapsed,%,0
A,l1tex__texin_sm2tex_req_cycles_active.avg.pct_of_peak_sustained_elapsed,%,0.00
A,l1tex__texin_sm2tex_req_cycles_active.max.pct_of_peak_sustained_elapsed,%,0.00
A,l1tex__texin_sm2tex_req_cycles_active.min.pct_of_peak_sustained_elapsed,%,0.00
A,l1tex__texin_sm2tex_req_cycles_active.sum.pct_of_peak_sustained_elapsed,%,0.00
A,l1tex__throughput.avg.pct_of_peak_sustained_active,%,61.82
A,l1tex__throughput.avg.pct_of_peak_sustained_elapsed,%,0.31
A,l1tex__throughput.max.pct_of_peak_sustained_active,%,11621.50
A,l1tex__throughput.max.pct_of_peak_sustained_elapsed,%,59.01
A,l1tex__throughput.min.pct_of_peak_sustained_active,%,0.01
A,l1tex__throughput.min.pct_of_peak_sustained_elapsed,%,0.00
A,l1tex__throughput.sum.pct_of_peak_sustained_active,%,61.82
A,l1tex__throughput.sum.pct_of_peak_sustained_elapsed,%,0.31
A,l1tex__tmain_requests.avg.pct_of_peak_sustained_elapsed,%,0
A,l1tex__tmain_requests.max.pct_of_peak_sustained_elapsed,%,0
A,l1tex__tmain_requests.min.pct_of_peak_sustained_elapsed,%,0
A,l1tex__tmain_requests.sum.pct_of_peak_sustained_elapsed,%,0
A,launch__barrier_count,,0
A,launch__block_dim_x,block,512
A,launch__block_dim_y,block,1
A,launch__block_dim_z,block,1
A,launch__block_size,,512
A,launch__cluster_dim_x,,0
A,launch__cluster_dim_y,,0
A,launch__cluster_dim_z,,0
A,launch__cluster_max_active,cluster,0
A,launch__cluster_max_potential_size,block,8
A,launch__cluster_scheduling_policy,,PolicySpread
A,launch__cluster_size,,0
A,launch__execution_model,,SIMT
A,launch__func_cache_config,,CachePreferNone
A,launch__grid_dim_x,,1
A,launch__grid_dim_y,,1
A,launch__grid_dim_z,,1
A,launch__grid_size,,1
A,launch__kernel_name,,
A,launch__occupancy_cluster_gpu_pct,%,0
A,launch__occupancy_cluster_pct,%,0
A,launch__occupancy_limit_barriers,block,24
A,launch__occupancy_limit_blocks,block,24
A,launch__occupancy_limit_registers,block,5
A,launch__occupancy_limit_shared_mem,block,8
A,launch__occupancy_limit_warps,block,3
A,launch__occupancy_per_barrier_count,,752
A,launch__occupancy_per_block_size,,2338
A,launch__occupancy_per_cluster_size,,0
A,launch__occupancy_per_register_count,,3760
A,launch__occupancy_per_shared_mem_size,,1792
A,launch__persisting_l2_cache_size,byte,25165824
A,launch__preferred_cluster_dim_x,,0
A,launch__preferred_cluster_dim_y,,0
A,launch__preferred_cluster_dim_z,,0
A,launch__preferred_cluster_size,,0
A,launch__registers_per_thread,register/thread,24
A,launch__registers_per_thread_allocated,register/thread,24
A,launch__shared_mem_config_size,byte,8192
A,launch__shared_mem_per_block,byte/block,1024
A,launch__shared_mem_per_block_allocated,byte/block,1024
A,launch__shared_mem_per_block_driver,byte/block,1024
A,launch__shared_mem_per_block_dynamic,byte/block,0
A,launch__shared_mem_per_block_static,byte/block,0
A,launch__sm_count,SM,188
A,launch__stack_size,,95056
A,launch__thread_count,thread,512
A,launch__tpc_count,,94
A,launch__tpc_enabled,,all
A,launch__user_grid_dim_x,,1
A,launch__user_grid_dim_y,,1
A,launch__user_grid_dim_z,,1
A,launch__user_grid_size,,1
A,launch__uses_blocks_as_clusters,,0
A,launch__uses_cdp,,0
A,launch__uses_green_context,,0
A,launch__uses_mps,,0
A,launch__uses_vgpu,,0
A,launch__waves_per_multiprocessor,,0.00
A,lts__cycles_active.avg,cycle,1712522.34
A,lts__cycles_active.max,cycle,1720729
A,lts__cycles_active.min,cycle,1700389
A,lts__cycles_active.sum,cycle,109601430
A,lts__cycles_elapsed.avg,cycle,20815531
A,lts__cycles_elapsed.max,cycle,20815531
A,lts__cycles_elapsed.min,cycle,20815531
A,lts__cycles_elapsed.sum,cycle,1332193984
A,lts__d_atomic_input_cycles_active.avg.pct_of_peak_sustained_elapsed,%,0
A,lts__d_atomic_input_cycles_active.max.pct_of_peak_sustained_elapsed,%,0
A,lts__d_atomic_input_cycles_active.min.pct_of_peak_sustained_elapsed,%,0
A,lts__d_atomic_input_cycles_active.sum.pct_of_peak_sustained_elapsed,%,0
A,lts__d_decomp_input_sectors.avg.pct_of_peak_sustained_elapsed,%,0
A,lts__d_decomp_input_sectors.max.pct_of_peak_sustained_elapsed,%,0
A,lts__d_decomp_input_sectors.min.pct_of_peak_sustained_elapsed,%,0
A,lts__d_decomp_input_sectors.sum.pct_of_peak_sustained_elapsed,%,0
A,lts__d_sectors.avg.pct_of_peak_sustained_elapsed,%,0.06
A,lts__d_sectors.max.pct_of_peak_sustained_elapsed,%,0.06
A,lts__d_sectors.min.pct_of_peak_sustained_elapsed,%,0.06
A,lts__d_sectors.sum.pct_of_peak_sustained_elapsed,%,0.06
A,lts__d_sectors_fill_device.avg.pct_of_peak_sustained_elapsed,%,0.00
A,lts__d_sectors_fill_device.max.pct_of_peak_sustained_elapsed,%,0.00
A,lts__d_sectors_fill_device.min.pct_of_peak_sustained_elapsed,%,0.00
A,lts__d_sectors_fill_device.sum.pct_of_peak_sustained_elapsed,%,0.00
A,lts__lts2xbar_cycles_active.avg.pct_of_peak_sustained_elapsed,%,0.12
A,lts__lts2xbar_cycles_active.max.pct_of_peak_sustained_elapsed,%,0.12
A,lts__lts2xbar_cycles_active.min.pct_of_peak_sustained_elapsed,%,0.12
A,lts__lts2xbar_cycles_active.sum.pct_of_peak_sustained_elapsed,%,0.12
A,lts__t_requests.sum,request,3199651
A,lts__t_requests_srcunit_gcc.sum,request,24
A,lts__t_requests_srcunit_tex.sum,request,3188311
A,lts__t_requests_srcunit_tex_op_atom_dot_alu.sum,request,0
A,lts__t_requests_srcunit_tex_op_atom_dot_cas.sum,request,0
A,lts__t_requests_srcunit_tex_op_read.sum,request,3187739
A,lts__t_requests_srcunit_tex_op_red.sum,request,0
A,lts__t_requests_srcunit_tex_op_write.sum,request,4
A,lts__t_sector_op_read_hit_rate.pct,%,98.94
A,lts__t_sector_op_write_hit_rate.pct,%,113.62
A,lts__t_sectors.avg.pct_of_peak_sustained_elapsed,%,0.12
A,lts__t_sectors.avg.peak_sustained,sector/cycle,2
A,lts__t_sectors.avg.per_cycle_elapsed,sector/cycle,0.00
A,lts__t_sectors.max.pct_of_peak_sustained_elapsed,%,0.13
A,lts__t_sectors.min.pct_of_peak_sustained_elapsed,%,0.12
A,lts__t_sectors.sum,sector,3290374
A,lts__t_sectors.sum.pct_of_peak_sustained_elapsed,%,0.12
A,lts__t_sectors.sum.per_second,sector/s,316539898.35
A,lts__t_sectors_data_ecc.avg.pct_of_peak_sustained_elapsed,%,0
A,lts__t_sectors_data_ecc.avg.peak_sustained,sector/cycle,8
A,lts__t_sectors_data_ecc.avg.per_cycle_elapsed,sector/cycle,0
A,lts__t_sectors_data_ecc.sum,sector,0
A,lts__t_sectors_data_ecc.sum.per_second,sector/s,0
A,lts__t_sectors_evict_first_lookup_hit.sum,sector,217734
A,lts__t_sectors_evict_first_lookup_miss.sum,sector,80
A,lts__t_sectors_evict_last_lookup_hit.sum,sector,0
A,lts__t_sectors_evict_last_lookup_miss.sum,sector,0
A,lts__t_sectors_evict_normal_demote_lookup_hit.sum,sector,0
A,lts__t_sectors_evict_normal_demote_lookup_miss.sum,sector,0
A,lts__t_sectors_evict_normal_lookup_hit.sum,sector,3189054
A,lts__t_sectors_evict_normal_lookup_miss.sum,sector,4
A,lts__t_sectors_lookup_hit.sum,sector,3197154
A,lts__t_sectors_lookup_miss.sum,sector,344
A,lts__t_sectors_op_read.avg.per_second,sector/s,4862632.67
A,lts__t_sectors_op_read.max.per_second,sector/s,4919471.40
A,lts__t_sectors_op_read.min.per_second,sector/s,4821056.96
A,lts__t_sectors_op_read.sum.per_second,sector/s,311208490.85
A,lts__t_sectors_op_write.avg.per_second,sector/s,3497.84
A,lts__t_sectors_op_write.max.per_second,sector/s,53584.40
A,lts__t_sectors_op_write.min.per_second,sector/s,0
A,lts__t_sectors_op_write.sum.per_second,sector/s,223861.59
A,lts__t_sectors_srcunit_gcc.avg.pct_of_peak_sustained_elapsed,%,0.00
A,lts__t_sectors_srcunit_gcc.avg.peak_sustained,sector/cycle,1
A,lts__t_sectors_srcunit_gcc.avg.per_cycle_elapsed,sector/cycle,0.00
A,lts__t_sectors_srcunit_gcc.sum,sector,72
A,lts__t_sectors_srcunit_gcc.sum.per_second,sector/s,6926.53
A,lts__t_sectors_srcunit_gcc_lookup_hit.sum,sector,72
A,lts__t_sectors_srcunit_gcc_lookup_miss.sum,sector,0
A,lts__t_sectors_srcunit_tex.avg.pct_of_peak_sustained_elapsed,%,0.12
A,lts__t_sectors_srcunit_tex.avg.peak_sustained,sector/cycle,2
A,lts__t_sectors_srcunit_tex.avg.per_cycle_elapsed,sector/cycle,0.00
A,lts__t_sectors_srcunit_tex.sum,sector,3187595
A,lts__t_sectors_srcunit_tex.sum.pct_of_peak_sustained_elapsed,%,0.12
A,lts__t_sectors_srcunit_tex.sum.per_second,sector/s,306652373.64
A,lts__t_sectors_srcunit_tex_evict_first_lookup_hit.sum,sector,0
A,lts__t_sectors_srcunit_tex_evict_first_lookup_miss.sum,sector,0
A,lts__t_sectors_srcunit_tex_evict_last_lookup_hit.sum,sector,0
A,lts__t_sectors_srcunit_tex_evict_last_lookup_miss.sum,sector,0
A,lts__t_sectors_srcunit_tex_evict_normal_demote_lookup_hit.sum,sector,0
A,lts__t_sectors_srcunit_tex_evict_normal_demote_lookup_miss.sum,sector,0
A,lts__t_sectors_srcunit_tex_evict_normal_lookup_hit.sum,sector,3188200
A,lts__t_sectors_srcunit_tex_evict_normal_lookup_miss.sum,sector,0
A,lts__t_sectors_srcunit_tex_lookup_hit.sum,sector,3188664
A,lts__t_sectors_srcunit_tex_lookup_miss.sum,sector,0
A,lts__t_sectors_srcunit_tex_op_atom_dot_alu.avg.pct_of_peak_sustained_elapsed,%,0
A,lts__t_sectors_srcunit_tex_op_atom_dot_alu.avg.peak_sustained,sector/cycle,1
A,lts__t_sectors_srcunit_tex_op_atom_dot_alu.avg.per_cycle_elapsed,sector/cycle,0
A,lts__t_sectors_srcunit_tex_op_atom_dot_alu.sum,sector,0
A,lts__t_sectors_srcunit_tex_op_atom_dot_alu.sum.per_second,sector/s,0
A,lts__t_sectors_srcunit_tex_op_atom_dot_alu_lookup_hit.sum,sector,0
A,lts__t_sectors_srcunit_tex_op_atom_dot_alu_lookup_miss.sum,sector,0
A,lts__t_sectors_srcunit_tex_op_atom_dot_cas.avg.pct_of_peak_sustained_elapsed,%,0
A,lts__t_sectors_srcunit_tex_op_atom_dot_cas.avg.peak_sustained,sector/cycle,1
A,lts__t_sectors_srcunit_tex_op_atom_dot_cas.avg.per_cycle_elapsed,sector/cycle,0
A,lts__t_sectors_srcunit_tex_op_atom_dot_cas.sum,sector,0
A,lts__t_sectors_srcunit_tex_op_atom_dot_cas.sum.per_second,sector/s,0
A,lts__t_sectors_srcunit_tex_op_atom_dot_cas_lookup_hit.sum,sector,0
A,lts__t_sectors_srcunit_tex_op_atom_dot_cas_lookup_miss.sum,sector,0
A,lts__t_sectors_srcunit_tex_op_atom_evict_first_lookup_hit.sum,sector,0
A,lts__t_sectors_srcunit_tex_op_atom_evict_first_lookup_miss.sum,sector,0
A,lts__t_sectors_srcunit_tex_op_atom_evict_last_lookup_hit.sum,sector,0
A,lts__t_sectors_srcunit_tex_op_atom_evict_last_lookup_miss.sum,sector,0
A,lts__t_sectors_srcunit_tex_op_atom_evict_normal_lookup_hit.sum,sector,0
A,lts__t_sectors_srcunit_tex_op_atom_evict_normal_lookup_miss.sum,sector,0
A,lts__t_sectors_srcunit_tex_op_read.avg.pct_of_peak_sustained_elapsed,%,0.12
A,lts__t_sectors_srcunit_tex_op_read.avg.peak_sustained,sector/cycle,2
A,lts__t_sectors_srcunit_tex_op_read.avg.per_cycle_elapsed,sector/cycle,0.00
A,lts__t_sectors_srcunit_tex_op_read.sum,sector,3188343
A,lts__t_sectors_srcunit_tex_op_read.sum.per_second,sector/s,306724332.59
A,lts__t_sectors_srcunit_tex_op_read_evict_first_lookup_hit.sum,sector,0
A,lts__t_sectors_srcunit_tex_op_read_evict_first_lookup_miss.sum,sector,0
A,lts__t_sectors_srcunit_tex_op_read_evict_last_lookup_hit.sum,sector,0
A,lts__t_sectors_srcunit_tex_op_read_evict_last_lookup_miss.sum,sector,0
A,lts__t_sectors_srcunit_tex_op_read_evict_normal_demote_lookup_hit.sum,sector,0
A,lts__t_sectors_srcunit_tex_op_read_evict_normal_demote_lookup_miss.sum,sector,0
A,lts__t_sectors_srcunit_tex_op_read_evict_normal_lookup_hit.sum,sector,3187654
A,lts__t_sectors_srcunit_tex_op_read_evict_normal_lookup_miss.sum,sector,0
A,lts__t_sectors_srcunit_tex_op_read_lookup_hit.sum,sector,3187654
A,lts__t_sectors_srcunit_tex_op_read_lookup_miss.sum,sector,0
A,lts__t_sectors_srcunit_tex_op_red.avg.pct_of_peak_sustained_elapsed,%,0
A,lts__t_sectors_srcunit_tex_op_red.avg.peak_sustained,sector/cycle,1
A,lts__t_sectors_srcunit_tex_op_red.avg.per_cycle_elapsed,sector/cycle,0
A,lts__t_sectors_srcunit_tex_op_red.sum,sector,0
A,lts__t_sectors_srcunit_tex_op_red.sum.per_second,sector/s,0
A,lts__t_sectors_srcunit_tex_op_red_lookup_hit.sum,sector,0
A,lts__t_sectors_srcunit_tex_op_red_lookup_miss.sum,sector,0
A,lts__t_sectors_srcunit_tex_op_write.avg.pct_of_peak_sustained_elapsed,%,0.00
A,lts__t_sectors_srcunit_tex_op_write.avg.peak_sustained,sector/cycle,1
A,lts__t_sectors_srcunit_tex_op_write.avg.per_cycle_elapsed,sector/cycle,0.00
A,lts__t_sectors_srcunit_tex_op_write.sum,sector,16
A,lts__t_sectors_srcunit_tex_op_write.sum.per_second,sector/s,1539.23
A,lts__t_sectors_srcunit_tex_op_write_evict_first_lookup_hit.sum,sector,0
A,lts__t_sectors_srcunit_tex_op_write_evict_first_lookup_miss.sum,sector,0
A,lts__t_sectors_srcunit_tex_op_write_evict_last_lookup_hit.sum,sector,0
A,lts__t_sectors_srcunit_tex_op_write_evict_last_lookup_miss.sum,sector,0
A,lts__t_sectors_srcunit_tex_op_write_evict_normal_demote_lookup_hit.sum,sector,0
A,lts__t_sectors_srcunit_tex_op_write_evict_normal_demote_lookup_miss.sum,sector,0
A,lts__t_sectors_srcunit_tex_op_write_evict_normal_lookup_hit.sum,sector,16
A,lts__t_sectors_srcunit_tex_op_write_evict_normal_lookup_miss.sum,sector,0
A,lts__t_sectors_srcunit_tex_op_write_lookup_hit.sum,sector,16
A,lts__t_sectors_srcunit_tex_op_write_lookup_miss.sum,sector,0
A,lts__t_tag_requests.avg.pct_of_peak_sustained_elapsed,%,0.25
A,lts__t_tag_requests.max.pct_of_peak_sustained_elapsed,%,0.30
A,lts__t_tag_requests.min.pct_of_peak_sustained_elapsed,%,0.24
A,lts__t_tag_requests.sum.pct_of_peak_sustained_elapsed,%,0.25
A,lts__throughput.avg.pct_of_peak_sustained_elapsed,%,0.25
A,lts__throughput.max.pct_of_peak_sustained_elapsed,%,0.30
A,lts__throughput.min.pct_of_peak_sustained_elapsed,%,0.24
A,lts__throughput.sum.pct_of_peak_sustained_elapsed,%,0.25
A,lts__xbar2lts_cycles_active.avg.pct_of_peak_sustained_elapsed,%,0.24
A,lts__xbar2lts_cycles_active.max.pct_of_peak_sustained_elapsed,%,0.27
A,lts__xbar2lts_cycles_active.min.pct_of_peak_sustained_elapsed,%,0.24
A,lts__xbar2lts_cycles_active.sum.pct_of_peak_sustained_elapsed,%,0.24
A,profiler__perfworks_session_reuse,,0
A,profiler__replayer_bytes_mem_accessible.avg,byte,313731870
A,profiler__replayer_bytes_mem_accessible.max,byte,313731870
A,profiler__replayer_bytes_mem_accessible.min,byte,313731870
A,profiler__replayer_bytes_mem_accessible.sum,byte,10980615450
A,profiler__replayer_bytes_mem_backed_up.avg,byte,313731870
A,profiler__replayer_bytes_mem_backed_up.max,byte,313731870
A,profiler__replayer_bytes_mem_backed_up.min,byte,313731870
A,profiler__replayer_bytes_mem_backed_up.sum,byte,10980615450
A,profiler__replayer_passes,pass,35
A,profiler__replayer_passes_type_warmup,pass,0
A,sm__cycles_active.avg,cycle,122182.12
A,sm__cycles_active.max,cycle,22970238
A,sm__cycles_active.min,cycle,0
A,sm__cycles_active.sum,cycle,22970238
A,sm__inst_executed.avg.pct_of_peak_sustained_elapsed,%,0.01
A,sm__inst_executed.max.pct_of_peak_sustained_elapsed,%,2.08
A,sm__inst_executed.min.pct_of_peak_sustained_elapsed,%,0
A,sm__inst_executed.sum.pct_of_peak_sustained_elapsed,%,0.01
A,sm__inst_executed_pipe_adu.avg.pct_of_peak_sustained_elapsed,%,0.00
A,sm__inst_executed_pipe_adu.max.pct_of_peak_sustained_elapsed,%,0.00
A,sm__inst_executed_pipe_adu.min.pct_of_peak_sustained_elapsed,%,0
A,sm__inst_executed_pipe_adu.sum.pct_of_peak_sustained_elapsed,%,0.00
A,sm__inst_executed_pipe_cbu_pred_on_any.avg.pct_of_peak_sustained_elapsed,%,0.00
A,sm__inst_executed_pipe_cbu_pred_on_any.max.pct_of_peak_sustained_elapsed,%,0.00
A,sm__inst_executed_pipe_cbu_pred_on_any.min.pct_of_peak_sustained_elapsed,%,0
A,sm__inst_executed_pipe_cbu_pred_on_any.sum.pct_of_peak_sustained_elapsed,%,0.00
A,sm__inst_executed_pipe_ipa.avg.pct_of_peak_sustained_elapsed,%,0
A,sm__inst_executed_pipe_ipa.max.pct_of_peak_sustained_elapsed,%,0
A,sm__inst_executed_pipe_ipa.min.pct_of_peak_sustained_elapsed,%,0
A,sm__inst_executed_pipe_ipa.sum.pct_of_peak_sustained_elapsed,%,0
A,sm__inst_executed_pipe_lsu.avg.pct_of_peak_sustained_elapsed,%,0.04
A,sm__inst_executed_pipe_lsu.max.pct_of_peak_sustained_elapsed,%,6.64
A,sm__inst_executed_pipe_lsu.min.pct_of_peak_sustained_elapsed,%,0
A,sm__inst_executed_pipe_lsu.sum.pct_of_peak_sustained_elapsed,%,0.04
A,sm__inst_executed_pipe_tex.avg.pct_of_peak_sustained_elapsed,%,0
A,sm__inst_executed_pipe_tex.max.pct_of_peak_sustained_elapsed,%,0
A,sm__inst_executed_pipe_tex.min.pct_of_peak_sustained_elapsed,%,0
A,sm__inst_executed_pipe_tex.sum.pct_of_peak_sustained_elapsed,%,0
A,sm__inst_executed_pipe_uniform.avg.pct_of_peak_sustained_elapsed,%,0.00
A,sm__inst_executed_pipe_uniform.max.pct_of_peak_sustained_elapsed,%,0.00
A,sm__inst_executed_pipe_uniform.min.pct_of_peak_sustained_elapsed,%,0
A,sm__inst_executed_pipe_uniform.sum.pct_of_peak_sustained_elapsed,%,0.00
A,sm__inst_executed_pipe_xu.avg.pct_of_peak_sustained_elapsed,%,0.00
A,sm__inst_executed_pipe_xu.max.pct_of_peak_sustained_elapsed,%,0.00
A,sm__inst_executed_pipe_xu.min.pct_of_peak_sustained_elapsed,%,0
A,sm__inst_executed_pipe_xu.sum.pct_of_peak_sustained_elapsed,%,0.00
A,sm__instruction_throughput_internal_activity.avg.pct_of_peak_sustained_elapsed,%,0
A,sm__instruction_throughput_internal_activity.max.pct_of_peak_sustained_elapsed,%,0
A,sm__instruction_throughput_internal_activity.min.pct_of_peak_sustained_elapsed,%,0
A,sm__instruction_throughput_internal_activity.sum.pct_of_peak_sustained_elapsed,%,0
A,sm__issue_active.avg.pct_of_peak_sustained_elapsed,%,0.01
A,sm__issue_active.max.pct_of_peak_sustained_elapsed,%,2.08
A,sm__issue_active.min.pct_of_peak_sustained_elapsed,%,0
A,sm__issue_active.sum.pct_of_peak_sustained_elapsed,%,0.01
A,sm__maximum_warps_avg_per_active_cycle,warp,48
A,sm__maximum_warps_per_active_cycle_pct,%,100
A,sm__memory_throughput_internal_activity.avg.pct_of_peak_sustained_elapsed,%,0.00
A,sm__memory_throughput_internal_activity.max.pct_of_peak_sustained_elapsed,%,0.00
A,sm__memory_throughput_internal_activity.min.pct_of_peak_sustained_elapsed,%,0
A,sm__memory_throughput_internal_activity.sum.pct_of_peak_sustained_elapsed,%,0.00
A,sm__mio2rf_writeback_active.avg.pct_of_peak_sustained_elapsed,%,0.01
A,sm__mio2rf_writeback_active.max.pct_of_peak_sustained_elapsed,%,1.66
A,sm__mio2rf_writeback_active.min.pct_of_peak_sustained_elapsed,%,0
A,sm__mio2rf_writeback_active.sum.pct_of_peak_sustained_elapsed,%,0.01
A,sm__mio_inst_issued.avg.pct_of_peak_sustained_elapsed,%,0.01
A,sm__mio_inst_issued.max.pct_of_peak_sustained_elapsed,%,2.21
A,sm__mio_inst_issued.min.pct_of_peak_sustained_elapsed,%,0
A,sm__mio_inst_issued.sum.pct_of_peak_sustained_elapsed,%,0.01
A,sm__mio_pq_read_cycles_active.avg.pct_of_peak_sustained_elapsed,%,0.00
A,sm__mio_pq_read_cycles_active.max.pct_of_peak_sustained_elapsed,%,0.00
A,sm__mio_pq_read_cycles_active.min.pct_of_peak_sustained_elapsed,%,0
A,sm__mio_pq_read_cycles_active.sum.pct_of_peak_sustained_elapsed,%,0.00
A,sm__mio_pq_write_cycles_active.avg.pct_of_peak_sustained_elapsed,%,0.00
A,sm__mio_pq_write_cycles_active.max.pct_of_peak_sustained_elapsed,%,0.00
A,sm__mio_pq_write_cycles_active.min.pct_of_peak_sustained_elapsed,%,0
A,sm__mio_pq_write_cycles_active.sum.pct_of_peak_sustained_elapsed,%,0.00
A,sm__pipe_aluheavy_cycles_active.avg.pct_of_peak_sustained_elapsed,%,0.01
A,sm__pipe_aluheavy_cycles_active.max.pct_of_peak_sustained_elapsed,%,2.07
A,sm__pipe_aluheavy_cycles_active.min.pct_of_peak_sustained_elapsed,%,0
A,sm__pipe_aluheavy_cycles_active.sum.pct_of_peak_sustained_elapsed,%,0.01
A,sm__pipe_fma_cycles_active.avg.pct_of_peak_sustained_elapsed,%,0.00
A,sm__pipe_fma_cycles_active.max.pct_of_peak_sustained_elapsed,%,0.00
A,sm__pipe_fma_cycles_active.min.pct_of_peak_sustained_elapsed,%,0
A,sm__pipe_fma_cycles_active.sum.pct_of_peak_sustained_elapsed,%,0.00
A,sm__pipe_fmaheavy_cycles_active.avg.pct_of_peak_sustained_elapsed,%,0.01
A,sm__pipe_fmaheavy_cycles_active.max.pct_of_peak_sustained_elapsed,%,1.25
A,sm__pipe_fmaheavy_cycles_active.min.pct_of_peak_sustained_elapsed,%,0
A,sm__pipe_fmaheavy_cycles_active.sum.pct_of_peak_sustained_elapsed,%,0.01
A,sm__pipe_fp64_cycles_active.avg.pct_of_peak_sustained_elapsed,%,0
A,sm__pipe_fp64_cycles_active.max.pct_of_peak_sustained_elapsed,%,0
A,sm__pipe_fp64_cycles_active.min.pct_of_peak_sustained_elapsed,%,0
A,sm__pipe_fp64_cycles_active.sum.pct_of_peak_sustained_elapsed,%,0
A,sm__pipe_tensor_cycles_active.avg.pct_of_peak_sustained_elapsed,%,0
A,sm__pipe_tensor_cycles_active.max.pct_of_peak_sustained_elapsed,%,0
A,sm__pipe_tensor_cycles_active.min.pct_of_peak_sustained_elapsed,%,0
A,sm__pipe_tensor_cycles_active.sum.pct_of_peak_sustained_elapsed,%,0
A,sm__pipe_tma_cycles_active.avg.pct_of_peak_sustained_elapsed,%,0
A,sm__pipe_tma_cycles_active.max.pct_of_peak_sustained_elapsed,%,0
A,sm__pipe_tma_cycles_active.min.pct_of_peak_sustained_elapsed,%,0
A,sm__pipe_tma_cycles_active.sum.pct_of_peak_sustained_elapsed,%,0
A,sm__sass_inst_executed_op_ldgsts_cache_access.sum,inst,0
A,sm__sass_inst_executed_op_ldgsts_cache_bypass.sum,inst,0
A,sm__sass_l1tex_t_requests_pipe_lsu_mem_global_op_ldgsts_cache_access.sum,,0
A,sm__sass_l1tex_t_requests_pipe_lsu_mem_global_op_ldgsts_cache_bypass.sum,,0
A,sm__sass_l1tex_t_sectors_pipe_lsu_mem_global_op_ldgsts_cache_access.sum,sector,0
A,sm__sass_l1tex_t_sectors_pipe_lsu_mem_global_op_ldgsts_cache_access.sum.pct_of_peak_sustained_elapsed,%,0
A,sm__sass_l1tex_t_sectors_pipe_lsu_mem_global_op_ldgsts_cache_bypass.sum,sector,0
A,sm__sass_l1tex_t_sectors_pipe_lsu_mem_global_op_ldgsts_cache_bypass.sum.pct_of_peak_sustained_elapsed,%,0
A,sm__throughput.avg.pct_of_peak_sustained_elapsed,%,0.04
A,sm__throughput.max.pct_of_peak_sustained_elapsed,%,6.64
A,sm__throughput.min.pct_of_peak_sustained_elapsed,%,0
A,sm__throughput.sum.pct_of_peak_sustained_elapsed,%,0.04
A,sm__warps_active.avg.pct_of_peak_sustained_active,%,8.33
A,sm__warps_active.avg.per_cycle_active,warp,4.00
A,sm__warps_active.max.pct_of_peak_sustained_active,%,1565.74
A,sm__warps_active.max.per_cycle_active,warp,751.56
A,sm__warps_active.min.pct_of_peak_sustained_active,%,0
A,sm__warps_active.min.per_cycle_active,warp,0
A,sm__warps_active.sum.pct_of_peak_sustained_active,%,8.33
A,sm__warps_active.sum.per_cycle_active,warp,751.56
A,smsp__average_warp_latency_per_inst_issued.ratio,cycle,45.97
A,smsp__average_warps_active_per_inst_executed.ratio,cycle,45.97
A,smsp__average_warps_issue_stalled_barrier_per_issue_active.ratio,inst,0
A,smsp__average_warps_issue_stalled_branch_resolving_per_issue_active.ratio,inst,0.30
A,smsp__average_warps_issue_stalled_dispatch_stall_per_issue_active.ratio,inst,0.00
A,smsp__average_warps_issue_stalled_drain_per_issue_active.ratio,inst,0.00
A,smsp__average_warps_issue_stalled_lg_throttle_per_issue_active.ratio,inst,0
A,smsp__average_warps_issue_stalled_long_scoreboard_per_issue_active.ratio,inst,41.64
A,smsp__average_warps_issue_stalled_math_pipe_throttle_per_issue_active.ratio,inst,0.00
A,smsp__average_warps_issue_stalled_membar_per_issue_active.ratio,inst,0
A,smsp__average_warps_issue_stalled_mio_throttle_per_issue_active.ratio,inst,0.00
A,smsp__average_warps_issue_stalled_misc_per_issue_active.ratio,inst,0
A,smsp__average_warps_issue_stalled_no_instruction_per_issue_active.ratio,inst,0.20
A,smsp__average_warps_issue_stalled_not_selected_per_issue_active.ratio,inst,0.00
A,smsp__average_warps_issue_stalled_selected_per_issue_active.ratio,inst,1
A,smsp__average_warps_issue_stalled_short_scoreboard_per_issue_active.ratio,inst,0.00
A,smsp__average_warps_issue_stalled_sleeping_per_issue_active.ratio,inst,0
A,smsp__average_warps_issue_stalled_tex_throttle_per_issue_active.ratio,inst,0
A,smsp__average_warps_issue_stalled_wait_per_issue_active.ratio,inst,2.80
A,smsp__branch_targets_threads_divergent,branches,106
A,smsp__inst_executed.avg,inst,2656.32
A,smsp__inst_executed.max,inst,499852
A,smsp__inst_executed.min,inst,0
A,smsp__inst_executed.sum,inst,1997552
A,smsp__inst_executed_op_branch.avg,inst,265.77
A,smsp__inst_executed_op_branch.max,inst,50013
A,smsp__inst_executed_op_branch.min,inst,0
A,smsp__inst_executed_op_branch.sum,inst,199861
A,smsp__inst_executed_op_generic_atom_dot_alu.sum,inst,0
A,smsp__inst_executed_op_generic_atom_dot_cas.sum,inst,0
A,smsp__inst_executed_op_global_red.sum,inst,0
A,smsp__inst_executed_op_ldgsts.sum,inst,0
A,smsp__inst_executed_op_ldsm.sum,inst,0
A,smsp__inst_executed_op_shared_atom.sum,inst,0
A,smsp__inst_executed_op_shared_stsm.sum,inst,0
A,smsp__inst_executed_op_surface_atom_dot_alu.sum,inst,0
A,smsp__inst_executed_op_surface_atom_dot_cas.sum,inst,0
A,smsp__inst_executed_op_surface_ld.sum,inst,0
A,smsp__inst_executed_op_surface_red.sum,inst,0
A,smsp__inst_executed_op_surface_st.sum,inst,0
A,smsp__inst_executed_op_texture.sum,inst,0
A,smsp__inst_issued.avg,inst,2656.32
A,smsp__inst_issued.max,inst,499852
A,smsp__inst_issued.min,inst,0
A,smsp__inst_issued.sum,inst,1997552
A,smsp__issue_active.avg.pct_of_peak_sustained_active,%,2.17
A,smsp__issue_active.avg.per_cycle_active,,0.02
A,smsp__issue_active.max.pct_of_peak_sustained_active,%,408.45
A,smsp__issue_active.max.per_cycle_active,,4.08
A,smsp__issue_active.min.pct_of_peak_sustained_active,%,0
A,smsp__issue_active.min.per_cycle_active,,0
A,smsp__issue_active.sum.pct_of_peak_sustained_active,%,2.17
A,smsp__issue_active.sum.per_cycle_active,,16.32
A,smsp__issue_inst0.avg.pct_of_peak_sustained_active,%,97.83
A,smsp__issue_inst0.max.pct_of_peak_sustained_active,%,18402.40
A,smsp__issue_inst0.min.pct_of_peak_sustained_active,%,0
A,smsp__issue_inst0.sum.pct_of_peak_sustained_active,%,97.83
A,smsp__maximum_warps_avg_per_active_cycle,warp,12
A,smsp__pcsamp_aggregated_passes,pass,2
A,smsp__pcsamp_buffer_overflow,,0
A,smsp__pcsamp_buffer_size_bytes,byte,33554432
A,smsp__pcsamp_dropped_bytes,byte,0
A,smsp__pcsamp_interval,,7
A,smsp__pcsamp_interval_cycles,cycle,4096
A,smsp__pcsamp_sample_count,,5666
A,smsp__pcsamp_warps_issue_stalled_barrier,warp,0
A,smsp__pcsamp_warps_issue_stalled_barrier_not_issued,warp,0
A,smsp__pcsamp_warps_issue_stalled_branch_resolving,branches,36
A,smsp__pcsamp_warps_issue_stalled_branch_resolving_not_issued,branches,36
A,smsp__pcsamp_warps_issue_stalled_dispatch_stall,warp,0
A,smsp__pcsamp_warps_issue_stalled_dispatch_stall_not_issued,warp,0
A,smsp__pcsamp_warps_issue_stalled_drain,warp,0
A,smsp__pcsamp_warps_issue_stalled_drain_not_issued,warp,0
A,smsp__pcsamp_warps_issue_stalled_lg_throttle,warp,0
A,smsp__pcsamp_warps_issue_stalled_lg_throttle_not_issued,warp,0
A,smsp__pcsamp_warps_issue_stalled_long_scoreboard,warp,5118
A,smsp__pcsamp_warps_issue_stalled_long_scoreboard_not_issued,warp,5118
A,smsp__pcsamp_warps_issue_stalled_math_pipe_throttle,warp,0
A,smsp__pcsamp_warps_issue_stalled_math_pipe_throttle_not_issued,warp,0
A,smsp__pcsamp_warps_issue_stalled_membar,warp,0
A,smsp__pcsamp_warps_issue_stalled_membar_not_issued,warp,0
A,smsp__pcsamp_warps_issue_stalled_mio_throttle,warp,0
A,smsp__pcsamp_warps_issue_stalled_mio_throttle_not_issued,warp,0
A,smsp__pcsamp_warps_issue_stalled_misc,warp,0
A,smsp__pcsamp_warps_issue_stalled_misc_not_issued,warp,0
A,smsp__pcsamp_warps_issue_stalled_no_instructions,inst,28
A,smsp__pcsamp_warps_issue_stalled_no_instructions_not_issued,inst,28
A,smsp__pcsamp_warps_issue_stalled_not_selected,warp,0
A,smsp__pcsamp_warps_issue_stalled_not_selected_not_issued,warp,0
A,smsp__pcsamp_warps_issue_stalled_selected,warp,117
A,smsp__pcsamp_warps_issue_stalled_selected_not_issued,warp,0
A,smsp__pcsamp_warps_issue_stalled_short_scoreboard,warp,0
A,smsp__pcsamp_warps_issue_stalled_short_scoreboard_not_issued,warp,0
A,smsp__pcsamp_warps_issue_stalled_sleeping,warp,0
A,smsp__pcsamp_warps_issue_stalled_sleeping_not_issued,warp,0
A,smsp__pcsamp_warps_issue_stalled_tex_throttle,warp,0
A,smsp__pcsamp_warps_issue_stalled_tex_throttle_not_issued,warp,0
A,smsp__pcsamp_warps_issue_stalled_wait,warp,367
A,smsp__pcsamp_warps_issue_stalled_wait_not_issued,warp,367
A,smsp__sass_average_branch_targets_threads_uniform.pct,%,99.95
A,smsp__sass_average_data_bytes_per_sector_mem_global_op_ld.max_rate,byte/sector,32
A,smsp__sass_average_data_bytes_per_sector_mem_global_op_ld.ratio,byte/sector,4
A,smsp__sass_average_data_bytes_per_sector_mem_global_op_st.max_rate,byte/sector,32
A,smsp__sass_average_data_bytes_per_sector_mem_global_op_st.ratio,byte/sector,32
A,smsp__sass_average_data_bytes_per_sector_mem_local_op_ld.max_rate,byte/sector,32
A,smsp__sass_average_data_bytes_per_sector_mem_local_op_ld.ratio,byte/sector,0
A,smsp__sass_average_data_bytes_per_sector_mem_local_op_st.max_rate,byte/sector,32
A,smsp__sass_average_data_bytes_per_sector_mem_local_op_st.ratio,byte/sector,0
A,smsp__sass_branch_targets_threads_divergent.avg,branches,0.14
A,smsp__sass_branch_targets_threads_divergent.max,branches,28
A,smsp__sass_branch_targets_threads_divergent.min,branches,0
A,smsp__sass_branch_targets_threads_divergent.sum,branches,106
A,smsp__sass_inst_executed_memdesc_explicit_evict_type,,0
A,smsp__sass_inst_executed_memdesc_explicit_hitprop_evict_first,inst,0
A,smsp__sass_inst_executed_memdesc_explicit_hitprop_evict_last,inst,0
A,smsp__sass_inst_executed_memdesc_explicit_hitprop_evict_normal,inst,0
A,smsp__sass_inst_executed_memdesc_explicit_hitprop_evict_normal_demote,inst,0
A,smsp__sass_inst_executed_memdesc_explicit_missprop_evict_first,inst,0
A,smsp__sass_inst_executed_memdesc_explicit_missprop_evict_normal,inst,0
A,smsp__sass_inst_executed_op_dshared_atom.sum,inst,0
A,smsp__sass_inst_executed_op_dshared_ld.sum,inst,0
A,smsp__sass_inst_executed_op_dshared_redas.sum,inst,0
A,smsp__sass_inst_executed_op_dshared_st.sum,inst,0
A,smsp__sass_inst_executed_op_dshared_stas.sum,inst,0
A,smsp__sass_inst_executed_op_dshared_tma_red.sum,inst,0
A,smsp__sass_inst_executed_op_dshared_tma_st.sum,inst,0
A,smsp__sass_inst_executed_op_global_ld.sum,inst,798800
A,smsp__sass_inst_executed_op_global_st.sum,inst,4
A,smsp__sass_inst_executed_op_local_ld.sum,inst,0
A,smsp__sass_inst_executed_op_local_st.sum,inst,0
A,smsp__sass_inst_executed_op_shared_ld.sum,inst,0
A,smsp__sass_inst_executed_op_shared_st.sum,inst,0
A,smsp__sass_inst_executed_op_tma_ld.sum,inst,0
A,smsp__sass_inst_executed_op_tma_red.sum,inst,0
A,smsp__sass_inst_executed_op_tma_st.sum,inst,0
A,smsp__sass_l1tex_data_pipe_lsu_wavefronts_mem_shared_op_ldgsts.sum,,0
A,smsp__sass_l1tex_data_pipe_lsu_wavefronts_mem_shared_op_ldgsts.sum.pct_of_peak_sustained_elapsed,%,0
A,smsp__sass_l1tex_data_pipe_lsu_wavefronts_mem_shared_op_ldgsts_cache_access.sum,,0
A,smsp__sass_l1tex_data_pipe_lsu_wavefronts_mem_shared_op_ldgsts_cache_access.sum.pct_of_peak_sustained_elapsed,%,0
A,smsp__sass_l1tex_m_xbar2l1tex_read_sectors_mem_global_op_ldgsts_cache_bypass.sum,sector,0
A,smsp__sass_l1tex_m_xbar2l1tex_read_sectors_mem_global_op_ldgsts_cache_bypass.sum.pct_of_peak_sustained_elapsed,%,0
A,smsp__thread_inst_executed_per_inst_executed.ratio,,31.85
A,smsp__thread_inst_executed_pred_on_per_inst_executed.ratio,,31.85
A,smsp__warps_active.avg.peak_sustained,warp,12
A,smsp__warps_active.avg.per_cycle_active,warp,1.00
A,smsp__warps_active.max.peak_sustained,warp,12
A,smsp__warps_active.max.per_cycle_active,warp,187.71
A,smsp__warps_active.min.peak_sustained,warp,12
A,smsp__warps_active.min.per_cycle_active,warp,0
A,smsp__warps_active.sum.peak_sustained,warp,9024
A,smsp__warps_active.sum.per_cycle_active,warp,750.40
A,smsp__warps_eligible.avg.per_cycle_active,warp,0.02
A,smsp__warps_eligible.max.per_cycle_active,warp,4.08
A,smsp__warps_eligible.min.per_cycle_active,warp,0
A,smsp__warps_eligible.sum.per_cycle_active,warp,16.32
B,dram__bytes_op_read.sum,byte,1009408
B,dram__bytes_op_read.sum.pct_of_peak_sustained_elapsed,%,0.85
B,dram__bytes_op_read.sum.per_second,byte/s,13497646555.41
B,dram__bytes_op_write.sum,byte,735232
B,dram__bytes_op_write.sum.pct_of_peak_sustained_elapsed,%,0.62
B,dram__bytes_op_write.sum.per_second,byte/s,9831407787.76
B,dram__cycles_active.avg.pct_of_peak_sustained_elapsed,%,1.46
B,dram__cycles_active.max.pct_of_peak_sustained_elapsed,%,2.00
B,dram__cycles_active.min.pct_of_peak_sustained_elapsed,%,1.03
B,dram__cycles_active.sum.pct_of_peak_sustained_elapsed,%,1.46
B,dram__cycles_elapsed.avg.per_second,hz,12458707744.97
B,dram__cycles_elapsed.max.per_second,hz,12460419341.04
B,dram__cycles_elapsed.min.per_second,hz,12446726572.53
B,dram__cycles_elapsed.sum.per_second,hz,199339323919.55
B,dram__sectors_op_read.sum,sector,31544
B,dram__sectors_op_write.sum,sector,22976
B,gpu__compute_memory_access_throughput_internal_activity.avg.pct_of_peak_sustained_elapsed,%,13.93
B,gpu__compute_memory_access_throughput_internal_activity.max.pct_of_peak_sustained_elapsed,%,14.19
B,gpu__compute_memory_access_throughput_internal_activity.min.pct_of_peak_sustained_elapsed,%,13.87
B,gpu__compute_memory_access_throughput_internal_activity.sum.pct_of_peak_sustained_elapsed,%,13.93
B,gpu__compute_memory_request_throughput_internal_activity.avg.pct_of_peak_sustained_elapsed,%,0.38
B,gpu__compute_memory_request_throughput_internal_activity.max.pct_of_peak_sustained_elapsed,%,0.38
B,gpu__compute_memory_request_throughput_internal_activity.min.pct_of_peak_sustained_elapsed,%,0.37
B,gpu__compute_memory_request_throughput_internal_activity.sum.pct_of_peak_sustained_elapsed,%,0.38
B,gpu__compute_memory_throughput.avg.pct_of_peak_sustained_elapsed,%,16.68
B,gpu__compute_memory_throughput.max.pct_of_peak_sustained_elapsed,%,16.86
B,gpu__compute_memory_throughput.min.pct_of_peak_sustained_elapsed,%,16.65
B,gpu__compute_memory_throughput.sum.pct_of_peak_sustained_elapsed,%,16.68
B,gpu__dram_throughput.avg.pct_of_peak_sustained_elapsed,%,1.46
B,gpu__dram_throughput.max.pct_of_peak_sustained_elapsed,%,2.00
B,gpu__dram_throughput.min.pct_of_peak_sustained_elapsed,%,1.03
B,gpu__dram_throughput.sum.pct_of_peak_sustained_elapsed,%,1.46
B,gpu__time_duration.avg,ns,74784
B,gpu__time_duration.max,ns,74784
B,gpu__time_duration.min,ns,74784
B,gpu__time_duration.sum,ns,74784
B,l1tex__cycles_active.avg,cycle,102793.90
B,l1tex__cycles_active.max,cycle,162791
B,l1tex__cycles_active.min,cycle,0
B,l1tex__cycles_active.sum,cycle,19325253
B,l1tex__cycles_elapsed.avg,cycle,172282.52
B,l1tex__cycles_elapsed.max,cycle,172654
B,l1tex__cycles_elapsed.min,cycle,171573
B,l1tex__cycles_elapsed.sum,cycle,32389114
B,l1tex__data_bank_conflicts_pipe_lsu_mem_shared.sum,,20
B,l1tex__data_bank_conflicts_pipe_lsu_mem_shared_op_atom.sum,,0
B,l1tex__data_bank_conflicts_pipe_lsu_mem_shared_op_ld.sum,,0
B,l1tex__data_bank_conflicts_pipe_lsu_mem_shared_op_ldgsts.sum,,0
B,l1tex__data_bank_conflicts_pipe_lsu_mem_shared_op_st.sum,,19
B,l1tex__data_bank_reads.avg.pct_of_peak_sustained_elapsed,%,1.23
B,l1tex__data_bank_reads.max.pct_of_peak_sustained_elapsed,%,1.81
B,l1tex__data_bank_reads.min.pct_of_peak_sustained_elapsed,%,0
B,l1tex__data_bank_reads.sum.pct_of_peak_sustained_elapsed,%,1.23
B,l1tex__data_bank_writes.avg.pct_of_peak_sustained_elapsed,%,1.23
B,l1tex__data_bank_writes.max.pct_of_peak_sustained_elapsed,%,1.81
B,l1tex__data_bank_writes.min.pct_of_peak_sustained_elapsed,%,0
B,l1tex__data_bank_writes.sum.pct_of_peak_sustained_elapsed,%,1.23
B,l1tex__data_pipe_lsu_wavefronts.avg.pct_of_peak_sustained_elapsed,%,2.80
B,l1tex__data_pipe_lsu_wavefronts.max.pct_of_peak_sustained_elapsed,%,5.02
B,l1tex__data_pipe_lsu_wavefronts.min.pct_of_peak_sustained_elapsed,%,0
B,l1tex__data_pipe_lsu_wavefronts.sum.pct_of_peak_sustained_elapsed,%,2.80
B,l1tex__data_pipe_lsu_wavefronts_mem_shared.sum,,15268
B,l1tex__data_pipe_lsu_wavefronts_mem_shared.sum.pct_of_peak_sustained_elapsed,%,0.05
B,l1tex__data_pipe_lsu_wavefronts_mem_shared_op_atom.sum,,0
B,l1tex__data_pipe_lsu_wavefronts_mem_shared_op_atom.sum.pct_of_peak_sustained_elapsed,%,0
B,l1tex__data_pipe_lsu_wavefronts_mem_shared_op_ld.sum,,128
B,l1tex__data_pipe_lsu_wavefronts_mem_shared_op_ld.sum.pct_of_peak_sustained_elapsed,%,0.00
B,l1tex__data_pipe_lsu_wavefronts_mem_shared_op_st.sum,,2064
B,l1tex__data_pipe_lsu_wavefronts_mem_shared_op_st.sum.pct_of_peak_sustained_elapsed,%,0.01
B,l1tex__data_pipe_tex_wavefronts.avg.pct_of_peak_sustained_elapsed,%,0
B,l1tex__data_pipe_tex_wavefronts.max.pct_of_peak_sustained_elapsed,%,0
B,l1tex__data_pipe_tex_wavefronts.min.pct_of_peak_sustained_elapsed,%,0
B,l1tex__data_pipe_tex_wavefronts.sum.pct_of_peak_sustained_elapsed,%,0
B,l1tex__f_wavefronts.avg.pct_of_peak_sustained_elapsed,%,0
B,l1tex__f_wavefronts.max.pct_of_peak_sustained_elapsed,%,0
B,l1tex__f_wavefronts.min.pct_of_peak_sustained_elapsed,%,0
B,l1tex__f_wavefronts.sum.pct_of_peak_sustained_elapsed,%,0
B,l1tex__lsu_writeback_active.avg.pct_of_peak_sustained_elapsed,%,2.79
B,l1tex__lsu_writeback_active.max.pct_of_peak_sustained_elapsed,%,5.02
B,l1tex__lsu_writeback_active.min.pct_of_peak_sustained_elapsed,%,0
B,l1tex__lsu_writeback_active.sum.pct_of_peak_sustained_elapsed,%,2.79
B,l1tex__lsu_writeback_active_mem_lgds.sum,cycle,891481
B,l1tex__lsu_writeback_active_mem_lgds.sum.pct_of_peak_sustained_elapsed,%,2.75
B,l1tex__lsuin_requests.avg.pct_of_peak_sustained_elapsed,%,5.07
B,l1tex__lsuin_requests.max.pct_of_peak_sustained_elapsed,%,7.48
B,l1tex__lsuin_requests.min.pct_of_peak_sustained_elapsed,%,0
B,l1tex__lsuin_requests.sum.pct_of_peak_sustained_elapsed,%,5.07
B,l1tex__m_l1tex2xbar_req_cycles_active.avg.pct_of_peak_sustained_elapsed,%,2.35
B,l1tex__m_l1tex2xbar_req_cycles_active.max.pct_of_peak_sustained_elapsed,%,3.74
B,l1tex__m_l1tex2xbar_req_cycles_active.min.pct_of_peak_sustained_elapsed,%,0.00
B,l1tex__m_l1tex2xbar_req_cycles_active.sum.pct_of_peak_sustained_elapsed,%,2.35
B,l1tex__m_l1tex2xbar_write_sectors_mem_dshared_op_atom.sum,sector,0
B,l1tex__m_l1tex2xbar_write_sectors_mem_dshared_op_atom.sum.pct_of_peak_sustained_elapsed,%,0
B,l1tex__m_l1tex2xbar_write_sectors_mem_dshared_op_ld.sum,sector,0
B,l1tex__m_l1tex2xbar_write_sectors_mem_dshared_op_ld.sum.pct_of_peak_sustained_elapsed,%,0
B,l1tex__m_l1tex2xbar_write_sectors_mem_dshared_op_redas.sum,sector,0
B,l1tex__m_l1tex2xbar_write_sectors_mem_dshared_op_redas.sum.pct_of_peak_sustained_elapsed,%,0
B,l1tex__m_l1tex2xbar_write_sectors_mem_dshared_op_st.sum,sector,0
B,l1tex__m_l1tex2xbar_write_sectors_mem_dshared_op_st.sum.pct_of_peak_sustained_elapsed,%,0
B,l1tex__m_l1tex2xbar_write_sectors_mem_dshared_op_tma_red.sum,sector,0
B,l1tex__m_l1tex2xbar_write_sectors_mem_dshared_op_tma_red.sum.pct_of_peak_sustained_elapsed,%,0
B,l1tex__m_l1tex2xbar_write_sectors_mem_dshared_op_tma_st.sum,sector,0
B,l1tex__m_l1tex2xbar_write_sectors_mem_dshared_op_tma_st.sum.pct_of_peak_sustained_elapsed,%,0
B,l1tex__m_l1tex2xbar_write_sectors_mem_global_op_atom.sum,sector,0
B,l1tex__m_l1tex2xbar_write_sectors_mem_global_op_atom.sum.pct_of_peak_sustained_elapsed,%,0
B,l1tex__m_l1tex2xbar_write_sectors_mem_global_op_red.sum,sector,0
B,l1tex__m_l1tex2xbar_write_sectors_mem_global_op_red.sum.pct_of_peak_sustained_elapsed,%,0
B,l1tex__m_l1tex2xbar_write_sectors_mem_lg_op_st.sum,sector,128
B,l1tex__m_l1tex2xbar_write_sectors_mem_lg_op_st.sum.pct_of_peak_sustained_elapsed,%,0.00
B,l1tex__m_l1tex2xbar_write_sectors_mem_surface_op_atom.sum,sector,0
B,l1tex__m_l1tex2xbar_write_sectors_mem_surface_op_atom.sum.pct_of_peak_sustained_elapsed,%,0
B,l1tex__m_l1tex2xbar_write_sectors_mem_surface_op_red.sum,sector,0
B,l1tex__m_l1tex2xbar_write_sectors_mem_surface_op_red.sum.pct_of_peak_sustained_elapsed,%,0
B,l1tex__m_l1tex2xbar_write_sectors_mem_surface_op_st.sum,sector,0
B,l1tex__m_l1tex2xbar_write_sectors_mem_surface_op_st.sum.pct_of_peak_sustained_elapsed,%,0
B,l1tex__m_xbar2l1tex_read_sectors.avg.pct_of_peak_sustained_elapsed,%,9.82
B,l1tex__m_xbar2l1tex_read_sectors.max.pct_of_peak_sustained_elapsed,%,14.51
B,l1tex__m_xbar2l1tex_read_sectors.min.pct_of_peak_sustained_elapsed,%,0
B,l1tex__m_xbar2l1tex_read_sectors.sum.pct_of_peak_sustained_elapsed,%,9.82
B,l1tex__m_xbar2l1tex_read_sectors_mem_dshared.avg.pct_of_peak_sustained_elapsed,%,0
B,l1tex__m_xbar2l1tex_read_sectors_mem_dshared.max.pct_of_peak_sustained_elapsed,%,0
B,l1tex__m_xbar2l1tex_read_sectors_mem_dshared.min.pct_of_peak_sustained_elapsed,%,0
B,l1tex__m_xbar2l1tex_read_sectors_mem_dshared.sum.pct_of_peak_sustained_elapsed,%,0
B,l1tex__m_xbar2l1tex_read_sectors_mem_dshared_op_atom.sum,sector,0
B,l1tex__m_xbar2l1tex_read_sectors_mem_dshared_op_atom.sum.pct_of_peak_sustained_elapsed,%,0
B,l1tex__m_xbar2l1tex_read_sectors_mem_dshared_op_ld.sum,sector,0
B,l1tex__m_xbar2l1tex_read_sectors_mem_dshared_op_ld.sum.pct_of_peak_sustained_elapsed,%,0
B,l1tex__m_xbar2l1tex_read_sectors_mem_dshared_op_redas.sum,sector,0
B,l1tex__m_xbar2l1tex_read_sectors_mem_dshared_op_redas.sum.pct_of_peak_sustained_elapsed,%,0
B,l1tex__m_xbar2l1tex_read_sectors_mem_dshared_op_st.sum,sector,0
B,l1tex__m_xbar2l1tex_read_sectors_mem_dshared_op_st.sum.pct_of_peak_sustained_elapsed,%,0
B,l1tex__m_xbar2l1tex_read_sectors_mem_dshared_op_tma_red.sum,sector,0
B,l1tex__m_xbar2l1tex_read_sectors_mem_dshared_op_tma_red.sum.pct_of_peak_sustained_elapsed,%,0
B,l1tex__m_xbar2l1tex_read_sectors_mem_dshared_op_tma_st.sum,sector,0
B,l1tex__m_xbar2l1tex_read_sectors_mem_dshared_op_tma_st.sum.pct_of_peak_sustained_elapsed,%,0
B,l1tex__m_xbar2l1tex_read_sectors_mem_global_op_atom.sum,sector,0
B,l1tex__m_xbar2l1tex_read_sectors_mem_global_op_atom.sum.pct_of_peak_sustained_elapsed,%,0
B,l1tex__m_xbar2l1tex_read_sectors_mem_lg_op_ld.sum,sector,3181139
B,l1tex__m_xbar2l1tex_read_sectors_mem_lg_op_ld.sum.pct_of_peak_sustained_elapsed,%,9.82
B,l1tex__m_xbar2l1tex_read_sectors_mem_surface_op_atom.sum,sector,0
B,l1tex__m_xbar2l1tex_read_sectors_mem_surface_op_atom.sum.pct_of_peak_sustained_elapsed,%,0
B,l1tex__m_xbar2l1tex_read_sectors_mem_surface_op_ld.sum,sector,0
B,l1tex__m_xbar2l1tex_read_sectors_mem_surface_op_ld.sum.pct_of_peak_sustained_elapsed,%,0
B,l1tex__m_xbar2l1tex_read_sectors_mem_texture.sum,sector,0
B,l1tex__m_xbar2l1tex_read_sectors_mem_texture.sum.pct_of_peak_sustained_elapsed,%,0
B,l1tex__t_output_wavefronts_pipe_lsu_mem_dshared_op_atom.sum,,0
B,l1tex__t_output_wavefronts_pipe_lsu_mem_dshared_op_ld.sum,,0
B,l1tex__t_output_wavefronts_pipe_lsu_mem_dshared_op_ld.sum.pct_of_peak_sustained_elapsed,%,0
B,l1tex__t_output_wavefronts_pipe_lsu_mem_dshared_op_redas.sum,,0
B,l1tex__t_output_wavefronts_pipe_lsu_mem_dshared_op_redas.sum.pct_of_peak_sustained_elapsed,%,0
B,l1tex__t_output_wavefronts_pipe_lsu_mem_dshared_op_st.sum,,0
B,l1tex__t_output_wavefronts_pipe_lsu_mem_dshared_op_st.sum.pct_of_peak_sustained_elapsed,%,0
B,l1tex__t_output_wavefronts_pipe_lsu_mem_global_op_atom.sum,,0
B,l1tex__t_output_wavefronts_pipe_lsu_mem_global_op_atom.sum.pct_of_peak_sustained_elapsed,%,0
B,l1tex__t_output_wavefronts_pipe_lsu_mem_global_op_ld.sum,,849276
B,l1tex__t_output_wavefronts_pipe_lsu_mem_global_op_ld.sum.pct_of_peak_sustained_elapsed,%,2.62
B,l1tex__t_output_wavefronts_pipe_lsu_mem_global_op_red.sum,,0
B,l1tex__t_output_wavefronts_pipe_lsu_mem_global_op_red.sum.pct_of_peak_sustained_elapsed,%,0
B,l1tex__t_output_wavefronts_pipe_lsu_mem_global_op_st.sum,,128
B,l1tex__t_output_wavefronts_pipe_lsu_mem_global_op_st.sum.pct_of_peak_sustained_elapsed,%,0.00
B,l1tex__t_output_wavefronts_pipe_lsu_mem_local_op_ld.sum,,0
B,l1tex__t_output_wavefronts_pipe_lsu_mem_local_op_ld.sum.pct_of_peak_sustained_elapsed,%,0
B,l1tex__t_output_wavefronts_pipe_lsu_mem_local_op_st.sum,,0
B,l1tex__t_output_wavefronts_pipe_lsu_mem_local_op_st.sum.pct_of_peak_sustained_elapsed,%,0
B,l1tex__t_output_wavefronts_pipe_tex_mem_surface_op_atom.sum,,0
B,l1tex__t_output_wavefronts_pipe_tex_mem_surface_op_atom.sum.pct_of_peak_sustained_elapsed,%,0
B,l1tex__t_output_wavefronts_pipe_tex_mem_surface_op_ld.sum,,0
B,l1tex__t_output_wavefronts_pipe_tex_mem_surface_op_ld.sum.pct_of_peak_sustained_elapsed,%,0
B,l1tex__t_output_wavefronts_pipe_tex_mem_surface_op_red.sum,,0
B,l1tex__t_output_wavefronts_pipe_tex_mem_surface_op_red.sum.pct_of_peak_sustained_elapsed,%,0
B,l1tex__t_output_wavefronts_pipe_tex_mem_surface_op_st.sum,,0
B,l1tex__t_output_wavefronts_pipe_tex_mem_surface_op_st.sum.pct_of_peak_sustained_elapsed,%,0
B,l1tex__t_output_wavefronts_pipe_tex_mem_texture.sum,,0
B,l1tex__t_output_wavefronts_pipe_tex_mem_texture.sum.pct_of_peak_sustained_elapsed,%,0
B,l1tex__t_requests_pipe_lsu_mem_dshared_op_atom.sum,,0
B,l1tex__t_requests_pipe_lsu_mem_dshared_op_atom.sum.pct_of_peak_sustained_elapsed,%,0
B,l1tex__t_requests_pipe_lsu_mem_dshared_op_ld.sum,,0
B,l1tex__t_requests_pipe_lsu_mem_dshared_op_ld.sum.pct_of_peak_sustained_elapsed,%,0
B,l1tex__t_requests_pipe_lsu_mem_dshared_op_redas.sum,,0
B,l1tex__t_requests_pipe_lsu_mem_dshared_op_redas.sum.pct_of_peak_sustained_elapsed,%,0
B,l1tex__t_requests_pipe_lsu_mem_dshared_op_st.sum,,0
B,l1tex__t_requests_pipe_lsu_mem_dshared_op_st.sum.pct_of_peak_sustained_elapsed,%,0
B,l1tex__t_requests_pipe_lsu_mem_global_op_atom.sum,,0
B,l1tex__t_requests_pipe_lsu_mem_global_op_atom.sum.pct_of_peak_sustained_elapsed,%,0
B,l1tex__t_requests_pipe_lsu_mem_global_op_ld.sum,,805383
B,l1tex__t_requests_pipe_lsu_mem_global_op_ld.sum.pct_of_peak_sustained_elapsed,%,2.49
B,l1tex__t_requests_pipe_lsu_mem_global_op_red.sum,,0
B,l1tex__t_requests_pipe_lsu_mem_global_op_red.sum.pct_of_peak_sustained_elapsed,%,0
B,l1tex__t_requests_pipe_lsu_mem_global_op_st.sum,,128
B,l1tex__t_requests_pipe_lsu_mem_global_op_st.sum.pct_of_peak_sustained_elapsed,%,0.00
B,l1tex__t_requests_pipe_lsu_mem_local_op_ld.sum,,0
B,l1tex__t_requests_pipe_lsu_mem_local_op_ld.sum.pct_of_peak_sustained_elapsed,%,0
B,l1tex__t_requests_pipe_lsu_mem_local_op_st.sum,,0
B,l1tex__t_requests_pipe_lsu_mem_local_op_st.sum.pct_of_peak_sustained_elapsed,%,0
B,l1tex__t_requests_pipe_tex_mem_surface_op_atom.sum,,0
B,l1tex__t_requests_pipe_tex_mem_surface_op_atom.sum.pct_of_peak_sustained_elapsed,%,0
B,l1tex__t_requests_pipe_tex_mem_surface_op_ld.sum,,0
B,l1tex__t_requests_pipe_tex_mem_surface_op_ld.sum.pct_of_peak_sustained_elapsed,%,0
B,l1tex__t_requests_pipe_tex_mem_surface_op_red.sum,,0
B,l1tex__t_requests_pipe_tex_mem_surface_op_red.sum.pct_of_peak_sustained_elapsed,%,0
B,l1tex__t_requests_pipe_tex_mem_surface_op_st.sum,,0
B,l1tex__t_requests_pipe_tex_mem_surface_op_st.sum.pct_of_peak_sustained_elapsed,%,0
B,l1tex__t_requests_pipe_tex_mem_texture.sum,,0
B,l1tex__t_requests_pipe_tex_mem_texture.sum.pct_of_peak_sustained_elapsed,%,0
B,l1tex__t_sector_pipe_lsu_mem_global_op_atom_hit_rate.pct,%,0
B,l1tex__t_sector_pipe_lsu_mem_global_op_ld_hit_rate.pct,%,10.10
B,l1tex__t_sector_pipe_lsu_mem_global_op_red_hit_rate.pct,%,0
B,l1tex__t_sector_pipe_lsu_mem_global_op_st_hit_rate.pct,%,0
B,l1tex__t_sector_pipe_lsu_mem_local_op_ld_hit_rate.pct,%,0
B,l1tex__t_sector_pipe_lsu_mem_local_op_st_hit_rate.pct,%,0
B,l1tex__t_sector_pipe_tex_mem_surface_op_atom_hit_rate.pct,%,0
B,l1tex__t_sector_pipe_tex_mem_surface_op_ld_hit_rate.pct,%,0
B,l1tex__t_sector_pipe_tex_mem_surface_op_red_hit_rate.pct,%,0
B,l1tex__t_sector_pipe_tex_mem_surface_op_st_hit_rate.pct,%,0
B,l1tex__t_sector_pipe_tex_mem_texture_op_tex_hit_rate.pct,%,0
B,l1tex__t_sectors.avg,sector,18822.44
B,l1tex__t_sectors.max,sector,31307
B,l1tex__t_sectors.min,sector,0
B,l1tex__t_sectors.sum,sector,3538619
B,l1tex__t_sectors_pipe_lsu_mem_dshared_op_atom.sum,sector,0
B,l1tex__t_sectors_pipe_lsu_mem_dshared_op_atom_lookup_miss.sum,sector,0
B,l1tex__t_sectors_pipe_lsu_mem_dshared_op_ld.sum,sector,0
B,l1tex__t_sectors_pipe_lsu_mem_dshared_op_ld_lookup_miss.sum,sector,0
B,l1tex__t_sectors_pipe_lsu_mem_dshared_op_redas.sum,sector,0
B,l1tex__t_sectors_pipe_lsu_mem_dshared_op_redas_lookup_miss.sum,sector,0
B,l1tex__t_sectors_pipe_lsu_mem_dshared_op_st.sum,sector,0
B,l1tex__t_sectors_pipe_lsu_mem_dshared_op_st_lookup_miss.sum,sector,0
B,l1tex__t_sectors_pipe_lsu_mem_global_op_atom.sum,sector,0
B,l1tex__t_sectors_pipe_lsu_mem_global_op_atom_lookup_hit.sum,sector,0
B,l1tex__t_sectors_pipe_lsu_mem_global_op_atom_lookup_miss.sum,sector,0
B,l1tex__t_sectors_pipe_lsu_mem_global_op_ld.sum,sector,3538479
B,l1tex__t_sectors_pipe_lsu_mem_global_op_ld_lookup_hit.sum,sector,357353
B,l1tex__t_sectors_pipe_lsu_mem_global_op_ld_lookup_miss.sum,sector,3181126
B,l1tex__t_sectors_pipe_lsu_mem_global_op_red.sum,sector,0
B,l1tex__t_sectors_pipe_lsu_mem_global_op_red_lookup_hit.sum,sector,0
B,l1tex__t_sectors_pipe_lsu_mem_global_op_red_lookup_miss.sum,sector,0
B,l1tex__t_sectors_pipe_lsu_mem_global_op_st.sum,sector,128
B,l1tex__t_sectors_pipe_lsu_mem_global_op_st_lookup_hit.sum,sector,0
B,l1tex__t_sectors_pipe_lsu_mem_global_op_st_lookup_miss.sum,sector,128
B,l1tex__t_sectors_pipe_lsu_mem_local_op_ld.avg.per_second,sector/s,0
B,l1tex__t_sectors_pipe_lsu_mem_local_op_ld.max.per_second,sector/s,0
B,l1tex__t_sectors_pipe_lsu_mem_local_op_ld.min.per_second,sector/s,0
B,l1tex__t_sectors_pipe_lsu_mem_local_op_ld.sum,sector,0
B,l1tex__t_sectors_pipe_lsu_mem_local_op_ld.sum.per_second,sector/s,0
B,l1tex__t_sectors_pipe_lsu_mem_local_op_ld_lookup_hit.sum,sector,0
B,l1tex__t_sectors_pipe_lsu_mem_local_op_ld_lookup_miss.sum,sector,0
B,l1tex__t_sectors_pipe_lsu_mem_local_op_st.avg.per_second,sector/s,0
B,l1tex__t_sectors_pipe_lsu_mem_local_op_st.max.per_second,sector/s,0
B,l1tex__t_sectors_pipe_lsu_mem_local_op_st.min.per_second,sector/s,0
B,l1tex__t_sectors_pipe_lsu_mem_local_op_st.sum,sector,0
B,l1tex__t_sectors_pipe_lsu_mem_local_op_st.sum.per_second,sector/s,0
B,l1tex__t_sectors_pipe_lsu_mem_local_op_st_lookup_hit.sum,sector,0
B,l1tex__t_sectors_pipe_lsu_mem_local_op_st_lookup_miss.sum,sector,0
B,l1tex__t_sectors_pipe_tex_mem_surface_op_atom.sum,sector,0
B,l1tex__t_sectors_pipe_tex_mem_surface_op_atom_lookup_hit.sum,sector,0
B,l1tex__t_sectors_pipe_tex_mem_surface_op_atom_lookup_miss.sum,sector,0
B,l1tex__t_sectors_pipe_tex_mem_surface_op_ld.sum,sector,0
B,l1tex__t_sectors_pipe_tex_mem_surface_op_ld_lookup_hit.sum,sector,0
B,l1tex__t_sectors_pipe_tex_mem_surface_op_ld_lookup_miss.sum,sector,0
B,l1tex__t_sectors_pipe_tex_mem_surface_op_red.sum,sector,0
B,l1tex__t_sectors_pipe_tex_mem_surface_op_red_lookup_hit.sum,sector,0
B,l1tex__t_sectors_pipe_tex_mem_surface_op_red_lookup_miss.sum,sector,0
B,l1tex__t_sectors_pipe_tex_mem_surface_op_st.sum,sector,0
B,l1tex__t_sectors_pipe_tex_mem_surface_op_st_lookup_hit.sum,sector,0
B,l1tex__t_sectors_pipe_tex_mem_surface_op_st_lookup_miss.sum,sector,0
B,l1tex__t_sectors_pipe_tex_mem_texture.sum,sector,0
B,l1tex__t_sectors_pipe_tex_mem_texture_lookup_hit.sum,sector,0
B,l1tex__t_sectors_pipe_tex_mem_texture_lookup_miss.sum,sector,0
B,l1tex__tex_writeback_active.avg.pct_of_peak_sustained_elapsed,%,0
B,l1tex__tex_writeback_active.max.pct_of_peak_sustained_elapsed,%,0
B,l1tex__tex_writeback_active.min.pct_of_peak_sustained_elapsed,%,0
B,l1tex__tex_writeback_active.sum,cycle,0
B,l1tex__tex_writeback_active.sum.pct_of_peak_sustained_elapsed,%,0
B,l1tex__texin_sm2tex_req_cycles_active.avg.pct_of_peak_sustained_elapsed,%,0.00
B,l1tex__texin_sm2tex_req_cycles_active.max.pct_of_peak_sustained_elapsed,%,0.00
B,l1tex__texin_sm2tex_req_cycles_active.min.pct_of_peak_sustained_elapsed,%,0.00
B,l1tex__texin_sm2tex_req_cycles_active.sum.pct_of_peak_sustained_elapsed,%,0.00
B,l1tex__throughput.avg.pct_of_peak_sustained_active,%,16.46
B,l1tex__throughput.avg.pct_of_peak_sustained_elapsed,%,9.82
B,l1tex__throughput.max.pct_of_peak_sustained_active,%,24.31
B,l1tex__throughput.max.pct_of_peak_sustained_elapsed,%,14.51
B,l1tex__throughput.min.pct_of_peak_sustained_active,%,0.01
B,l1tex__throughput.min.pct_of_peak_sustained_elapsed,%,0.00
B,l1tex__throughput.sum.pct_of_peak_sustained_active,%,16.46
B,l1tex__throughput.sum.pct_of_peak_sustained_elapsed,%,9.82
B,l1tex__tmain_requests.avg.pct_of_peak_sustained_elapsed,%,0
B,l1tex__tmain_requests.max.pct_of_peak_sustained_elapsed,%,0
B,l1tex__tmain_requests.min.pct_of_peak_sustained_elapsed,%,0
B,l1tex__tmain_requests.sum.pct_of_peak_sustained_elapsed,%,0
B,launch__barrier_count,,1
B,launch__block_dim_x,block,512
B,launch__block_dim_y,block,1
B,launch__block_dim_z,block,1
B,launch__block_size,,512
B,launch__cluster_dim_x,,0
B,launch__cluster_dim_y,,0
B,launch__cluster_dim_z,,0
B,launch__cluster_max_active,cluster,0
B,launch__cluster_max_potential_size,block,8
B,launch__cluster_scheduling_policy,,PolicySpread
B,launch__cluster_size,,0
B,launch__execution_model,,SIMT
B,launch__func_cache_config,,CachePreferNone
B,launch__grid_dim_x,,128
B,launch__grid_dim_y,,1
B,launch__grid_dim_z,,1
B,launch__grid_size,,128
B,launch__kernel_name,,
B,launch__occupancy_cluster_gpu_pct,%,0
B,launch__occupancy_cluster_pct,%,0
B,launch__occupancy_limit_barriers,block,24
B,launch__occupancy_limit_blocks,block,24
B,launch__occupancy_limit_registers,block,5
B,launch__occupancy_limit_shared_mem,block,7
B,launch__occupancy_limit_warps,block,3
B,launch__occupancy_per_barrier_count,,752
B,launch__occupancy_per_block_size,,2295
B,launch__occupancy_per_cluster_size,,0
B,launch__occupancy_per_register_count,,3760
B,launch__occupancy_per_shared_mem_size,,3424
B,launch__persisting_l2_cache_size,byte,25165824
B,launch__preferred_cluster_dim_x,,0
B,launch__preferred_cluster_dim_y,,0
B,launch__preferred_cluster_dim_z,,0
B,launch__preferred_cluster_size,,0
B,launch__registers_per_thread,register/thread,22
B,launch__registers_per_thread_allocated,register/thread,24
B,launch__shared_mem_config_size,byte,8192
B,launch__shared_mem_per_block,byte/block,1088
B,launch__shared_mem_per_block_allocated,byte/block,1152
B,launch__shared_mem_per_block_driver,byte/block,1024
B,launch__shared_mem_per_block_dynamic,byte/block,0
B,launch__shared_mem_per_block_static,byte/block,64
B,launch__sm_count,SM,188
B,launch__stack_size,,95056
B,launch__thread_count,thread,65536
B,launch__tpc_count,,94
B,launch__tpc_enabled,,all
B,launch__user_grid_dim_x,,128
B,launch__user_grid_dim_y,,1
B,launch__user_grid_dim_z,,1
B,launch__user_grid_size,,128
B,launch__uses_blocks_as_clusters,,0
B,launch__uses_cdp,,0
B,launch__uses_green_context,,0
B,launch__uses_mps,,0
B,launch__uses_vgpu,,0
B,launch__waves_per_multiprocessor,,0.23
B,lts__cycles_active.avg,cycle,132437.25
B,lts__cycles_active.max,cycle,133385
B,lts__cycles_active.min,cycle,131628
B,lts__cycles_active.sum,cycle,8475984
B,lts__cycles_elapsed.avg,cycle,149385
B,lts__cycles_elapsed.max,cycle,149385
B,lts__cycles_elapsed.min,cycle,149385
B,lts__cycles_elapsed.sum,cycle,9560640
B,lts__d_atomic_input_cycles_active.avg.pct_of_peak_sustained_elapsed,%,0
B,lts__d_atomic_input_cycles_active.max.pct_of_peak_sustained_elapsed,%,0
B,lts__d_atomic_input_cycles_active.min.pct_of_peak_sustained_elapsed,%,0
B,lts__d_atomic_input_cycles_active.sum.pct_of_peak_sustained_elapsed,%,0
B,lts__d_decomp_input_sectors.avg.pct_of_peak_sustained_elapsed,%,0
B,lts__d_decomp_input_sectors.max.pct_of_peak_sustained_elapsed,%,0
B,lts__d_decomp_input_sectors.min.pct_of_peak_sustained_elapsed,%,0
B,lts__d_decomp_input_sectors.sum.pct_of_peak_sustained_elapsed,%,0
B,lts__d_sectors.avg.pct_of_peak_sustained_elapsed,%,8.34
B,lts__d_sectors.max.pct_of_peak_sustained_elapsed,%,8.44
B,lts__d_sectors.min.pct_of_peak_sustained_elapsed,%,8.32
B,lts__d_sectors.sum.pct_of_peak_sustained_elapsed,%,8.34
B,lts__d_sectors_fill_device.avg.pct_of_peak_sustained_elapsed,%,0.00
B,lts__d_sectors_fill_device.max.pct_of_peak_sustained_elapsed,%,0.00
B,lts__d_sectors_fill_device.min.pct_of_peak_sustained_elapsed,%,0
B,lts__d_sectors_fill_device.sum.pct_of_peak_sustained_elapsed,%,0.00
B,lts__lts2xbar_cycles_active.avg.pct_of_peak_sustained_elapsed,%,16.66
B,lts__lts2xbar_cycles_active.max.pct_of_peak_sustained_elapsed,%,16.79
B,lts__lts2xbar_cycles_active.min.pct_of_peak_sustained_elapsed,%,16.52
B,lts__lts2xbar_cycles_active.sum.pct_of_peak_sustained_elapsed,%,16.66
B,lts__t_requests.sum,request,1327298
B,lts__t_requests_srcunit_gcc.sum,request,24
B,lts__t_requests_srcunit_tex.sum,request,1323992
B,lts__t_requests_srcunit_tex_op_atom_dot_alu.sum,request,0
B,lts__t_requests_srcunit_tex_op_atom_dot_cas.sum,request,0
B,lts__t_requests_srcunit_tex_op_read.sum,request,1318942
B,lts__t_requests_srcunit_tex_op_red.sum,request,0
B,lts__t_requests_srcunit_tex_op_write.sum,request,128
B,lts__t_sector_op_read_hit_rate.pct,%,99.95
B,lts__t_sector_op_write_hit_rate.pct,%,99.89
B,lts__t_sectors.avg.pct_of_peak_sustained_elapsed,%,16.68
B,lts__t_sectors.avg.peak_sustained,sector/cycle,2
B,lts__t_sectors.avg.per_cycle_elapsed,sector/cycle,0.33
B,lts__t_sectors.max.pct_of_peak_sustained_elapsed,%,16.86
B,lts__t_sectors.min.pct_of_peak_sustained_elapsed,%,16.65
B,lts__t_sectors.sum,sector,3188586
B,lts__t_sectors.sum.pct_of_peak_sustained_elapsed,%,16.68
B,lts__t_sectors.sum.per_second,sector/s,42637275353.02
B,lts__t_sectors_data_ecc.avg.pct_of_peak_sustained_elapsed,%,0
B,lts__t_sectors_data_ecc.avg.peak_sustained,sector/cycle,8
B,lts__t_sectors_data_ecc.avg.per_cycle_elapsed,sector/cycle,0
B,lts__t_sectors_data_ecc.sum,sector,0
B,lts__t_sectors_data_ecc.sum.per_second,sector/s,0
B,lts__t_sectors_evict_first_lookup_hit.sum,sector,2558
B,lts__t_sectors_evict_first_lookup_miss.sum,sector,0
B,lts__t_sectors_evict_last_lookup_hit.sum,sector,0
B,lts__t_sectors_evict_last_lookup_miss.sum,sector,0
B,lts__t_sectors_evict_normal_demote_lookup_hit.sum,sector,0
B,lts__t_sectors_evict_normal_demote_lookup_miss.sum,sector,0
B,lts__t_sectors_evict_normal_lookup_hit.sum,sector,3181372
B,lts__t_sectors_evict_normal_lookup_miss.sum,sector,4
B,lts__t_sectors_lookup_hit.sum,sector,3188665
B,lts__t_sectors_lookup_miss.sum,sector,4
B,lts__t_sectors_op_read.avg.per_second,sector/s,665169020.11
B,lts__t_sectors_op_read.max.per_second,sector/s,666733525.89
B,lts__t_sectors_op_read.min.per_second,sector/s,664607402.65
B,lts__t_sectors_op_read.sum.per_second,sector/s,42570817287.12
B,lts__t_sectors_op_write.avg.per_second,sector/s,388201.35
B,lts__t_sectors_op_write.max.per_second,sector/s,7448117.24
B,lts__t_sectors_op_write.min.per_second,sector/s,0
B,lts__t_sectors_op_write.sum.per_second,sector/s,24844886.61
B,lts__t_sectors_srcunit_gcc.avg.pct_of_peak_sustained_elapsed,%,0.00
B,lts__t_sectors_srcunit_gcc.avg.peak_sustained,sector/cycle,1
B,lts__t_sectors_srcunit_gcc.avg.per_cycle_elapsed,sector/cycle,0.00
B,lts__t_sectors_srcunit_gcc.sum,sector,72
B,lts__t_sectors_srcunit_gcc.sum.per_second,sector/s,962772.79
B,lts__t_sectors_srcunit_gcc_lookup_hit.sum,sector,72
B,lts__t_sectors_srcunit_gcc_lookup_miss.sum,sector,0
B,lts__t_sectors_srcunit_tex.avg.pct_of_peak_sustained_elapsed,%,16.64
B,lts__t_sectors_srcunit_tex.avg.peak_sustained,sector/cycle,2
B,lts__t_sectors_srcunit_tex.avg.per_cycle_elapsed,sector/cycle,0.33
B,lts__t_sectors_srcunit_tex.sum,sector,3181268
B,lts__t_sectors_srcunit_tex.sum.pct_of_peak_sustained_elapsed,%,16.64
B,lts__t_sectors_srcunit_tex.sum.per_second,sector/s,42539420196.83
B,lts__t_sectors_srcunit_tex_evict_first_lookup_hit.sum,sector,0
B,lts__t_sectors_srcunit_tex_evict_first_lookup_miss.sum,sector,0
B,lts__t_sectors_srcunit_tex_evict_last_lookup_hit.sum,sector,0
B,lts__t_sectors_srcunit_tex_evict_last_lookup_miss.sum,sector,0
B,lts__t_sectors_srcunit_tex_evict_normal_demote_lookup_hit.sum,sector,0
B,lts__t_sectors_srcunit_tex_evict_normal_demote_lookup_miss.sum,sector,0
B,lts__t_sectors_srcunit_tex_evict_normal_lookup_hit.sum,sector,3181267
B,lts__t_sectors_srcunit_tex_evict_normal_lookup_miss.sum,sector,0
B,lts__t_sectors_srcunit_tex_lookup_hit.sum,sector,3181263
B,lts__t_sectors_srcunit_tex_lookup_miss.sum,sector,0
B,lts__t_sectors_srcunit_tex_op_atom_dot_alu.avg.pct_of_peak_sustained_elapsed,%,0
B,lts__t_sectors_srcunit_tex_op_atom_dot_alu.avg.peak_sustained,sector/cycle,1
B,lts__t_sectors_srcunit_tex_op_atom_dot_alu.avg.per_cycle_elapsed,sector/cycle,0
B,lts__t_sectors_srcunit_tex_op_atom_dot_alu.sum,sector,0
B,lts__t_sectors_srcunit_tex_op_atom_dot_alu.sum.per_second,sector/s,0
B,lts__t_sectors_srcunit_tex_op_atom_dot_alu_lookup_hit.sum,sector,0
B,lts__t_sectors_srcunit_tex_op_atom_dot_alu_lookup_miss.sum,sector,0
B,lts__t_sectors_srcunit_tex_op_atom_dot_cas.avg.pct_of_peak_sustained_elapsed,%,0
B,lts__t_sectors_srcunit_tex_op_atom_dot_cas.avg.peak_sustained,sector/cycle,1
B,lts__t_sectors_srcunit_tex_op_atom_dot_cas.avg.per_cycle_elapsed,sector/cycle,0
B,lts__t_sectors_srcunit_tex_op_atom_dot_cas.sum,sector,0
B,lts__t_sectors_srcunit_tex_op_atom_dot_cas.sum.per_second,sector/s,0
B,lts__t_sectors_srcunit_tex_op_atom_dot_cas_lookup_hit.sum,sector,0
B,lts__t_sectors_srcunit_tex_op_atom_dot_cas_lookup_miss.sum,sector,0
B,lts__t_sectors_srcunit_tex_op_atom_evict_first_lookup_hit.sum,sector,0
B,lts__t_sectors_srcunit_tex_op_atom_evict_first_lookup_miss.sum,sector,0
B,lts__t_sectors_srcunit_tex_op_atom_evict_last_lookup_hit.sum,sector,0
B,lts__t_sectors_srcunit_tex_op_atom_evict_last_lookup_miss.sum,sector,0
B,lts__t_sectors_srcunit_tex_op_atom_evict_normal_lookup_hit.sum,sector,0
B,lts__t_sectors_srcunit_tex_op_atom_evict_normal_lookup_miss.sum,sector,0
B,lts__t_sectors_srcunit_tex_op_read.avg.pct_of_peak_sustained_elapsed,%,16.64
B,lts__t_sectors_srcunit_tex_op_read.avg.peak_sustained,sector/cycle,2
B,lts__t_sectors_srcunit_tex_op_read.avg.per_cycle_elapsed,sector/cycle,0.33
B,lts__t_sectors_srcunit_tex_op_read.sum,sector,3181137
B,lts__t_sectors_srcunit_tex_op_read.sum.per_second,sector/s,42537668485.24
B,lts__t_sectors_srcunit_tex_op_read_evict_first_lookup_hit.sum,sector,0
B,lts__t_sectors_srcunit_tex_op_read_evict_first_lookup_miss.sum,sector,0
B,lts__t_sectors_srcunit_tex_op_read_evict_last_lookup_hit.sum,sector,0
B,lts__t_sectors_srcunit_tex_op_read_evict_last_lookup_miss.sum,sector,0
B,lts__t_sectors_srcunit_tex_op_read_evict_normal_demote_lookup_hit.sum,sector,0
B,lts__t_sectors_srcunit_tex_op_read_evict_normal_demote_lookup_miss.sum,sector,0
B,lts__t_sectors_srcunit_tex_op_read_evict_normal_lookup_hit.sum,sector,3181134
B,lts__t_sectors_srcunit_tex_op_read_evict_normal_lookup_miss.sum,sector,0
B,lts__t_sectors_srcunit_tex_op_read_lookup_hit.sum,sector,3181134
B,lts__t_sectors_srcunit_tex_op_read_lookup_miss.sum,sector,0
B,lts__t_sectors_srcunit_tex_op_red.avg.pct_of_peak_sustained_elapsed,%,0
B,lts__t_sectors_srcunit_tex_op_red.avg.peak_sustained,sector/cycle,1
B,lts__t_sectors_srcunit_tex_op_red.avg.per_cycle_elapsed,sector/cycle,0
B,lts__t_sectors_srcunit_tex_op_red.sum,sector,0
B,lts__t_sectors_srcunit_tex_op_red.sum.per_second,sector/s,0
B,lts__t_sectors_srcunit_tex_op_red_lookup_hit.sum,sector,0
B,lts__t_sectors_srcunit_tex_op_red_lookup_miss.sum,sector,0
B,lts__t_sectors_srcunit_tex_op_write.avg.pct_of_peak_sustained_elapsed,%,0.00
B,lts__t_sectors_srcunit_tex_op_write.avg.peak_sustained,sector/cycle,1
B,lts__t_sectors_srcunit_tex_op_write.avg.per_cycle_elapsed,sector/cycle,0.00
B,lts__t_sectors_srcunit_tex_op_write.sum,sector,128
B,lts__t_sectors_srcunit_tex_op_write.sum.per_second,sector/s,1711596.06
B,lts__t_sectors_srcunit_tex_op_write_evict_first_lookup_hit.sum,sector,0
B,lts__t_sectors_srcunit_tex_op_write_evict_first_lookup_miss.sum,sector,0
B,lts__t_sectors_srcunit_tex_op_write_evict_last_lookup_hit.sum,sector,0
B,lts__t_sectors_srcunit_tex_op_write_evict_last_lookup_miss.sum,sector,0
B,lts__t_sectors_srcunit_tex_op_write_evict_normal_demote_lookup_hit.sum,sector,0
B,lts__t_sectors_srcunit_tex_op_write_evict_normal_demote_lookup_miss.sum,sector,0
B,lts__t_sectors_srcunit_tex_op_write_evict_normal_lookup_hit.sum,sector,128
B,lts__t_sectors_srcunit_tex_op_write_evict_normal_lookup_miss.sum,sector,0
B,lts__t_sectors_srcunit_tex_op_write_lookup_hit.sum,sector,128
B,lts__t_sectors_srcunit_tex_op_write_lookup_miss.sum,sector,0
B,lts__t_tag_requests.avg.pct_of_peak_sustained_elapsed,%,13.81
B,lts__t_tag_requests.max.pct_of_peak_sustained_elapsed,%,14.18
B,lts__t_tag_requests.min.pct_of_peak_sustained_elapsed,%,13.73
B,lts__t_tag_requests.sum.pct_of_peak_sustained_elapsed,%,13.81
B,lts__throughput.avg.pct_of_peak_sustained_elapsed,%,16.68
B,lts__throughput.max.pct_of_peak_sustained_elapsed,%,16.86
B,lts__throughput.min.pct_of_peak_sustained_elapsed,%,16.65
B,lts__throughput.sum.pct_of_peak_sustained_elapsed,%,16.68
B,lts__xbar2lts_cycles_active.avg.pct_of_peak_sustained_elapsed,%,10.72
B,lts__xbar2lts_cycles_active.max.pct_of_peak_sustained_elapsed,%,11.43
B,lts__xbar2lts_cycles_active.min.pct_of_peak_sustained_elapsed,%,10.64
B,lts__xbar2lts_cycles_active.sum.pct_of_peak_sustained_elapsed,%,10.72
B,profiler__perfworks_session_reuse,,0
B,profiler__replayer_bytes_mem_accessible.avg,byte,313731870
B,profiler__replayer_bytes_mem_accessible.max,byte,313731870
B,profiler__replayer_bytes_mem_accessible.min,byte,313731870
B,profiler__replayer_bytes_mem_accessible.sum,byte,10980615450
B,profiler__replayer_bytes_mem_backed_up.avg,byte,313731870
B,profiler__replayer_bytes_mem_backed_up.max,byte,313731870
B,profiler__replayer_bytes_mem_backed_up.min,byte,313731870
B,profiler__replayer_bytes_mem_backed_up.sum,byte,10980615450
B,profiler__replayer_passes,pass,35
B,profiler__replayer_passes_type_warmup,pass,0
B,sm__cycles_active.avg,cycle,102793.90
B,sm__cycles_active.max,cycle,162791
B,sm__cycles_active.min,cycle,0
B,sm__cycles_active.sum,cycle,19325253
B,sm__inst_executed.avg.pct_of_peak_sustained_elapsed,%,3.83
B,sm__inst_executed.max.pct_of_peak_sustained_elapsed,%,5.66
B,sm__inst_executed.min.pct_of_peak_sustained_elapsed,%,0
B,sm__inst_executed.sum.pct_of_peak_sustained_elapsed,%,3.83
B,sm__inst_executed_pipe_adu.avg.pct_of_peak_sustained_elapsed,%,0.16
B,sm__inst_executed_pipe_adu.max.pct_of_peak_sustained_elapsed,%,0.24
B,sm__inst_executed_pipe_adu.min.pct_of_peak_sustained_elapsed,%,0
B,sm__inst_executed_pipe_adu.sum.pct_of_peak_sustained_elapsed,%,0.16
B,sm__inst_executed_pipe_cbu_pred_on_any.avg.pct_of_peak_sustained_elapsed,%,0.04
B,sm__inst_executed_pipe_cbu_pred_on_any.max.pct_of_peak_sustained_elapsed,%,0.06
B,sm__inst_executed_pipe_cbu_pred_on_any.min.pct_of_peak_sustained_elapsed,%,0
B,sm__inst_executed_pipe_cbu_pred_on_any.sum.pct_of_peak_sustained_elapsed,%,0.04
B,sm__inst_executed_pipe_ipa.avg.pct_of_peak_sustained_elapsed,%,0
B,sm__inst_executed_pipe_ipa.max.pct_of_peak_sustained_elapsed,%,0
B,sm__inst_executed_pipe_ipa.min.pct_of_peak_sustained_elapsed,%,0
B,sm__inst_executed_pipe_ipa.sum.pct_of_peak_sustained_elapsed,%,0
B,sm__inst_executed_pipe_lsu.avg.pct_of_peak_sustained_elapsed,%,5.07
B,sm__inst_executed_pipe_lsu.max.pct_of_peak_sustained_elapsed,%,7.48
B,sm__inst_executed_pipe_lsu.min.pct_of_peak_sustained_elapsed,%,0
B,sm__inst_executed_pipe_lsu.sum.pct_of_peak_sustained_elapsed,%,5.07
B,sm__inst_executed_pipe_tex.avg.pct_of_peak_sustained_elapsed,%,0
B,sm__inst_executed_pipe_tex.max.pct_of_peak_sustained_elapsed,%,0
B,sm__inst_executed_pipe_tex.min.pct_of_peak_sustained_elapsed,%,0
B,sm__inst_executed_pipe_tex.sum.pct_of_peak_sustained_elapsed,%,0
B,sm__inst_executed_pipe_uniform.avg.pct_of_peak_sustained_elapsed,%,0.00
B,sm__inst_executed_pipe_uniform.max.pct_of_peak_sustained_elapsed,%,0.00
B,sm__inst_executed_pipe_uniform.min.pct_of_peak_sustained_elapsed,%,0
B,sm__inst_executed_pipe_uniform.sum.pct_of_peak_sustained_elapsed,%,0.00
B,sm__inst_executed_pipe_xu.avg.pct_of_peak_sustained_elapsed,%,0.04
B,sm__inst_executed_pipe_xu.max.pct_of_peak_sustained_elapsed,%,0.06
B,sm__inst_executed_pipe_xu.min.pct_of_peak_sustained_elapsed,%,0
B,sm__inst_executed_pipe_xu.sum.pct_of_peak_sustained_elapsed,%,0.04
B,sm__instruction_throughput_internal_activity.avg.pct_of_peak_sustained_elapsed,%,0
B,sm__instruction_throughput_internal_activity.max.pct_of_peak_sustained_elapsed,%,0
B,sm__instruction_throughput_internal_activity.min.pct_of_peak_sustained_elapsed,%,0
B,sm__instruction_throughput_internal_activity.sum.pct_of_peak_sustained_elapsed,%,0
B,sm__issue_active.avg.pct_of_peak_sustained_elapsed,%,3.83
B,sm__issue_active.max.pct_of_peak_sustained_elapsed,%,5.66
B,sm__issue_active.min.pct_of_peak_sustained_elapsed,%,0
B,sm__issue_active.sum.pct_of_peak_sustained_elapsed,%,3.83
B,sm__maximum_warps_avg_per_active_cycle,warp,48
B,sm__maximum_warps_per_active_cycle_pct,%,100
B,sm__memory_throughput_internal_activity.avg.pct_of_peak_sustained_elapsed,%,0.01
B,sm__memory_throughput_internal_activity.max.pct_of_peak_sustained_elapsed,%,0.01
B,sm__memory_throughput_internal_activity.min.pct_of_peak_sustained_elapsed,%,0
B,sm__memory_throughput_internal_activity.sum.pct_of_peak_sustained_elapsed,%,0.01
B,sm__mio2rf_writeback_active.avg.pct_of_peak_sustained_elapsed,%,0.68
B,sm__mio2rf_writeback_active.max.pct_of_peak_sustained_elapsed,%,1.27
B,sm__mio2rf_writeback_active.min.pct_of_peak_sustained_elapsed,%,0
B,sm__mio2rf_writeback_active.sum.pct_of_peak_sustained_elapsed,%,0.68
B,sm__mio_inst_issued.avg.pct_of_peak_sustained_elapsed,%,1.74
B,sm__mio_inst_issued.max.pct_of_peak_sustained_elapsed,%,2.58
B,sm__mio_inst_issued.min.pct_of_peak_sustained_elapsed,%,0
B,sm__mio_inst_issued.sum.pct_of_peak_sustained_elapsed,%,1.74
B,sm__mio_pq_read_cycles_active.avg.pct_of_peak_sustained_elapsed,%,0.04
B,sm__mio_pq_read_cycles_active.max.pct_of_peak_sustained_elapsed,%,0.06
B,sm__mio_pq_read_cycles_active.min.pct_of_peak_sustained_elapsed,%,0
B,sm__mio_pq_read_cycles_active.sum.pct_of_peak_sustained_elapsed,%,0.04
B,sm__mio_pq_write_cycles_active.avg.pct_of_peak_sustained_elapsed,%,0.04
B,sm__mio_pq_write_cycles_active.max.pct_of_peak_sustained_elapsed,%,0.06
B,sm__mio_pq_write_cycles_active.min.pct_of_peak_sustained_elapsed,%,0
B,sm__mio_pq_write_cycles_active.sum.pct_of_peak_sustained_elapsed,%,0.04
B,sm__pipe_aluheavy_cycles_active.avg.pct_of_peak_sustained_elapsed,%,0.19
B,sm__pipe_aluheavy_cycles_active.max.pct_of_peak_sustained_elapsed,%,0.37
B,sm__pipe_aluheavy_cycles_active.min.pct_of_peak_sustained_elapsed,%,0
B,sm__pipe_aluheavy_cycles_active.sum.pct_of_peak_sustained_elapsed,%,0.19
B,sm__pipe_fma_cycles_active.avg.pct_of_peak_sustained_elapsed,%,0.64
B,sm__pipe_fma_cycles_active.max.pct_of_peak_sustained_elapsed,%,0.95
B,sm__pipe_fma_cycles_active.min.pct_of_peak_sustained_elapsed,%,0
B,sm__pipe_fma_cycles_active.sum.pct_of_peak_sustained_elapsed,%,0.64
B,sm__pipe_fmaheavy_cycles_active.avg.pct_of_peak_sustained_elapsed,%,6.13
B,sm__pipe_fmaheavy_cycles_active.max.pct_of_peak_sustained_elapsed,%,9.10
B,sm__pipe_fmaheavy_cycles_active.min.pct_of_peak_sustained_elapsed,%,0
B,sm__pipe_fmaheavy_cycles_active.sum.pct_of_peak_sustained_elapsed,%,6.13
B,sm__pipe_fp64_cycles_active.avg.pct_of_peak_sustained_elapsed,%,0
B,sm__pipe_fp64_cycles_active.max.pct_of_peak_sustained_elapsed,%,0
B,sm__pipe_fp64_cycles_active.min.pct_of_peak_sustained_elapsed,%,0
B,sm__pipe_fp64_cycles_active.sum.pct_of_peak_sustained_elapsed,%,0
B,sm__pipe_tensor_cycles_active.avg.pct_of_peak_sustained_elapsed,%,0
B,sm__pipe_tensor_cycles_active.max.pct_of_peak_sustained_elapsed,%,0
B,sm__pipe_tensor_cycles_active.min.pct_of_peak_sustained_elapsed,%,0
B,sm__pipe_tensor_cycles_active.sum.pct_of_peak_sustained_elapsed,%,0
B,sm__pipe_tma_cycles_active.avg.pct_of_peak_sustained_elapsed,%,0
B,sm__pipe_tma_cycles_active.max.pct_of_peak_sustained_elapsed,%,0
B,sm__pipe_tma_cycles_active.min.pct_of_peak_sustained_elapsed,%,0
B,sm__pipe_tma_cycles_active.sum.pct_of_peak_sustained_elapsed,%,0
B,sm__sass_inst_executed_op_ldgsts_cache_access.sum,inst,0
B,sm__sass_inst_executed_op_ldgsts_cache_bypass.sum,inst,0
B,sm__sass_l1tex_t_requests_pipe_lsu_mem_global_op_ldgsts_cache_access.sum,,0
B,sm__sass_l1tex_t_requests_pipe_lsu_mem_global_op_ldgsts_cache_bypass.sum,,0
B,sm__sass_l1tex_t_sectors_pipe_lsu_mem_global_op_ldgsts_cache_access.sum,sector,0
B,sm__sass_l1tex_t_sectors_pipe_lsu_mem_global_op_ldgsts_cache_access.sum.pct_of_peak_sustained_elapsed,%,0
B,sm__sass_l1tex_t_sectors_pipe_lsu_mem_global_op_ldgsts_cache_bypass.sum,sector,0
B,sm__sass_l1tex_t_sectors_pipe_lsu_mem_global_op_ldgsts_cache_bypass.sum.pct_of_peak_sustained_elapsed,%,0
B,sm__throughput.avg.pct_of_peak_sustained_elapsed,%,6.13
B,sm__throughput.max.pct_of_peak_sustained_elapsed,%,9.10
B,sm__throughput.min.pct_of_peak_sustained_elapsed,%,0
B,sm__throughput.sum.pct_of_peak_sustained_elapsed,%,6.13
B,sm__warps_active.avg.pct_of_peak_sustained_active,%,33.27
B,sm__warps_active.avg.per_cycle_active,warp,15.97
B,sm__warps_active.max.pct_of_peak_sustained_active,%,52.70
B,sm__warps_active.max.per_cycle_active,warp,25.29
B,sm__warps_active.min.pct_of_peak_sustained_active,%,0
B,sm__warps_active.min.per_cycle_active,warp,0
B,sm__warps_active.sum.pct_of_peak_sustained_active,%,33.27
B,sm__warps_active.sum.per_cycle_active,warp,3002.40
B,smsp__average_warp_latency_per_inst_issued.ratio,cycle,61.82
B,smsp__average_warps_active_per_inst_executed.ratio,cycle,61.82
B,smsp__average_warps_issue_stalled_barrier_per_issue_active.ratio,inst,0.77
B,smsp__average_warps_issue_stalled_branch_resolving_per_issue_active.ratio,inst,0.50
B,smsp__average_warps_issue_stalled_dispatch_stall_per_issue_active.ratio,inst,0.02
B,smsp__average_warps_issue_stalled_drain_per_issue_active.ratio,inst,0.00
B,smsp__average_warps_issue_stalled_lg_throttle_per_issue_active.ratio,inst,0
B,smsp__average_warps_issue_stalled_long_scoreboard_per_issue_active.ratio,inst,54.96
B,smsp__average_warps_issue_stalled_math_pipe_throttle_per_issue_active.ratio,inst,0.01
B,smsp__average_warps_issue_stalled_membar_per_issue_active.ratio,inst,0
B,smsp__average_warps_issue_stalled_mio_throttle_per_issue_active.ratio,inst,0.07
B,smsp__average_warps_issue_stalled_misc_per_issue_active.ratio,inst,0.00
B,smsp__average_warps_issue_stalled_no_instruction_per_issue_active.ratio,inst,0.34
B,smsp__average_warps_issue_stalled_not_selected_per_issue_active.ratio,inst,0.04
B,smsp__average_warps_issue_stalled_selected_per_issue_active.ratio,inst,1
B,smsp__average_warps_issue_stalled_short_scoreboard_per_issue_active.ratio,inst,0.17
B,smsp__average_warps_issue_stalled_sleeping_per_issue_active.ratio,inst,0
B,smsp__average_warps_issue_stalled_tex_throttle_per_issue_active.ratio,inst,0
B,smsp__average_warps_issue_stalled_wait_per_issue_active.ratio,inst,4.31
B,smsp__branch_targets_threads_divergent,branches,2156
B,smsp__inst_executed.avg,inst,6601.86
B,smsp__inst_executed.max,inst,9768
B,smsp__inst_executed.min,inst,0
B,smsp__inst_executed.sum,inst,4964598
B,smsp__inst_executed_op_branch.avg,inst,1074.22
B,smsp__inst_executed_op_branch.max,inst,1588
B,smsp__inst_executed_op_branch.min,inst,0
B,smsp__inst_executed_op_branch.sum,inst,807811
B,smsp__inst_executed_op_generic_atom_dot_alu.sum,inst,0
B,smsp__inst_executed_op_generic_atom_dot_cas.sum,inst,0
B,smsp__inst_executed_op_global_red.sum,inst,0
B,smsp__inst_executed_op_ldgsts.sum,inst,0
B,smsp__inst_executed_op_ldsm.sum,inst,0
B,smsp__inst_executed_op_shared_atom.sum,inst,0
B,smsp__inst_executed_op_shared_stsm.sum,inst,0
B,smsp__inst_executed_op_surface_atom_dot_alu.sum,inst,0
B,smsp__inst_executed_op_surface_atom_dot_cas.sum,inst,0
B,smsp__inst_executed_op_surface_ld.sum,inst,0
B,smsp__inst_executed_op_surface_red.sum,inst,0
B,smsp__inst_executed_op_surface_st.sum,inst,0
B,smsp__inst_executed_op_texture.sum,inst,0
B,smsp__inst_issued.avg,inst,6601.86
B,smsp__inst_issued.max,inst,9768
B,smsp__inst_issued.min,inst,0
B,smsp__inst_issued.sum,inst,4964598
B,smsp__issue_active.avg.pct_of_peak_sustained_active,%,6.48
B,smsp__issue_active.avg.per_cycle_active,,0.06
B,smsp__issue_active.max.pct_of_peak_sustained_active,%,9.59
B,smsp__issue_active.max.per_cycle_active,,0.10
B,smsp__issue_active.min.pct_of_peak_sustained_active,%,0
B,smsp__issue_active.min.per_cycle_active,,0
B,smsp__issue_active.sum.pct_of_peak_sustained_active,%,6.48
B,smsp__issue_active.sum.per_cycle_active,,48.74
B,smsp__issue_inst0.avg.pct_of_peak_sustained_active,%,93.52
B,smsp__issue_inst0.max.pct_of_peak_sustained_active,%,148.89
B,smsp__issue_inst0.min.pct_of_peak_sustained_active,%,0
B,smsp__issue_inst0.sum.pct_of_peak_sustained_active,%,93.52
B,smsp__maximum_warps_avg_per_active_cycle,warp,12
B,smsp__pcsamp_aggregated_passes,pass,2
B,smsp__pcsamp_buffer_overflow,,0
B,smsp__pcsamp_buffer_size_bytes,byte,33554432
B,smsp__pcsamp_dropped_bytes,byte,0
B,smsp__pcsamp_interval,,7
B,smsp__pcsamp_interval_cycles,cycle,4096
B,smsp__pcsamp_sample_count,,4736
B,smsp__pcsamp_warps_issue_stalled_barrier,warp,75
B,smsp__pcsamp_warps_issue_stalled_barrier_not_issued,warp,75
B,smsp__pcsamp_warps_issue_stalled_branch_resolving,branches,55
B,smsp__pcsamp_warps_issue_stalled_branch_resolving_not_issued,branches,52
B,smsp__pcsamp_warps_issue_stalled_dispatch_stall,warp,0
B,smsp__pcsamp_warps_issue_stalled_dispatch_stall_not_issued,warp,0
B,smsp__pcsamp_warps_issue_stalled_drain,warp,2
B,smsp__pcsamp_warps_issue_stalled_drain_not_issued,warp,2
B,smsp__pcsamp_warps_issue_stalled_lg_throttle,warp,0
B,smsp__pcsamp_warps_issue_stalled_lg_throttle_not_issued,warp,0
B,smsp__pcsamp_warps_issue_stalled_long_scoreboard,warp,4159
B,smsp__pcsamp_warps_issue_stalled_long_scoreboard_not_issued,warp,3923
B,smsp__pcsamp_warps_issue_stalled_math_pipe_throttle,warp,0
B,smsp__pcsamp_warps_issue_stalled_math_pipe_throttle_not_issued,warp,0
B,smsp__pcsamp_warps_issue_stalled_membar,warp,0
B,smsp__pcsamp_warps_issue_stalled_membar_not_issued,warp,0
B,smsp__pcsamp_warps_issue_stalled_mio_throttle,warp,1
B,smsp__pcsamp_warps_issue_stalled_mio_throttle_not_issued,warp,1
B,smsp__pcsamp_warps_issue_stalled_misc,warp,0
B,smsp__pcsamp_warps_issue_stalled_misc_not_issued,warp,0
B,smsp__pcsamp_warps_issue_stalled_no_instructions,inst,30
B,smsp__pcsamp_warps_issue_stalled_no_instructions_not_issued,inst,29
B,smsp__pcsamp_warps_issue_stalled_not_selected,warp,2
B,smsp__pcsamp_warps_issue_stalled_not_selected_not_issued,warp,0
B,smsp__pcsamp_warps_issue_stalled_selected,warp,77
B,smsp__pcsamp_warps_issue_stalled_selected_not_issued,warp,0
B,smsp__pcsamp_warps_issue_stalled_short_scoreboard,warp,12
B,smsp__pcsamp_warps_issue_stalled_short_scoreboard_not_issued,warp,12
B,smsp__pcsamp_warps_issue_stalled_sleeping,warp,0
B,smsp__pcsamp_warps_issue_stalled_sleeping_not_issued,warp,0
B,smsp__pcsamp_warps_issue_stalled_tex_throttle,warp,0
B,smsp__pcsamp_warps_issue_stalled_tex_throttle_not_issued,warp,0
B,smsp__pcsamp_warps_issue_stalled_wait,warp,323
B,smsp__pcsamp_warps_issue_stalled_wait_not_issued,warp,310
B,smsp__sass_average_branch_targets_threads_uniform.pct,%,99.73
B,smsp__sass_average_data_bytes_per_sector_mem_global_op_ld.max_rate,byte/sector,32
B,smsp__sass_average_data_bytes_per_sector_mem_global_op_ld.ratio,byte/sector,28.77
B,smsp__sass_average_data_bytes_per_sector_mem_global_op_st.max_rate,byte/sector,32
B,smsp__sass_average_data_bytes_per_sector_mem_global_op_st.ratio,byte/sector,4
B,smsp__sass_average_data_bytes_per_sector_mem_local_op_ld.max_rate,byte/sector,32
B,smsp__sass_average_data_bytes_per_sector_mem_local_op_ld.ratio,byte/sector,0
B,smsp__sass_average_data_bytes_per_sector_mem_local_op_st.max_rate,byte/sector,32
B,smsp__sass_average_data_bytes_per_sector_mem_local_op_st.ratio,byte/sector,0
B,smsp__sass_branch_targets_threads_divergent.avg,branches,2.87
B,smsp__sass_branch_targets_threads_divergent.max,branches,5
B,smsp__sass_branch_targets_threads_divergent.min,branches,0
B,smsp__sass_branch_targets_threads_divergent.sum,branches,2156
B,smsp__sass_inst_executed_memdesc_explicit_evict_type,,0
B,smsp__sass_inst_executed_memdesc_explicit_hitprop_evict_first,inst,0
B,smsp__sass_inst_executed_memdesc_explicit_hitprop_evict_last,inst,0
B,smsp__sass_inst_executed_memdesc_explicit_hitprop_evict_normal,inst,0
B,smsp__sass_inst_executed_memdesc_explicit_hitprop_evict_normal_demote,inst,0
B,smsp__sass_inst_executed_memdesc_explicit_missprop_evict_first,inst,0
B,smsp__sass_inst_executed_memdesc_explicit_missprop_evict_normal,inst,0
B,smsp__sass_inst_executed_op_dshared_atom.sum,inst,0
B,smsp__sass_inst_executed_op_dshared_ld.sum,inst,0
B,smsp__sass_inst_executed_op_dshared_redas.sum,inst,0
B,smsp__sass_inst_executed_op_dshared_st.sum,inst,0
B,smsp__sass_inst_executed_op_dshared_stas.sum,inst,0
B,smsp__sass_inst_executed_op_dshared_tma_red.sum,inst,0
B,smsp__sass_inst_executed_op_dshared_tma_st.sum,inst,0
B,smsp__sass_inst_executed_op_global_ld.sum,inst,805383
B,smsp__sass_inst_executed_op_global_st.sum,inst,128
B,smsp__sass_inst_executed_op_local_ld.sum,inst,0
B,smsp__sass_inst_executed_op_local_st.sum,inst,0
B,smsp__sass_inst_executed_op_shared_ld.sum,inst,128
B,smsp__sass_inst_executed_op_shared_st.sum,inst,2048
B,smsp__sass_inst_executed_op_tma_ld.sum,inst,0
B,smsp__sass_inst_executed_op_tma_red.sum,inst,0
B,smsp__sass_inst_executed_op_tma_st.sum,inst,0
B,smsp__sass_l1tex_data_pipe_lsu_wavefronts_mem_shared_op_ldgsts.sum,,0
B,smsp__sass_l1tex_data_pipe_lsu_wavefronts_mem_shared_op_ldgsts.sum.pct_of_peak_sustained_elapsed,%,0
B,smsp__sass_l1tex_data_pipe_lsu_wavefronts_mem_shared_op_ldgsts_cache_access.sum,,0
B,smsp__sass_l1tex_data_pipe_lsu_wavefronts_mem_shared_op_ldgsts_cache_access.sum.pct_of_peak_sustained_elapsed,%,0
B,smsp__sass_l1tex_m_xbar2l1tex_read_sectors_mem_global_op_ldgsts_cache_bypass.sum,sector,0
B,smsp__sass_l1tex_m_xbar2l1tex_read_sectors_mem_global_op_ldgsts_cache_bypass.sum.pct_of_peak_sustained_elapsed,%,0
B,smsp__thread_inst_executed_per_inst_executed.ratio,,31.88
B,smsp__thread_inst_executed_pred_on_per_inst_executed.ratio,,31.81
B,smsp__warps_active.avg.peak_sustained,warp,12
B,smsp__warps_active.avg.per_cycle_active,warp,4.01
B,smsp__warps_active.max.peak_sustained,warp,12
B,smsp__warps_active.max.per_cycle_active,warp,6.34
B,smsp__warps_active.min.peak_sustained,warp,12
B,smsp__warps_active.min.per_cycle_active,warp,0
B,smsp__warps_active.sum.peak_sustained,warp,9024
B,smsp__warps_active.sum.per_cycle_active,warp,3013.42
B,smsp__warps_eligible.avg.per_cycle_active,warp,0.07
B,smsp__warps_eligible.max.per_cycle_active,warp,0.10
B,smsp__warps_eligible.min.per_cycle_active,warp,0
B,smsp__warps_eligible.sum.per_cycle_active,warp,50.68
