q,radius,pair,order,variant,sample,wall_s,thread_cpu_s,process_cpu_s,residual_s
32,300,0,AB,A,0,0.011146554,0.011148972,0.011186417,5.629999999999524e-06
32,300,0,AB,A,1,0.01112833,0.011129586,0.011141116,3.806999999999769e-06
32,300,0,AB,A,2,0.011130611,0.011131746,0.011131163,3.3510000000003953e-06
32,300,0,AB,A,3,0.011144294,0.011145439,0.011144855,3.386000000001055e-06
32,300,0,AB,A,4,0.011128627,0.011129844,0.01112918,3.417999999999824e-06
32,300,0,AB,A,5,0.011130706,0.011131903,0.011131319,3.6570000000006597e-06
32,300,0,AB,A,6,0.011149314,0.01115038,0.011149844,3.4090000000010917e-06
32,300,0,AB,A,7,0.011140636,0.011141739,0.011141165,3.381000000000217e-06
32,300,0,AB,B,0,0.002572564,0.002574831,0.002573816,7.4739999999999356e-06
32,300,0,AB,B,1,0.002583967,0.002585222,0.002584431,4.955999999999971e-06
32,300,0,AB,B,2,0.002610127,0.002611336,0.0026106,4.329999999999872e-06
32,300,0,AB,B,3,0.002595905,0.002597081,0.002596345,4.061000000000082e-06
32,300,0,AB,B,4,0.002599927,0.002601105,0.002600377,3.916999999999983e-06
32,300,0,AB,B,5,0.002611823,0.00261298,0.002612261,3.942000000000268e-06
32,300,0,AB,B,6,0.002597656,0.002598839,0.0025981,4.309999999999557e-06
32,300,0,AB,B,7,0.002685391,0.002686597,0.002685845,5.864999999999863e-06
32,300,1,BA,B,0,0.002520107,0.002522241,0.002521317,5.612000000000325e-06
32,300,1,BA,B,1,0.002493911,0.002494926,0.002494284,4.056000000000112e-06
32,300,1,BA,B,2,0.002483759,0.002484727,0.002484118,3.6139999999998743e-06
32,300,1,BA,B,3,0.002518581,0.002519523,0.002518948,3.2770000000003144e-06
32,300,1,BA,B,4,0.002485126,0.002486058,0.002485485,3.179999999999763e-06
32,300,1,BA,B,5,0.002489671,0.002490608,0.002490027,3.3350000000001434e-06
32,300,1,BA,B,6,0.002502868,0.002503803,0.00250323,3.1090000000002713e-06
32,300,1,BA,B,7,0.002497177,0.002498099,0.002497527,2.948000000000013e-06
32,300,1,BA,A,0,0.011906745,0.011909023,0.011908199,6.472000000000422e-06
32,300,1,BA,A,1,0.011405871,0.011363812,0.011363182,4.620999999999792e-06
32,300,1,BA,A,2,0.011807971,0.011809409,0.011845726,3.688999999999429e-06
32,300,1,BA,A,3,0.01332803,0.012348447,0.012347889,3.619999999999318e-06
32,300,1,BA,A,4,0.011099005,0.01110009,0.011099555,3.310999999998898e-06
32,300,1,BA,A,5,0.01157007,0.011571206,0.011570635,2.9870000000011693e-06
32,300,1,BA,A,6,0.011445311,0.011396596,0.011396063,3.2599999999997215e-06
32,300,1,BA,A,7,0.011096742,0.011097834,0.011097296,3.231999999998847e-06
32,300,2,AB,A,0,0.0111088,0.011110986,0.0111101,6.176000000000098e-06
32,300,2,AB,A,1,0.011090444,0.011091577,0.011090981,4.4510000000008015e-06
32,300,2,AB,A,2,0.011079599,0.011080839,0.011093654,3.4719999999991563e-06
32,300,2,AB,A,3,0.011084217,0.011080821,0.011080055,3.474000000001573e-06
32,300,2,AB,A,4,0.011096412,0.011097691,0.011121913,3.9600000000007685e-06
32,300,2,AB,A,5,0.01108887,0.011090084,0.011089454,3.7820000000007847e-06
32,300,2,AB,A,6,0.011096685,0.011097856,0.011097236,3.4780000000012024e-06
32,300,2,AB,A,7,0.011090595,0.011091732,0.011091133,3.6509999999986137e-06
32,300,2,AB,B,0,0.002479365,0.002481263,0.002480434,5.880999999999682e-06
32,300,2,AB,B,1,0.002476185,0.00247709,0.002476554,4.305999999999928e-06
32,300,2,AB,B,2,0.002458582,0.002459506,0.00245896,3.897000000000102e-06
32,300,2,AB,B,3,0.00249858,0.002499519,0.00249894,3.5469999999995783e-06
32,300,2,AB,B,4,0.002451277,0.002452198,0.002451628,3.4699999999997753e-06
32,300,2,AB,B,5,0.00250986,0.002510755,0.002510226,3.3569999999998393e-06
32,300,2,AB,B,6,0.002429684,0.002430558,0.002430036,3.1410000000003414e-06
32,300,2,AB,B,7,0.002475367,0.002476271,0.002475724,3.4359999999998905e-06
32,300,3,BA,B,0,0.002475291,0.002477405,0.002476481,5.284000000000365e-06
32,300,3,BA,B,1,0.002477033,0.002477999,0.002477438,4.2040000000002735e-06
32,300,3,BA,B,2,0.002462236,0.002463157,0.002462609,3.5690000000001415e-06
32,300,3,BA,B,3,0.002456732,0.002457661,0.002457096,3.313999999999921e-06
32,300,3,BA,B,4,0.002465112,0.00246604,0.002465481,3.2070000000002964e-06
32,300,3,BA,B,5,0.002496533,0.002497446,0.002496896,2.9679999999998943e-06
32,300,3,BA,B,6,0.002460511,0.002461442,0.002460882,3.0999999999998043e-06
32,300,3,BA,B,7,0.002486093,0.002487036,0.002486465,3.1440000000000634e-06
32,300,3,BA,A,0,0.011154582,0.011157126,0.01115606,6.567000000000725e-06
32,300,3,BA,A,1,0.011128798,0.011129923,0.011129351,4.689000000000429e-06
32,300,3,BA,A,2,0.011136253,0.011137431,0.011136797,4.061000000001383e-06
32,300,3,BA,A,3,0.011137788,0.01113909,0.011138331,3.912999999999486e-06
32,300,3,BA,A,4,0.011150958,0.011152197,0.011151505,4.4650000000003714e-06
32,300,3,BA,A,5,0.012086941,0.01197564,0.011974714,5.1060000000012484e-06
32,300,3,BA,A,6,0.011471911,0.011423447,0.011422597,5.308000000000743e-06
32,300,3,BA,A,7,0.011205839,0.011207392,0.01122774,4.850000000000687e-06
32,300,4,AB,A,0,0.011313094,0.011315238,0.011314384,5.892999999998136e-06
32,300,4,AB,A,1,0.01162856,0.01162967,0.011629105,3.898999999999916e-06
32,300,4,AB,A,2,0.013057434,0.013058623,0.01305802,3.486000000000461e-06
32,300,4,AB,A,3,0.013181864,0.012637944,0.012637368,3.670000000000756e-06
32,300,4,AB,A,4,0.011320492,0.011321818,0.011358973,3.288000000000596e-06
32,300,4,AB,A,5,0.011306704,0.011307802,0.011307251,3.2780000000006554e-06
32,300,4,AB,A,6,0.011626561,0.011627655,0.011627109,3.236000000000211e-06
32,300,4,AB,A,7,0.011611647,0.010971439,0.010970813,3.3389999999997727e-06
32,300,4,AB,B,0,0.002709042,0.002710679,0.002709916,6.046000000000003e-06
32,300,4,AB,B,1,0.002677674,0.002678698,0.002678109,4.209000000000244e-06
32,300,4,AB,B,2,0.002699983,0.0027009,0.00270036,3.515999999999849e-06
32,300,4,AB,B,3,0.002671346,0.002672264,0.002671722,3.5359999999997303e-06
32,300,4,AB,B,4,0.002698055,0.002698971,0.002698436,3.2619999999999698e-06
32,300,4,AB,B,5,0.002686918,0.00268789,0.002687332,3.3339999999998024e-06
32,300,4,AB,B,6,0.002679028,0.002679931,0.002679402,3.2740000000001587e-06
32,300,4,AB,B,7,0.00267354,0.002674454,0.002673915,3.320999999999706e-06
32,300,5,BA,B,0,0.00252288,0.002525144,0.002524243,6.010999999999777e-06
32,300,5,BA,B,1,0.002505663,0.002506614,0.002506045,3.965000000000305e-06
32,300,5,BA,B,2,0.002490988,0.00249196,0.002491353,3.5920000000001784e-06
32,300,5,BA,B,3,0.002500714,0.002501672,0.002501078,3.0999999999998043e-06
32,300,5,BA,B,4,0.002497688,0.002498648,0.002498051,2.9040000000001877e-06
32,300,5,BA,B,5,0.002497967,0.002498894,0.002498328,3.1049999999997746e-06
32,300,5,BA,B,6,0.002498032,0.002498951,0.00249838,3.0879999999996154e-06
32,300,5,BA,B,7,0.002492426,0.00249337,0.002492792,2.7999999999998512e-06
32,300,5,BA,A,0,0.011482409,0.011484759,0.011483665,6.1680000000008395e-06
32,300,5,BA,A,1,0.011523696,0.011524888,0.011524269,4.314000000000054e-06
32,300,5,BA,A,2,0.011326767,0.011327951,0.011327338,3.4879999999994082e-06
32,300,5,BA,A,3,0.015333259,0.012239696,0.012271971,3.912999999999486e-06
32,300,5,BA,A,4,0.011857504,0.011030122,0.011043326,5.496999999998406e-06
32,300,5,BA,A,5,0.011310294,0.011311466,0.011310842,4.1399999999996995e-06
32,300,5,BA,A,6,0.01130368,0.011304847,0.011304234,3.638000000000252e-06
32,300,5,BA,A,7,0.011281695,0.011282846,0.011282254,3.581999999998503e-06
32,500,0,AB,A,0,0.012179633,0.012182175,0.012181373,5.7860000000006795e-06
32,500,0,AB,A,1,0.012175438,0.012166417,0.012165864,3.836999999999591e-06
32,500,0,AB,A,2,0.012175442,0.012176616,0.012176055,3.6829999999991175e-06
32,500,0,AB,A,3,0.012190182,0.012191293,0.012190753,3.3489999999997133e-06
32,500,0,AB,A,4,0.01217776,0.012178904,0.012178335,3.0889999999995227e-06
32,500,0,AB,A,5,0.012162457,0.012163541,0.012163014,3.0799999999990557e-06
32,500,0,AB,A,6,0.012176329,0.01217756,0.012208493,3.1509999999998484e-06
32,500,0,AB,A,7,0.012174776,0.012175905,0.012175332,3.229000000000426e-06
32,500,0,AB,B,0,0.002645031,0.002647218,0.002646431,5.550999999999907e-06
32,500,0,AB,B,1,0.002675416,0.002676321,0.002675775,4.8919999999998305e-06
32,500,0,AB,B,2,0.00263441,0.002635322,0.002634779,3.4429999999996755e-06
32,500,0,AB,B,3,0.003494477,0.003495417,0.003494848,3.349000000000147e-06
32,500,0,AB,B,4,0.002902108,0.00290299,0.002902467,3.54400000000029e-06
32,500,0,AB,B,5,0.002631689,0.002632581,0.002632049,3.168999999999915e-06
32,500,0,AB,B,6,0.002646007,0.002646901,0.002646376,3.066000000000353e-06
32,500,0,AB,B,7,0.002655327,0.002656204,0.002655684,3.07099999999989e-06
32,500,1,BA,B,0,0.002684337,0.002686565,0.002685682,5.490000000000356e-06
32,500,1,BA,B,1,0.002653272,0.002654231,0.002653669,4.182000000000144e-06
32,500,1,BA,B,2,0.002633341,0.002634276,0.002633723,3.430000000000013e-06
32,500,1,BA,B,3,0.003447139,0.003403721,0.00340298,3.2759999999999734e-06
32,500,1,BA,B,4,0.00263923,0.002623315,0.002622701,3.3969999999996017e-06
32,500,1,BA,B,5,0.002723004,0.002672446,0.002671894,3.1739999999998852e-06
32,500,1,BA,B,6,0.002646883,0.002647804,0.002647257,3.5519999999999823e-06
32,500,1,BA,B,7,0.002622477,0.002623398,0.002622847,3.1149999999997152e-06
32,500,1,BA,A,0,0.012180657,0.01218307,0.012182186,5.5249999999992805e-06
32,500,1,BA,A,1,0.012222242,0.011843967,0.011865343,4.673999999999651e-06
32,500,1,BA,A,2,0.012142877,0.01214411,0.012157096,3.4619999999992157e-06
32,500,1,BA,A,3,0.012140492,0.012141597,0.012141056,3.3629999999992832e-06
32,500,1,BA,A,4,0.012378169,0.012379252,0.012378727,3.3529999999993426e-06
32,500,1,BA,A,5,0.01373547,0.013377699,0.013377098,3.625000000000156e-06
32,500,1,BA,A,6,0.012129461,0.012130548,0.012130017,3.367999999998386e-06
32,500,1,BA,A,7,0.012183174,0.012174062,0.01217353,3.1170000000003972e-06
32,500,2,AB,A,0,0.012145797,0.012148331,0.01218101,6.179000000000254e-06
32,500,2,AB,A,1,0.01214871,0.012149898,0.01214929,4.105000000000775e-06
32,500,2,AB,A,2,0.012144797,0.012145952,0.012145359,3.569999999999615e-06
32,500,2,AB,A,3,0.012103167,0.012104298,0.01210373,3.377000000000588e-06
32,500,2,AB,A,4,0.012140494,0.01214165,0.012141084,3.4079999999998833e-06
32,500,2,AB,A,5,0.012154477,0.012155679,0.012155077,3.5279999999991707e-06
32,500,2,AB,A,6,0.012137389,0.012138573,0.012137982,3.5759999999999265e-06
32,500,2,AB,A,7,0.012145524,0.012146687,0.012146112,3.5079999999992895e-06
32,500,2,AB,B,0,0.002676591,0.002678836,0.002678036,6.030999999999658e-06
32,500,2,AB,B,1,0.002998718,0.002705499,0.002704877,4.465999999999845e-06
32,500,2,AB,B,2,0.002990168,0.002668117,0.002667478,3.921000000000046e-06
32,500,2,AB,B,3,0.002663599,0.002664527,0.002663975,3.4079999999998833e-06
32,500,2,AB,B,4,0.002708016,0.002708917,0.00270839,3.0170000000001237e-06
32,500,2,AB,B,5,0.002668131,0.002669032,0.002668501,3.062999999999764e-06
32,500,2,AB,B,6,0.003249584,0.003250492,0.003249957,2.9559999999997054e-06
32,500,2,AB,B,7,0.002932705,0.002889031,0.002888439,3.37199999999975e-06
32,500,3,BA,B,0,0.002683148,0.002685325,0.00268446,5.721999999999672e-06
32,500,3,BA,B,1,0.002656874,0.00266052,0.002658757,3.3419999999999284e-06
32,500,3,BA,B,2,0.00273351,0.002734451,0.002733893,3.287000000000255e-06
32,500,3,BA,B,3,0.002944463,0.002897358,0.00289678,3.260000000000155e-06
32,500,3,BA,B,4,0.002666627,0.002667573,0.002666986,2.935999999999824e-06
32,500,3,BA,B,5,0.003660018,0.002705352,0.002704737,3.251000000000122e-06
32,500,3,BA,B,6,0.002662187,0.002663182,0.002662558,2.798999999999944e-06
32,500,3,BA,B,7,0.003202196,0.0031644,0.003163805,2.8979999999998764e-06
32,500,3,BA,A,0,0.012396122,0.012398448,0.012397465,5.958000000002087e-06
32,500,3,BA,A,1,0.01235379,0.012355647,0.012354891,4.438999999998444e-06
32,500,3,BA,A,2,0.012383349,0.012384521,0.012383915,3.5570000000012536e-06
32,500,3,BA,A,3,0.012758751,0.012724682,0.012724069,3.69499999999974e-06
32,500,3,BA,A,4,0.012393337,0.012394566,0.012393915,3.3580000000001803e-06
32,500,3,BA,A,5,0.012626555,0.012275295,0.012311283,3.5539999999993632e-06
32,500,3,BA,A,6,0.012369967,0.012371158,0.012370549,3.194000000001501e-06
32,500,3,BA,A,7,0.01244339,0.012444572,0.012443964,3.242999999999996e-06
32,500,4,AB,A,0,0.012270262,0.012273067,0.012272006,7.419000000001563e-06
32,500,4,AB,A,1,0.012170601,0.012171898,0.012171212,4.920999999999745e-06
32,500,4,AB,A,2,0.012177182,0.01217834,0.012177735,3.4939999999997196e-06
32,500,4,AB,A,3,0.012172587,0.012173845,0.012195003,3.3910000000018925e-06
32,500,4,AB,A,4,0.01217396,0.012175115,0.012174508,3.345999999997823e-06
32,500,4,AB,A,5,0.012231958,0.012233353,0.012245773,3.642999999999355e-06
32,500,4,AB,A,6,0.012173498,0.012174629,0.012174045,3.8130000000000802e-06
32,500,4,AB,A,7,0.012221613,0.012213187,0.01221257,3.3809999999984824e-06
32,500,4,AB,B,0,0.002914119,0.002916147,0.002915182,6.177000000000005e-06
32,500,4,AB,B,1,0.002891981,0.002892951,0.00289236,4.194000000000333e-06
32,500,4,AB,B,2,0.002900242,0.002901169,0.002900615,3.842999999999902e-06
32,500,4,AB,B,3,0.002868274,0.002869172,0.002868634,3.3630000000001506e-06
32,500,4,AB,B,4,0.002882567,0.002883543,0.002882972,3.2809999999999437e-06
32,500,4,AB,B,5,0.002900683,0.002901666,0.002901087,3.3509999999999616e-06
32,500,4,AB,B,6,0.002879177,0.002880183,0.002879597,3.2140000000000814e-06
32,500,4,AB,B,7,0.002895278,0.002896196,0.002895652,3.199999999999644e-06
32,500,5,BA,B,0,0.002703969,0.002706142,0.002705208,5.574999999999851e-06
32,500,5,BA,B,1,0.002659486,0.002660514,0.002659885,3.958999999999994e-06
32,500,5,BA,B,2,0.002672316,0.002673303,0.002672678,3.42599999999995e-06
32,500,5,BA,B,3,0.00266066,0.002661618,0.002661019,3.3239999999998618e-06
32,500,5,BA,B,4,0.002678802,0.00267973,0.002679165,3.256000000000092e-06
32,500,5,BA,B,5,0.002661243,0.002662157,0.002661594,3.0990000000003307e-06
32,500,5,BA,B,6,0.002666453,0.002667403,0.002666814,3.065000000000012e-06
32,500,5,BA,B,7,0.00266371,0.002664622,0.002664069,3.064000000000105e-06
32,500,5,BA,A,0,0.012847984,0.012292966,0.012292033,6.623999999998478e-06
32,500,5,BA,A,1,0.012599677,0.012576027,0.012575421,5.062999999999596e-06
32,500,5,BA,A,2,0.013064674,0.012197263,0.012231328,4.030000000000353e-06
32,500,5,BA,A,3,0.012179946,0.012181053,0.012180511,3.554000000001098e-06
32,500,5,BA,A,4,0.012549874,0.012550988,0.012550443,3.377000000000588e-06
32,500,5,BA,A,5,0.013175813,0.01286581,0.012865223,3.5920000000001784e-06
32,500,5,BA,A,6,0.014960456,0.013430726,0.013430034,4.152000000000322e-06
32,500,5,BA,A,7,0.012257617,0.012249758,0.012249146,4.3379999999995644e-06
128,300,0,AB,A,0,0.019830684,0.019833496,0.01984368,6.020000000002412e-06
128,300,0,AB,A,1,0.018186407,0.018187776,0.018210137,3.7520000000026976e-06
128,300,0,AB,A,2,0.019920242,0.01992156,0.019920961,3.3940000000003134e-06
128,300,0,AB,A,3,0.019397355,0.01838469,0.018384002,3.647000000002454e-06
128,300,0,AB,A,4,0.024822821,0.021089052,0.021088465,4.402000000000572e-06
128,300,0,AB,A,5,0.019824648,0.019818204,0.019828409,3.545000000000631e-06
128,300,0,AB,A,6,0.020167064,0.019711208,0.019732223,4.158999999996638e-06
128,300,0,AB,A,7,0.022773751,0.021239554,0.021238951,4.513999999997131e-06
128,300,0,AB,B,0,0.00618913,0.006191408,0.006190435,6.860000000000026e-06
128,300,0,AB,B,1,0.006162078,0.006163078,0.006162513,5.043999999999188e-06
128,300,0,AB,B,2,0.006162398,0.00616358,0.006162994,4.664000000000577e-06
128,300,0,AB,B,3,0.006230976,0.00623198,0.006231437,4.080000000000056e-06
128,300,0,AB,B,4,0.006121854,0.006122832,0.006122293,3.913000000000354e-06
128,300,0,AB,B,5,0.006161286,0.006162252,0.006161715,3.7950000000000136e-06
128,300,0,AB,B,6,0.006263947,0.006265012,0.006264387,3.8029999999992722e-06
128,300,0,AB,B,7,0.007349974,0.007311301,0.007310603,4.008999999999263e-06
128,300,1,BA,B,0,0.006121797,0.006124068,0.006123071,6.087000000000106e-06
128,300,1,BA,B,1,0.006077772,0.006078823,0.006078221,3.992000000000405e-06
128,300,1,BA,B,2,0.006056745,0.006026145,0.006025537,3.510999999999445e-06
128,300,1,BA,B,3,0.006103778,0.006104863,0.006104248,3.759999999999354e-06
128,300,1,BA,B,4,0.006367582,0.006325714,0.006325061,3.517000000000624e-06
128,300,1,BA,B,5,0.006279789,0.006280813,0.006280235,3.529000000000379e-06
128,300,1,BA,B,6,0.006329109,0.006322556,0.006359128,3.1500000000003747e-06
128,300,1,BA,B,7,0.007459735,0.007408462,0.007407825,3.23499999999987e-06
128,300,1,BA,A,0,0.018851657,0.018853895,0.018852921,6.299000000001276e-06
128,300,1,BA,A,1,0.019575537,0.019577019,0.019614015,4.416999999999616e-06
128,300,1,BA,A,2,0.019068039,0.01906943,0.019068772,4.0629999999985955e-06
128,300,1,BA,A,3,0.019993709,0.019995002,0.019994431,3.6149999999984805e-06
128,300,1,BA,A,4,0.024577604,0.020611341,0.020610711,5.768999999999219e-06
128,300,1,BA,A,5,0.018530921,0.018532229,0.01853162,3.7900000000000433e-06
128,300,1,BA,A,6,0.019383378,0.019021775,0.019061235,4.192999999999558e-06
128,300,1,BA,A,7,0.022111908,0.020464779,0.020464123,4.49399999999725e-06
128,300,2,AB,A,0,0.018400896,0.018403403,0.018415348,7.692000000000115e-06
128,300,2,AB,A,1,0.018594976,0.018596812,0.018596113,6.371999999997546e-06
128,300,2,AB,A,2,0.017924564,0.01792582,0.017925262,3.849000000000213e-06
128,300,2,AB,A,3,0.019341611,0.019324329,0.019323751,3.7520000000026976e-06
128,300,2,AB,A,4,0.024518406,0.021089057,0.02111332,5.230999999997904e-06
128,300,2,AB,A,5,0.020559134,0.019821636,0.019833173,4.946999999998203e-06
128,300,2,AB,A,6,0.022704338,0.02148483,0.021484219,4.458000000002321e-06
128,300,2,AB,A,7,0.023334118,0.021770289,0.021769717,4.806999999999034e-06
128,300,2,AB,B,0,0.007947826,0.007450155,0.007449213,6.318999999999422e-06
128,300,2,AB,B,1,0.006149245,0.006150248,0.006149689,3.997000000000375e-06
128,300,2,AB,B,2,0.00610249,0.006103465,0.006102917,3.73500000000037e-06
128,300,2,AB,B,3,0.006570139,0.005765101,0.005764531,3.595000000000334e-06
128,300,2,AB,B,4,0.006178993,0.006179981,0.006179421,3.68999999999977e-06
128,300,2,AB,B,5,0.006151653,0.00615263,0.00615208,3.5610000000000155e-06
128,300,2,AB,B,6,0.006120262,0.006121217,0.006120685,3.3400000000001137e-06
128,300,2,AB,B,7,0.006155625,0.006156601,0.006156063,3.4219999999994533e-06
128,300,3,BA,B,0,0.006143152,0.006145173,0.006144206,5.996999999999773e-06
128,300,3,BA,B,1,0.006113649,0.00611477,0.006114123,4.1969999999991875e-06
128,300,3,BA,B,2,0.006107459,0.00610849,0.006107886,3.496999999999875e-06
128,300,3,BA,B,3,0.006164686,0.006165709,0.006165116,3.295000000000381e-06
128,300,3,BA,B,4,0.006123815,0.006124813,0.006124244,3.2180000000010117e-06
128,300,3,BA,B,5,0.006162499,0.006163505,0.006162938,3.255999999999225e-06
128,300,3,BA,B,6,0.006154648,0.006155647,0.006155084,3.132000000000308e-06
128,300,3,BA,B,7,0.006150108,0.00615113,0.006150564,2.9019999999999394e-06
128,300,3,BA,A,0,0.019573989,0.019576415,0.019598882,6.489999999997886e-06
128,300,3,BA,A,1,0.019217983,0.019219353,0.019232651,4.797000000000828e-06
128,300,3,BA,A,2,0.018290165,0.018291345,0.018290821,4.046000000000605e-06
128,300,3,BA,A,3,0.018664171,0.018665418,0.018664845,3.585999999999867e-06
128,300,3,BA,A,4,0.025762298,0.021994814,0.021994109,4.350999999999661e-06
128,300,3,BA,A,5,0.020691036,0.020422384,0.020444194,4.297000000000328e-06
128,300,3,BA,A,6,0.021223376,0.020802298,0.020815169,6.251999999998259e-06
128,300,3,BA,A,7,0.023979204,0.022257063,0.022256522,5.1650000000014185e-06
128,300,4,AB,A,0,0.019263559,0.019226495,0.019225593,6.512000000000184e-06
128,300,4,AB,A,1,0.019597177,0.019598702,0.019633828,4.507000000000816e-06
128,300,4,AB,A,2,0.020066105,0.020067354,0.020066807,4.138000000000752e-06
128,300,4,AB,A,3,0.020341503,0.020300732,0.020300187,3.738999999999132e-06
128,300,4,AB,A,4,0.024449104,0.020507671,0.020507117,4.716999999997834e-06
128,300,4,AB,A,5,0.019145773,0.019147067,0.01914649,4.2690000000011885e-06
128,300,4,AB,A,6,0.017811577,0.017812999,0.017849047,3.4589999999973253e-06
128,300,4,AB,A,7,0.021277611,0.020886125,0.020885541,4.027999999996201e-06
128,300,4,AB,B,0,0.006152492,0.006134186,0.006133118,6.3989999999998146e-06
128,300,4,AB,B,1,0.006114336,0.006115364,0.006114779,4.241999999999788e-06
128,300,4,AB,B,2,0.006080145,0.006081131,0.00608058,3.86700000000028e-06
128,300,4,AB,B,3,0.006148868,0.006149894,0.006149332,3.5540000000002306e-06
128,300,4,AB,B,4,0.006150842,0.006151813,0.006151278,3.4859999999995936e-06
128,300,4,AB,B,5,0.006141082,0.006142146,0.006141558,3.318000000000418e-06
128,300,4,AB,B,6,0.006192394,0.006193433,0.006192831,3.1520000000010567e-06
128,300,4,AB,B,7,0.006126639,0.006127652,0.006127086,3.196999999999922e-06
128,300,5,BA,B,0,0.006118804,0.006120762,0.006119808,6.212999999999705e-06
128,300,5,BA,B,1,0.006109019,0.006110028,0.006109496,3.982999999999938e-06
128,300,5,BA,B,2,0.006081568,0.006082604,0.006082023,3.3999999999997574e-06
128,300,5,BA,B,3,0.006120088,0.006121098,0.006120524,3.7220000000002737e-06
128,300,5,BA,B,4,0.006136806,0.006137783,0.006137246,3.4929999999993785e-06
128,300,5,BA,B,5,0.006175005,0.006176046,0.006175455,3.6220000000000002e-06
128,300,5,BA,B,6,0.006066324,0.006067317,0.006066769,3.4049999999997277e-06
128,300,5,BA,B,7,0.006114186,0.006115156,0.006114622,3.5190000000004384e-06
128,300,5,BA,A,0,0.019647313,0.019649447,0.019648491,6.426999999999822e-06
128,300,5,BA,A,1,0.020196741,0.020198252,0.020234664,4.594000000000126e-06
128,300,5,BA,A,2,0.018819593,0.018820882,0.018820283,4.1440000000010635e-06
128,300,5,BA,A,3,0.019602984,0.01960423,0.019603677,3.8030000000001396e-06
128,300,5,BA,A,4,0.025093161,0.021487799,0.021487171,4.846999999998797e-06
128,300,5,BA,A,5,0.021017534,0.021018931,0.02104151,3.899000000001651e-06
128,300,5,BA,A,6,0.022021857,0.021641463,0.021654341,4.351999999999134e-06
128,300,5,BA,A,7,0.022335294,0.020687613,0.02068695,5.278999999996925e-06
128,500,0,AB,A,0,0.031081297,0.030096989,0.030096001,6.186999999997778e-06
128,500,0,AB,A,1,0.02856179,0.028563322,0.028562694,4.406000000001936e-06
128,500,0,AB,A,2,0.035124496,0.031443862,0.031490972,4.94899999999715e-06
128,500,0,AB,A,3,0.028922949,0.028924407,0.028923843,3.929999999999212e-06
128,500,0,AB,A,4,0.028877602,0.028879015,0.02887847,3.888999999999976e-06
128,500,0,AB,A,5,0.031346848,0.030486402,0.030523456,4.145999999996541e-06
128,500,0,AB,A,6,0.031882192,0.030281555,0.030281006,4.234999999998268e-06
128,500,0,AB,A,7,0.028974585,0.02897602,0.028975459,3.8169999999997095e-06
128,500,0,AB,B,0,0.006900402,0.006902408,0.006901399,5.7159999999993605e-06
128,500,0,AB,B,1,0.006897389,0.006898388,0.006897849,4.732000000000347e-06
128,500,0,AB,B,2,0.006894279,0.006895288,0.006894743,3.650999999999481e-06
128,500,0,AB,B,3,0.006961762,0.006962758,0.006962219,3.196999999999922e-06
128,500,0,AB,B,4,0.006877348,0.006878344,0.0068778,3.1500000000003747e-06
128,500,0,AB,B,5,0.006947835,0.006948847,0.006948309,3.4810000000004906e-06
128,500,0,AB,B,6,0.006922054,0.006923125,0.006922513,3.2780000000006554e-06
128,500,0,AB,B,7,0.006966112,0.006967101,0.006966565,3.5120000000006535e-06
128,500,1,BA,B,0,0.006953526,0.006955548,0.006954628,5.981000000000389e-06
128,500,1,BA,B,1,0.006939113,0.006940138,0.00693957,4.104999999999907e-06
128,500,1,BA,B,2,0.006939377,0.006940363,0.006939817,3.6130000000004006e-06
128,500,1,BA,B,3,0.006958826,0.006959882,0.006959275,3.3650000000008326e-06
128,500,1,BA,B,4,0.006932565,0.006933542,0.006933004,3.3849999999998465e-06
128,500,1,BA,B,5,0.006980272,0.006981251,0.006980712,3.587000000000208e-06
128,500,1,BA,B,6,0.006883927,0.006884892,0.006884364,3.379999999999876e-06
128,500,1,BA,B,7,0.006917807,0.00691878,0.006918249,3.495999999999534e-06
128,500,1,BA,A,0,0.028922137,0.028924696,0.028923708,6.6160000000009545e-06
128,500,1,BA,A,1,0.030762531,0.029626458,0.029625761,4.759000000000013e-06
128,500,1,BA,A,2,0.038292584,0.032899188,0.032936042,6.444000000001282e-06
128,500,1,BA,A,3,0.029000018,0.029001606,0.029000923,4.976999999999759e-06
128,500,1,BA,A,4,0.030553025,0.030181585,0.030180942,4.627000000000103e-06
128,500,1,BA,A,5,0.032478037,0.030813942,0.030849261,4.973999999997869e-06
128,500,1,BA,A,6,0.028921149,0.028922674,0.028922035,3.927000000000791e-06
128,500,1,BA,A,7,0.028605803,0.028607306,0.028606705,3.692999999999058e-06
128,500,2,AB,A,0,0.028902035,0.028904435,0.028903454,6.067999999997964e-06
128,500,2,AB,A,1,0.02955187,0.02955338,0.029552823,4.527000000000697e-06
128,500,2,AB,A,2,0.035151393,0.031120079,0.031154612,4.859000000002889e-06
128,500,2,AB,A,3,0.030041747,0.030043245,0.030042655,3.608000000002165e-06
128,500,2,AB,A,4,0.030455559,0.030061272,0.03006068,4.017000000001991e-06
128,500,2,AB,A,5,0.032429938,0.030820752,0.030862138,4.340999999997985e-06
128,500,2,AB,A,6,0.028875971,0.028877399,0.028876864,3.42400000000187e-06
128,500,2,AB,A,7,0.028750289,0.028751728,0.028751175,3.3910000000018925e-06
128,500,2,AB,B,0,0.006899704,0.006901597,0.006900647,6.589000000000421e-06
128,500,2,AB,B,1,0.006892782,0.006894105,0.006893241,4.098000000000122e-06
128,500,2,AB,B,2,0.0068531,0.006828846,0.006828216,3.830000000000673e-06
128,500,2,AB,B,3,0.0068913,0.006892283,0.006891743,3.5490000000002603e-06
128,500,2,AB,B,4,0.006874072,0.006875062,0.006874518,3.5690000000001415e-06
128,500,2,AB,B,5,0.006931998,0.006932975,0.006932447,3.4720000000000237e-06
128,500,2,AB,B,6,0.006935489,0.006936468,0.006935935,3.231000000001108e-06
128,500,2,AB,B,7,0.006890934,0.006891932,0.006891387,3.549999999999734e-06
128,500,3,BA,B,0,0.006886843,0.006889003,0.006888034,6.096000000000573e-06
128,500,3,BA,B,1,0.006949197,0.006950225,0.006949664,4.047999999999552e-06
128,500,3,BA,B,2,0.006943599,0.006944677,0.006944094,3.6900000000006372e-06
128,500,3,BA,B,3,0.006892399,0.006893422,0.006892879,3.549999999999734e-06
128,500,3,BA,B,4,0.006912932,0.006913916,0.006913385,3.5330000000000084e-06
128,500,3,BA,B,5,0.006931932,0.006932972,0.00693243,3.5139999999996008e-06
128,500,3,BA,B,6,0.006931561,0.006932567,0.006932025,3.247999999999966e-06
128,500,3,BA,B,7,0.00695702,0.006958004,0.006957468,3.448999999999987e-06
128,500,3,BA,A,0,0.029050216,0.02905267,0.029051656,6.1459999999985415e-06
128,500,3,BA,A,1,0.02900872,0.029010217,0.029009608,4.09800000000099e-06
128,500,3,BA,A,2,0.035331596,0.031550942,0.031588273,4.8159999999977665e-06
128,500,3,BA,A,3,0.028997316,0.028998826,0.028998201,4.368999999997125e-06
128,500,3,BA,A,4,0.031321507,0.030968773,0.03096811,4.1989999999964e-06
128,500,3,BA,A,5,0.033789449,0.032242315,0.032265335,5.096999999995577e-06
128,500,3,BA,A,6,0.031906827,0.030377105,0.030391063,3.8080000000009773e-06
128,500,3,BA,A,7,0.035460751,0.031553673,0.031553025,4.148999999994962e-06
128,500,4,AB,A,0,0.028824253,0.028826724,0.028825697,6.228000000000483e-06
128,500,4,AB,A,1,0.028633163,0.028634665,0.028634086,4.414000000001195e-06
128,500,4,AB,A,2,0.035310019,0.031400852,0.031436613,5.295999999994916e-06
128,500,4,AB,A,3,0.02893288,0.02893437,0.028933789,4.99700000000311e-06
128,500,4,AB,A,4,0.02886919,0.028870673,0.028870091,3.836999999999591e-06
128,500,4,AB,A,5,0.031465675,0.030444709,0.03048094,4.59800000000149e-06
128,500,4,AB,A,6,0.031858445,0.03022533,0.030224744,4.416999999999616e-06
128,500,4,AB,A,7,0.028688072,0.02868952,0.028688952,3.620999999998792e-06
128,500,4,AB,B,0,0.007313548,0.007315561,0.007314679,6.183999999999357e-06
128,500,4,AB,B,1,0.007257118,0.007214563,0.007213976,4.568999999999407e-06
128,500,4,AB,B,2,0.007341086,0.007342113,0.007341548,3.6769999999996736e-06
128,500,4,AB,B,3,0.007487633,0.007488608,0.007488085,3.723999999999221e-06
128,500,4,AB,B,4,0.007056986,0.007008907,0.007008371,3.4180000000006913e-06
128,500,4,AB,B,5,0.008520494,0.0081026,0.008102028,3.7969999999998283e-06
128,500,4,AB,B,6,0.008779635,0.008260643,0.008260096,3.7969999999998283e-06
128,500,4,AB,B,7,0.00696002,0.006961044,0.006960473,3.6799999999998292e-06
128,500,5,BA,B,0,0.007057287,0.006985579,0.006984533,6.630999999999998e-06
128,500,5,BA,B,1,0.007657255,0.007202396,0.007201772,4.869999999999701e-06
128,500,5,BA,B,2,0.006973039,0.006930679,0.00693005,4.022000000000227e-06
128,500,5,BA,B,3,0.00699702,0.00699805,0.006997476,3.621999999999133e-06
128,500,5,BA,B,4,0.007044323,0.007009263,0.007008699,3.6000000000003043e-06
128,500,5,BA,B,5,0.007183065,0.007105502,0.00710491,3.8099999999999246e-06
128,500,5,BA,B,6,0.007140598,0.007106267,0.007105696,3.6730000000000443e-06
128,500,5,BA,B,7,0.00714254,0.007107407,0.007106828,3.6650000000007857e-06
128,500,5,BA,A,0,0.028831725,0.028834083,0.028833195,6.236999999999215e-06
128,500,5,BA,A,1,0.028667521,0.028668992,0.028668427,4.826000000002911e-06
128,500,5,BA,A,2,0.035275046,0.031457195,0.031468048,5.305999999996591e-06
128,500,5,BA,A,3,0.030085729,0.030087313,0.030108855,3.9350000000000496e-06
128,500,5,BA,A,4,0.031089934,0.030098633,0.030098099,3.8350000000006434e-06
128,500,5,BA,A,5,0.031523299,0.030484979,0.030484394,4.621999999995796e-06
128,500,5,BA,A,6,0.031835147,0.030319318,0.030355123,4.231999999999847e-06
128,500,5,BA,A,7,0.035498084,0.031513874,0.031513282,5.178000000001515e-06
