query_index,qid,U0,U_used,candidate_pairs,coordinate_updates,terminal_nodes,unprunable_terminal_nodes,unprunable_objects
0,340678,2.2345626049485463,2.2345626049485463,964100,492115840,10000,9641,964100
1,518106,1.4283440287363276,1.4283440287363276,970100,521637408,10000,9701,970100
2,973242,1.869370765506027,1.869370765506027,970100,630301984,10000,9701,970100
3,604005,1.5208704983472727,1.5208704983472727,958100,512619616,10000,9581,958100
4,243831,1.3089213510979707,1.3089213510979707,974100,470133760,10000,9741,974100
5,815929,1.8394334510611101,1.8394334510611101,974300,563137600,10000,9743,974300
6,901755,3.3614793319581469,3.3614793319581469,970300,571704416,10000,9703,970300
7,781030,2.0235339872421747,2.0235339872421747,978700,532605952,10000,9787,978700
8,937491,1.4005467143729167,1.4005467143729167,960800,513335360,10000,9608,960800
9,110153,3.097496512401416,3.097496512401416,950700,444732160,10000,9507,950700
10,829282,2.4532881776794073,2.4532881776794073,979500,524397632,10000,9795,979500
11,732308,1.526246165909793,1.526246165909793,972800,539862496,10000,9728,972800
12,736950,0.96450203747468122,0.96450203747468122,938200,332186240,10000,9382,938200
13,392219,1.8308126146275192,1.8308126146275192,974400,664707584,10000,9744,974400
14,229605,1.5947987527544236,1.5947987527544236,963200,580383040,10000,9632,963200
15,164592,2.8103265255470125,2.8103265255470125,976600,672390976,10000,9766,976600
16,675196,0.86799179465982523,0.86799179465982523,911400,387465376,10000,9114,911400
17,923300,2.3110336425258429,2.3110336425258429,967300,645639808,10000,9673,967300
18,55921,1.363126815090995,1.363126815090995,972400,529431744,10000,9724,972400
19,469125,0.12708432114683149,0.12708432114683149,53500,16879872,10000,535,53500
20,836101,1.6718831497003197,1.6718831497003197,959000,493209280,10000,9590,959000
21,472444,3.2398911132480754,3.2398911132480754,952800,486188864,10000,9528,952800
22,315725,3.5308219797043994,3.5308219797043994,916900,667641888,10000,9169,916900
23,677187,2.017322820387049,2.017322820387049,974600,635009152,10000,9746,974600
24,715939,5.5901922979678389,5.5901922979678389,961500,289723904,10000,9615,961500
25,983764,0.26732309301633761,0.26732309301633761,195400,46044064,10000,1954,195400
26,307198,1.0861757421683997,1.0861757421683997,944300,438842080,10000,9443,944300
27,565119,3.1114046680473813,3.1114046680473813,975600,565114112,10000,9756,975600
28,414915,0.97049789574802547,0.97049789574802547,926400,460827296,10000,9264,926400
29,972134,1.1033317880494651,1.1033317880494651,938600,516262464,10000,9386,938600
30,674150,4.2622479015917429,4.2622479015917429,970500,565192352,10000,9705,970500
31,440744,0.28853424963976976,0.28853424963976976,679700,151206112,10000,6797,679700
