batch_index,host_ms
0,7.283662096597
1,7.231789990328
2,7.211138028651
3,7.221444044262
4,7.217054022476
5,7.207290967926
6,7.198611972854
7,7.221688050777
8,7.212833967060
9,7.216023979709
10,7.198343984783
11,7.215488003567
12,7.201954955235
13,7.216500933282
14,7.218910963275
15,7.214596960694
16,7.206722046249
17,7.216286030598
18,7.199518964626
19,7.206089096144
20,7.223854074255
21,7.207878981717
22,7.208805996925
23,7.218395941891
24,7.224773056805
25,7.234974997118
26,7.230438990518
27,7.240312988870
28,7.227333029732
29,7.234840071760
30,7.227840018459
31,7.224537082948
