case,pair,order,policy,sample,wall_s,thread_cpu_s,process_cpu_s,residual_s
n65536_q32_r300,0,DB,D,0,0.150470474,0.150419364,0.150460142,8.051000000008912e-06
n65536_q32_r300,0,DB,D,1,0.154726413,0.152158012,0.152244989,6.559999999988797e-06
n65536_q32_r300,0,DB,D,2,0.150897778,0.150821719,0.150861999,6.452000000017888e-06
n65536_q32_r300,0,DB,D,3,0.148800969,0.146304651,0.146395244,6.254000000011084e-06
n65536_q32_r300,0,DB,D,4,0.145013082,0.144915036,0.144951664,6.191999999988207e-06
n65536_q32_r300,0,DB,D,5,0.152107773,0.149336178,0.149415098,5.88099999998537e-06
n65536_q32_r300,0,DB,D,6,0.144486974,0.144436745,0.144476106,1.9485999999985237e-05
n65536_q32_r300,0,DB,D,7,0.151478767,0.148030583,0.148173989,7.262999999979591e-06
n65536_q32_r300,0,DB,B,0,0.156734815,0.002335323,0.003088466,2.619500000000663e-05
n65536_q32_r300,0,DB,B,1,0.151335266,0.001965726,0.002678804,2.3668000000004463e-05
n65536_q32_r300,0,DB,B,2,0.155792655,0.002267925,0.003107857,2.1759999999981794e-05
n65536_q32_r300,0,DB,B,3,0.151517437,0.00205296,0.002727767,1.974900000001334e-05
n65536_q32_r300,0,DB,B,4,0.156039789,0.002250864,0.00295486,1.9977000000032108e-05
n65536_q32_r300,0,DB,B,5,0.152760071,0.002186981,0.002847743,2.322700000001454e-05
n65536_q32_r300,0,DB,B,6,0.153698535,0.002381456,0.003067317,2.5364999999999416e-05
n65536_q32_r300,0,DB,B,7,0.148439971,0.00199893,0.002637643,2.0918000000008652e-05
n65536_q32_r300,1,BD,B,0,0.155047182,0.002202797,0.002994665,2.584099999999867e-05
n65536_q32_r300,1,BD,B,1,0.15135386,0.001909095,0.002726387,1.805600000001628e-05
n65536_q32_r300,1,BD,B,2,0.155773215,0.002063541,0.002894962,1.968099999999362e-05
n65536_q32_r300,1,BD,B,3,0.152515361,0.001997771,0.002843597,1.8756999999980373e-05
n65536_q32_r300,1,BD,B,4,0.155066898,0.002107502,0.002930982,1.7554000000030712e-05
n65536_q32_r300,1,BD,B,5,0.151903109,0.001969005,0.0027962,1.651700000002143e-05
n65536_q32_r300,1,BD,B,6,0.155668887,0.002192747,0.003044609,1.7575000000019658e-05
n65536_q32_r300,1,BD,B,7,0.151312993,0.001896283,0.002738933,1.5498000000002676e-05
n65536_q32_r300,1,BD,D,0,0.150356213,0.150263006,0.150326534,7.99599999998235e-06
n65536_q32_r300,1,BD,D,1,0.154715301,0.152084596,0.152117932,6.682000000007848e-06
n65536_q32_r300,1,BD,D,2,0.150869801,0.150775314,0.150839436,6.9929999999829295e-06
n65536_q32_r300,1,BD,D,3,0.155140884,0.152249644,0.152290157,7.988000000014317e-06
n65536_q32_r300,1,BD,D,4,0.151797468,0.151059954,0.151121842,5.778999999983547e-06
n65536_q32_r300,1,BD,D,5,0.15393954,0.151767454,0.151801474,6.065999999999017e-06
n65536_q32_r300,1,BD,D,6,0.150109705,0.149287015,0.149352049,6.289000000020417e-06
n65536_q32_r300,1,BD,D,7,0.154246736,0.152031156,0.152062902,5.561000000015026e-06
n65536_q32_r300,2,DB,D,0,0.150783557,0.150779389,0.150813192,8.247000000016769e-06
n65536_q32_r300,2,DB,D,1,0.154665341,0.151980653,0.152041741,7.220000000002225e-06
n65536_q32_r300,2,DB,D,2,0.150380603,0.150374112,0.150407068,5.899000000003651e-06
n65536_q32_r300,2,DB,D,3,0.154915638,0.152312568,0.152391489,6.187999999990312e-06
n65536_q32_r300,2,DB,D,4,0.151055669,0.15049794,0.150532972,6.104000000006771e-06
n65536_q32_r300,2,DB,D,5,0.155181368,0.152393814,0.152458866,6.3199999999763445e-06
n65536_q32_r300,2,DB,D,6,0.148872104,0.148375219,0.14840678,5.449000000018467e-06
n65536_q32_r300,2,DB,D,7,0.155068324,0.152471525,0.152535161,6.135000000018209e-06
n65536_q32_r300,2,DB,B,0,0.153752888,0.002307624,0.003228669,2.313900000000535e-05
n65536_q32_r300,2,DB,B,1,0.155235299,0.00304838,0.0038626,3.424699999998726e-05
n65536_q32_r300,2,DB,B,2,0.151866737,0.002345026,0.003216429,2.3606000000009342e-05
n65536_q32_r300,2,DB,B,3,0.156010905,0.002507987,0.003459778,2.1678999999996673e-05
n65536_q32_r300,2,DB,B,4,0.152089379,0.002131123,0.00296048,1.7839999999991196e-05
n65536_q32_r300,2,DB,B,5,0.155997434,0.002447573,0.003363094,1.74359999999818e-05
n65536_q32_r300,2,DB,B,6,0.152025654,0.002065753,0.002941235,1.654500000003445e-05
n65536_q32_r300,2,DB,B,7,0.156487257,0.00251219,0.003446209,1.906299999998584e-05
n65536_q32_r300,3,BD,B,0,0.153369364,0.002090223,0.002926649,2.1481000000017625e-05
n65536_q32_r300,3,BD,B,1,0.154556064,0.002285841,0.003138464,2.0346000000004416e-05
n65536_q32_r300,3,BD,B,2,0.151847929,0.002669216,0.003436087,3.116699999999861e-05
n65536_q32_r300,3,BD,B,3,0.155920064,0.002453526,0.003263871,2.384899999999246e-05
n65536_q32_r300,3,BD,B,4,0.151786866,0.002153734,0.002965964,2.155500000000643e-05
n65536_q32_r300,3,BD,B,5,0.156485919,0.002463322,0.003288882,2.087000000000616e-05
n65536_q32_r300,3,BD,B,6,0.152099676,0.002189815,0.002999013,2.3099999999998122e-05
n65536_q32_r300,3,BD,B,7,0.156256019,0.002323478,0.003162445,2.278499999999739e-05
n65536_q32_r300,3,BD,D,0,0.150484886,0.150481548,0.150514458,8.668000000017217e-06
n65536_q32_r300,3,BD,D,1,0.154403831,0.151907142,0.151970793,7.06299999997384e-06
n65536_q32_r300,3,BD,D,2,0.150749457,0.150687258,0.150720208,5.617000000013306e-06
n65536_q32_r300,3,BD,D,3,0.155247967,0.15245258,0.152516059,6.13399999999098e-06
n65536_q32_r300,3,BD,D,4,0.151125295,0.151043854,0.151074978,5.641999999972391e-06
n65536_q32_r300,3,BD,D,5,0.155306889,0.152448286,0.15251011,6.348000000017118e-06
n65536_q32_r300,3,BD,D,6,0.150303558,0.149868227,0.149900488,5.9619999999982465e-06
n65536_q32_r300,3,BD,D,7,0.155600276,0.152642488,0.152705226,5.66600000001527e-06
n65536_q32_r300,4,DB,D,0,0.150232513,0.150230239,0.150294593,8.015999999999579e-06
n65536_q32_r300,4,DB,D,1,0.154734719,0.151929523,0.151963033,6.3749999999751505e-06
n65536_q32_r300,4,DB,D,2,0.150817699,0.150762469,0.150827982,5.507000000015694e-06
n65536_q32_r300,4,DB,D,3,0.15544127,0.152730431,0.152763758,6.5669999999851125e-06
n65536_q32_r300,4,DB,D,4,0.151074325,0.151069415,0.151131926,6.71100000002034e-06
n65536_q32_r300,4,DB,D,5,0.154986582,0.152483137,0.152514669,6.440000000024204e-06
n65536_q32_r300,4,DB,D,6,0.162331205,0.153894908,0.153956132,5.503000000017799e-06
n65536_q32_r300,4,DB,D,7,0.203334116,0.16902862,0.169166405,2.139500000000738e-05
n65536_q32_r300,4,DB,B,0,0.151985037,0.00244787,0.003152755,2.5309000000001136e-05
n65536_q32_r300,4,DB,B,1,0.156116241,0.002733742,0.003399676,2.9538999999995097e-05
n65536_q32_r300,4,DB,B,2,0.151063254,0.002400111,0.003138529,2.7672000000006358e-05
n65536_q32_r300,4,DB,B,3,0.155914629,0.00262876,0.003304447,2.6866999999985985e-05
n65536_q32_r300,4,DB,B,4,0.151961401,0.002256952,0.003022806,2.021699999998905e-05
n65536_q32_r300,4,DB,B,5,0.156301084,0.002546724,0.003233108,2.0617000000028307e-05
n65536_q32_r300,4,DB,B,6,0.151666008,0.002394529,0.003142813,2.0143999999999718e-05
n65536_q32_r300,4,DB,B,7,0.155440967,0.002275432,0.003008304,1.7591000000011237e-05
n65536_q32_r300,5,BD,B,0,0.151790077,0.002027431,0.00291773,2.363700000002078e-05
n65536_q32_r300,5,BD,B,1,0.156729888,0.002216486,0.003142693,5.0895000000023005e-05
n65536_q32_r300,5,BD,B,2,0.151904787,0.001875832,0.002767142,1.7119000000037632e-05
n65536_q32_r300,5,BD,B,3,0.15571586,0.001985335,0.002913393,1.619799999999505e-05
n65536_q32_r300,5,BD,B,4,0.151607294,0.001983314,0.002843961,1.5074000000003807e-05
n65536_q32_r300,5,BD,B,5,0.155934267,0.002232886,0.003145091,1.869999999998262e-05
n65536_q32_r300,5,BD,B,6,0.152055809,0.002013977,0.002942429,1.6178999999977295e-05
n65536_q32_r300,5,BD,B,7,0.156451839,0.002137605,0.003020318,1.6579000000016553e-05
n65536_q32_r300,5,BD,D,0,0.151074181,0.151039036,0.151068461,1.0982999999992193e-05
n65536_q32_r300,5,BD,D,1,0.15477456,0.151972497,0.152033184,8.115000000002981e-06
n65536_q32_r300,5,BD,D,2,0.150332997,0.150284919,0.150312941,6.043999999982841e-06
n65536_q32_r300,5,BD,D,3,0.155152773,0.152262822,0.152320639,7.028999999991736e-06
n65536_q32_r300,5,BD,D,4,0.15113816,0.151011525,0.151043537,5.834999999981827e-06
n65536_q32_r300,5,BD,D,5,0.154895041,0.152457326,0.152512293,5.864999999993792e-06
n65536_q32_r300,5,BD,D,6,0.148881201,0.148869439,0.1488999,5.3439999999904675e-06
n65536_q32_r300,5,BD,D,7,0.155306936,0.152538125,0.1526005,5.7520000000255145e-06
n65536_q32_r500,0,DB,D,0,0.180271285,0.177629511,0.177683804,9.70699999999769e-06
n65536_q32_r500,0,DB,D,1,0.180384766,0.177618207,0.177682408,8.297000000018206e-06
n65536_q32_r500,0,DB,D,2,0.18043759,0.177476835,0.177539886,7.823999999989617e-06
n65536_q32_r500,0,DB,D,3,0.18033586,0.177551266,0.177615748,7.20099999998447e-06
n65536_q32_r500,0,DB,D,4,0.180137212,0.177546538,0.17760978,6.619999999984971e-06
n65536_q32_r500,0,DB,D,5,0.180494839,0.177661134,0.177801802,1.6956999999984124e-05
n65536_q32_r500,0,DB,D,6,0.180179442,0.177378541,0.177455908,7.220000000002225e-06
n65536_q32_r500,0,DB,D,7,0.18024557,0.177596875,0.17766109,6.509999999987359e-06
n65536_q32_r500,0,DB,B,0,0.177286851,0.002351876,0.003421873,2.5256000000001277e-05
n65536_q32_r500,0,DB,B,1,0.176417893,0.002018188,0.00302554,1.9588000000014816e-05
n65536_q32_r500,0,DB,B,2,0.177714286,0.002273374,0.003338089,2.077400000000118e-05
n65536_q32_r500,0,DB,B,3,0.179980443,0.00219504,0.003276301,1.944399999997959e-05
n65536_q32_r500,0,DB,B,4,0.181583145,0.002184521,0.00333047,1.7476000000016256e-05
n65536_q32_r500,0,DB,B,5,0.181624892,0.002301468,0.003462368,1.9121000000010824e-05
n65536_q32_r500,0,DB,B,6,0.181802322,0.002175196,0.003266282,1.7845999999988038e-05
n65536_q32_r500,0,DB,B,7,0.181561213,0.002424102,0.003522234,2.1947000000022143e-05
n65536_q32_r500,1,BD,B,0,0.181720289,0.003011862,0.003900879,3.5477000000005976e-05
n65536_q32_r500,1,BD,B,1,0.181637111,0.002371802,0.003379,2.5121999999988542e-05
n65536_q32_r500,1,BD,B,2,0.18154142,0.002342234,0.003401846,2.1946999999994388e-05
n65536_q32_r500,1,BD,B,3,0.181748149,0.002396558,0.003488384,1.97180000000019e-05
n65536_q32_r500,1,BD,B,4,0.181383676,0.002142449,0.003238487,1.7350999999998784e-05
n65536_q32_r500,1,BD,B,5,0.181636659,0.002245785,0.003268538,1.877399999999918e-05
n65536_q32_r500,1,BD,B,6,0.18142001,0.001990997,0.003090273,1.5063999999981315e-05
n65536_q32_r500,1,BD,B,7,0.181542872,0.00221898,0.003281098,1.752099999999257e-05
n65536_q32_r500,1,BD,D,0,0.180372094,0.177586079,0.177651982,1.0193999999991155e-05
n65536_q32_r500,1,BD,D,1,0.180391049,0.177512159,0.177578744,1.029099999999561e-05
n65536_q32_r500,1,BD,D,2,0.180302818,0.177590523,0.177657311,9.78499999998439e-06
n65536_q32_r500,1,BD,D,3,0.180478466,0.17755413,0.177597389,8.487000000001466e-06
n65536_q32_r500,1,BD,D,4,0.180343734,0.177591607,0.17764416,7.877000000017231e-06
n65536_q32_r500,1,BD,D,5,0.180099237,0.17763917,0.177704914,7.966999999997615e-06
n65536_q32_r500,1,BD,D,6,0.180026412,0.177443438,0.177504956,7.777999999986074e-06
n65536_q32_r500,1,BD,D,7,0.180534744,0.177251446,0.177315339,8.102000000009824e-06
n65536_q32_r500,2,DB,D,0,0.180248887,0.17770623,0.177768653,8.16000000000705e-06
n65536_q32_r500,2,DB,D,1,0.180479948,0.177087501,0.177150364,6.793000000004934e-06
n65536_q32_r500,2,DB,D,2,0.180314352,0.177542069,0.177607089,8.552000000022764e-06
n65536_q32_r500,2,DB,D,3,0.180454657,0.177597238,0.177644843,8.768999999991811e-06
n65536_q32_r500,2,DB,D,4,0.180522037,0.177682262,0.177739434,7.29399999999103e-06
n65536_q32_r500,2,DB,D,5,0.180454829,0.177593881,0.17766824,6.404000000015397e-06
n65536_q32_r500,2,DB,D,6,0.180940931,0.177600916,0.177668562,7.063000000001596e-06
n65536_q32_r500,2,DB,D,7,0.180798853,0.177522015,0.17758776,7.834000000012109e-06
n65536_q32_r500,2,DB,B,0,0.181582025,0.002575309,0.003616681,2.762200000000492e-05
n65536_q32_r500,2,DB,B,1,0.181346887,0.002296281,0.003321042,2.0687000000019218e-05
n65536_q32_r500,2,DB,B,2,0.181301734,0.002412227,0.003454421,2.0068000000011965e-05
n65536_q32_r500,2,DB,B,3,0.181292977,0.00239835,0.003484324,1.9049999999992684e-05
n65536_q32_r500,2,DB,B,4,0.181398315,0.00236773,0.003386223,1.8516999999995676e-05
n65536_q32_r500,2,DB,B,5,0.183177476,0.003522975,0.004541314,2.0036000000001053e-05
n65536_q32_r500,2,DB,B,6,0.181224842,0.002521764,0.003506681,1.8903999999986265e-05
n65536_q32_r500,2,DB,B,7,0.181312864,0.002420204,0.003396224,1.8828999999997986e-05
n65536_q32_r500,3,BD,B,0,0.181113446,0.00223668,0.00320949,2.275200000001476e-05
n65536_q32_r500,3,BD,B,1,0.181174377,0.002230719,0.00327135,4.7831999999997654e-05
n65536_q32_r500,3,BD,B,2,0.181581908,0.002409672,0.003430305,2.177400000000218e-05
n65536_q32_r500,3,BD,B,3,0.18186884,0.002868228,0.003835562,3.287699999998672e-05
n65536_q32_r500,3,BD,B,4,0.181652327,0.002541076,0.003550684,3.65200000000121e-05
n65536_q32_r500,3,BD,B,5,0.181305334,0.002408442,0.003408351,2.3169000000017315e-05
n65536_q32_r500,3,BD,B,6,0.181394317,0.002234181,0.003309724,1.9473999999991554e-05
n65536_q32_r500,3,BD,B,7,0.181488759,0.002379572,0.003450134,2.1074999999981525e-05
n65536_q32_r500,3,BD,D,0,0.180438361,0.177453807,0.177520103,8.441999999997396e-06
n65536_q32_r500,3,BD,D,1,0.180176115,0.177003319,0.177067971,7.227999999970258e-06
n65536_q32_r500,3,BD,D,2,0.180302442,0.177555483,0.177617717,6.4569999999875005e-06
n65536_q32_r500,3,BD,D,3,0.180031627,0.177517699,0.177548332,6.186000000019121e-06
n65536_q32_r500,3,BD,D,4,0.180394563,0.177298157,0.177360058,6.0990000000094025e-06
n65536_q32_r500,3,BD,D,5,0.180187359,0.177376481,0.177435362,6.2129999999771535e-06
n65536_q32_r500,3,BD,D,6,0.180092393,0.177077244,0.177142171,6.306999999983187e-06
n65536_q32_r500,3,BD,D,7,0.180275445,0.177550946,0.177614118,7.055000000005807e-06
n65536_q32_r500,4,DB,D,0,0.180364691,0.177215377,0.177277782,8.641000000003674e-06
n65536_q32_r500,4,DB,D,1,0.180252307,0.177584572,0.177646011,7.199999999984996e-06
n65536_q32_r500,4,DB,D,2,0.180466183,0.177386391,0.177448902,6.189000000017542e-06
n65536_q32_r500,4,DB,D,3,0.180461721,0.177193975,0.177239999,6.503999999990517e-06
n65536_q32_r500,4,DB,D,4,0.180501561,0.177521806,0.177574912,5.897000000004704e-06
n65536_q32_r500,4,DB,D,5,0.180330939,0.177394012,0.177458827,5.95200000000351e-06
n65536_q32_r500,4,DB,D,6,0.180216634,0.177364069,0.177425533,6.659999999991673e-06
n65536_q32_r500,4,DB,D,7,0.180510688,0.177687161,0.17775342,6.086000000016245e-06
n65536_q32_r500,4,DB,B,0,0.18134371,0.002387227,0.003219825,2.7281999999989592e-05
n65536_q32_r500,4,DB,B,1,0.181524038,0.002102101,0.002886069,2.0535000000015957e-05
n65536_q32_r500,4,DB,B,2,0.181098809,0.00219481,0.002944008,1.9330000000011838e-05
n65536_q32_r500,4,DB,B,3,0.180822914,0.002183277,0.003003187,1.7417999999991274e-05
n65536_q32_r500,4,DB,B,4,0.180975965,0.002194686,0.002937665,1.7370999999988257e-05
n65536_q32_r500,4,DB,B,5,0.181040883,0.002156357,0.002897691,1.814600000002442e-05
n65536_q32_r500,4,DB,B,6,0.18103887,0.002228166,0.003059155,1.750899999997113e-05
n65536_q32_r500,4,DB,B,7,0.180855909,0.002162808,0.002934442,1.7742000000015024e-05
n65536_q32_r500,5,BD,B,0,0.180984984,0.001960757,0.002783509,2.4095999999973472e-05
n65536_q32_r500,5,BD,B,1,0.181020538,0.002155876,0.002969777,1.9286000000007242e-05
n65536_q32_r500,5,BD,B,2,0.181125435,0.002232521,0.003099939,1.9050999999992158e-05
n65536_q32_r500,5,BD,B,3,0.180844303,0.002164044,0.002977257,1.805300000001786e-05
n65536_q32_r500,5,BD,B,4,0.181054332,0.002221022,0.003007179,1.8236000000004804e-05
n65536_q32_r500,5,BD,B,5,0.180915818,0.00217606,0.002900239,1.7412999999993906e-05
n65536_q32_r500,5,BD,B,6,0.180865292,0.002230218,0.002966994,1.788500000002302e-05
n65536_q32_r500,5,BD,B,7,0.18099088,0.002239225,0.00298466,1.7145999999995665e-05
n65536_q32_r500,5,BD,D,0,0.17995892,0.177474179,0.177543571,1.1835000000015583e-05
n65536_q32_r500,5,BD,D,1,0.180023329,0.177508691,0.177564443,8.143000000015999e-06
n65536_q32_r500,5,BD,D,2,0.180480425,0.177140249,0.17718761,7.597999999997551e-06
n65536_q32_r500,5,BD,D,3,0.180361325,0.177540863,0.177595555,7.474999999979026e-06
n65536_q32_r500,5,BD,D,4,0.180318483,0.17769832,0.177764344,7.097999999983173e-06
n65536_q32_r500,5,BD,D,5,0.180270068,0.177374265,0.177442198,7.999000000008527e-06
n65536_q32_r500,5,BD,D,6,0.17999503,0.177170941,0.177234392,6.844000000005845e-06
n65536_q32_r500,5,BD,D,7,0.180152956,0.177547295,0.177591765,6.638000000003252e-06
n65536_q128_r300,0,DB,D,0,0.556477804,0.553173165,0.553356647,1.1371000000037768e-05
n65536_q128_r300,0,DB,D,1,0.558499088,0.555944294,0.556144811,7.699000000083167e-06
n65536_q128_r300,0,DB,D,2,0.556454827,0.553241208,0.553441037,7.059999999947664e-06
n65536_q128_r300,0,DB,D,3,0.557394183,0.554792023,0.554944403,6.943000000037003e-06
n65536_q128_r300,0,DB,D,4,0.556943691,0.553925826,0.554181233,1.8159999999989296e-05
n65536_q128_r300,0,DB,D,5,0.55781016,0.555154314,0.555309543,1.6765000000029673e-05
n65536_q128_r300,0,DB,D,6,0.556604863,0.55307451,0.553272234,6.911999999914542e-06
n65536_q128_r300,0,DB,D,7,0.557384592,0.554749273,0.554929541,6.972999999965701e-06
n65536_q128_r300,0,DB,B,0,0.553622753,0.002132458,0.003207311,2.6507999999925147e-05
n65536_q128_r300,0,DB,B,1,0.560165434,0.002032587,0.003309906,2.0302000000027576e-05
n65536_q128_r300,0,DB,B,2,0.559083222,0.002259688,0.00366265,4.611499999995772e-05
n65536_q128_r300,0,DB,B,3,0.558940704,0.002223329,0.003530569,2.0673999999942794e-05
n65536_q128_r300,0,DB,B,4,0.55788681,0.00216962,0.003450653,2.017899999995354e-05
n65536_q128_r300,0,DB,B,5,0.56750724,0.002464173,0.003699525,2.1313999999938993e-05
n65536_q128_r300,0,DB,B,6,0.558888826,0.002253785,0.003548225,2.096100000004153e-05
n65536_q128_r300,0,DB,B,7,0.559105034,0.00196308,0.003142752,1.7897999999960668e-05
n65536_q128_r300,1,BD,B,0,0.566493515,0.001998053,0.002947196,2.5961000000074286e-05
n65536_q128_r300,1,BD,B,1,0.559882745,0.002383046,0.003354228,2.0521000000051082e-05
n65536_q128_r300,1,BD,B,2,0.556606114,0.002271826,0.003297088,1.959400000006717e-05
n65536_q128_r300,1,BD,B,3,0.559119357,0.002301269,0.003271194,1.8351999999999258e-05
n65536_q128_r300,1,BD,B,4,0.556652957,0.00225827,0.003317241,1.75919999999552e-05
n65536_q128_r300,1,BD,B,5,0.558562766,0.002298436,0.003265046,1.8522999999937007e-05
n65536_q128_r300,1,BD,B,6,0.557932599,0.002221384,0.003201865,1.6452000000000133e-05
n65536_q128_r300,1,BD,B,7,0.558299331,0.002196518,0.003178398,1.7227999999924748e-05
n65536_q128_r300,1,BD,D,0,0.556647307,0.553137751,0.553315847,9.431999999920393e-06
n65536_q128_r300,1,BD,D,1,0.559283518,0.556469923,0.556654528,8.718999999990373e-06
n65536_q128_r300,1,BD,D,2,0.556648425,0.553246323,0.553442839,8.695000000003006e-06
n65536_q128_r300,1,BD,D,3,0.558123252,0.555249184,0.555425085,7.462000000013624e-06
n65536_q128_r300,1,BD,D,4,0.557359419,0.554481612,0.554735408,1.7965999999924875e-05
n65536_q128_r300,1,BD,D,5,0.546511783,0.543690963,0.543858905,7.464000000068083e-06
n65536_q128_r300,1,BD,D,6,0.540291841,0.537392921,0.537612125,6.884000000040302e-06
n65536_q128_r300,1,BD,D,7,0.542305632,0.539392811,0.539553243,6.539999999999324e-06
n65536_q128_r300,2,DB,D,0,0.547881861,0.544321563,0.544480776,8.975999999938367e-06
n65536_q128_r300,2,DB,D,1,0.542793696,0.539945317,0.540141026,8.043000000013123e-06
n65536_q128_r300,2,DB,D,2,0.545228078,0.542424914,0.542587723,7.918999999967369e-06
n65536_q128_r300,2,DB,D,3,0.537098212,0.534311614,0.534579008,7.218000000031033e-06
n65536_q128_r300,2,DB,D,4,0.536489844,0.533989293,0.534222493,1.7876999999999477e-05
n65536_q128_r300,2,DB,D,5,0.536913309,0.534251021,0.534411722,6.469999999980658e-06
n65536_q128_r300,2,DB,D,6,0.532726604,0.529869004,0.530059124,6.09800000006544e-06
n65536_q128_r300,2,DB,D,7,0.534539517,0.531933303,0.53209232,6.476000000033011e-06
n65536_q128_r300,2,DB,B,0,0.551828689,0.002189363,0.003209655,2.32719999999631e-05
n65536_q128_r300,2,DB,B,1,0.558376925,0.002251424,0.003468937,2.1841000000022426e-05
n65536_q128_r300,2,DB,B,2,0.554511661,0.002129553,0.00316973,2.0986000000111638e-05
n65536_q128_r300,2,DB,B,3,0.559232032,0.002244072,0.003439487,2.0950999999991282e-05
n65536_q128_r300,2,DB,B,4,0.558008127,0.002213679,0.003466072,1.843200000006817e-05
n65536_q128_r300,2,DB,B,5,0.550738284,0.002446403,0.003736163,1.9292000000059595e-05
n65536_q128_r300,2,DB,B,6,0.538853676,0.002371946,0.003581428,2.0030000000059722e-05
n65536_q128_r300,2,DB,B,7,0.535512342,0.002240665,0.003523239,1.8375999999986625e-05
n65536_q128_r300,3,BD,B,0,0.528437166,0.002142291,0.003088376,2.447000000005417e-05
n65536_q128_r300,3,BD,B,1,0.534048316,0.002389074,0.003368461,2.0110999999989332e-05
n65536_q128_r300,3,BD,B,2,0.531626321,0.002315333,0.003387503,2.1896000000021232e-05
n65536_q128_r300,3,BD,B,3,0.536437266,0.002702477,0.003713403,3.112299999996626e-05
n65536_q128_r300,3,BD,B,4,0.534116688,0.002459311,0.003471624,2.500599999999409e-05
n65536_q128_r300,3,BD,B,5,0.54350264,0.002325217,0.003396778,2.247800000010347e-05
n65536_q128_r300,3,BD,B,6,0.533201557,0.002379687,0.003385649,2.081400000009115e-05
n65536_q128_r300,3,BD,B,7,0.536188656,0.00239676,0.003423459,1.934699999994738e-05
n65536_q128_r300,3,BD,D,0,0.542126592,0.539199534,0.539389471,9.154000000011209e-06
n65536_q128_r300,3,BD,D,1,0.535101351,0.532298254,0.532457135,7.10100000000935e-06
n65536_q128_r300,3,BD,D,2,0.532378681,0.529566354,0.529729248,6.537999999944866e-06
n65536_q128_r300,3,BD,D,3,0.533944644,0.531362479,0.531554813,6.925999999962684e-06
n65536_q128_r300,3,BD,D,4,0.533452531,0.530690881,0.53091535,1.8265000000017295e-05
n65536_q128_r300,3,BD,D,5,0.534270695,0.531387988,0.531552776,7.356999999985625e-06
n65536_q128_r300,3,BD,D,6,0.532602086,0.529786197,0.529979246,7.899000000088918e-06
n65536_q128_r300,3,BD,D,7,0.534882452,0.531911071,0.532067429,7.862999999885822e-06
n65536_q128_r300,4,DB,D,0,0.535525625,0.532196953,0.532354969,8.651000000026166e-06
n65536_q128_r300,4,DB,D,1,0.534322149,0.531771194,0.531922872,7.096999999900433e-06
n65536_q128_r300,4,DB,D,2,0.532952542,0.530099304,0.530302707,6.398999999990274e-06
n65536_q128_r300,4,DB,D,3,0.534954546,0.531995492,0.532206447,1.6874000000055567e-05
n65536_q128_r300,4,DB,D,4,0.53248659,0.529931677,0.530099609,7.218000000031033e-06
n65536_q128_r300,4,DB,D,5,0.534330115,0.531525348,0.531711244,6.571000000010763e-06
n65536_q128_r300,4,DB,D,6,0.533715429,0.530807258,0.530963525,7.0850000000177715e-06
n65536_q128_r300,4,DB,D,7,0.54221966,0.539334506,0.539490461,6.840999999924158e-06
n65536_q128_r300,4,DB,B,0,0.535120978,0.002385521,0.003299921,2.8786000000002865e-05
n65536_q128_r300,4,DB,B,1,0.543263082,0.002338022,0.003256832,2.293200000003104e-05
n65536_q128_r300,4,DB,B,2,0.533794625,0.002333319,0.003292552,2.3013999999932366e-05
n65536_q128_r300,4,DB,B,3,0.53630811,0.002570969,0.003476165,2.9363999999976187e-05
n65536_q128_r300,4,DB,B,4,0.534238562,0.002282035,0.003176089,2.92509999999524e-05
n65536_q128_r300,4,DB,B,5,0.535723989,0.002628856,0.00351855,3.0713000000015533e-05
n65536_q128_r300,4,DB,B,6,0.533448271,0.002511139,0.003343195,2.5708000000013165e-05
n65536_q128_r300,4,DB,B,7,0.536795187,0.002792481,0.003740307,3.4731999999926266e-05
n65536_q128_r300,5,BD,B,0,0.533012193,0.002412845,0.003403771,2.844200000007291e-05
n65536_q128_r300,5,BD,B,1,0.53690061,0.002436315,0.003429346,2.142199999999317e-05
n65536_q128_r300,5,BD,B,2,0.535077481,0.002439903,0.003332589,2.3095999999944716e-05
n65536_q128_r300,5,BD,B,3,0.535162518,0.002375697,0.00333067,2.345900000000345e-05
n65536_q128_r300,5,BD,B,4,0.534674115,0.002567524,0.00351955,2.391099999998758e-05
n65536_q128_r300,5,BD,B,5,0.535893467,0.0026114,0.003551103,2.2635999999964795e-05
n65536_q128_r300,5,BD,B,6,0.53329009,0.002488534,0.003446342,2.28880000000542e-05
n65536_q128_r300,5,BD,B,7,0.536367313,0.002444642,0.003378642,2.101899999995549e-05
n65536_q128_r300,5,BD,D,0,0.556263685,0.552398679,0.552589887,1.1662000000023376e-05
n65536_q128_r300,5,BD,D,1,0.557929719,0.555410235,0.555569158,8.763999999938932e-06
n65536_q128_r300,5,BD,D,2,0.555091185,0.552047025,0.55223895,7.780000000012777e-06
n65536_q128_r300,5,BD,D,3,0.558186862,0.555085657,0.555246148,8.508000000073679e-06
n65536_q128_r300,5,BD,D,4,0.556523139,0.553464692,0.553708162,1.8875999999945492e-05
n65536_q128_r300,5,BD,D,5,0.557622049,0.554432681,0.554606112,9.818999999966493e-06
n65536_q128_r300,5,BD,D,6,0.557369845,0.554433743,0.554633738,8.310000000011364e-06
n65536_q128_r300,5,BD,D,7,0.557194548,0.554025679,0.554216476,8.204000000011646e-06
n65536_q128_r500,0,DB,D,0,0.667531246,0.663811315,0.66400631,9.824000000047128e-06
n65536_q128_r500,0,DB,D,1,0.666547844,0.663343611,0.663594155,8.382999999945184e-06
n65536_q128_r500,0,DB,D,2,0.667170987,0.663988165,0.664293839,1.8256000000049788e-05
n65536_q128_r500,0,DB,D,3,0.666655237,0.663779907,0.663971376,7.988000000014317e-06
n65536_q128_r500,0,DB,D,4,0.666661259,0.66308685,0.663314624,7.423000000006397e-06
n65536_q128_r500,0,DB,D,5,0.666374314,0.663694065,0.663901638,7.066000000000017e-06
n65536_q128_r500,0,DB,D,6,0.666883305,0.663795648,0.664018585,1.1203999999986891e-05
n65536_q128_r500,0,DB,D,7,0.667053913,0.664001619,0.664232315,1.537700000009412e-05
n65536_q128_r500,0,DB,B,0,0.669338771,0.002592145,0.003668706,2.9819000000097517e-05
n65536_q128_r500,0,DB,B,1,0.668254771,0.002350606,0.003452982,2.4738999999884825e-05
n65536_q128_r500,0,DB,B,2,0.66859718,0.002443974,0.003537268,2.3372999999993205e-05
n65536_q128_r500,0,DB,B,3,0.667634963,0.002379186,0.003468596,2.4318999999994872e-05
n65536_q128_r500,0,DB,B,4,0.668025821,0.002410737,0.003547862,2.3737000000023656e-05
n65536_q128_r500,0,DB,B,5,0.668366467,0.002776151,0.0038382,3.161800000006654e-05
n65536_q128_r500,0,DB,B,6,0.66793601,0.002046176,0.003180083,2.3305000000028997e-05
n65536_q128_r500,0,DB,B,7,0.668293307,0.002278791,0.003398497,2.2630000000023465e-05
n65536_q128_r500,1,BD,B,0,0.668557743,0.002411585,0.003458901,2.6904000000049777e-05
n65536_q128_r500,1,BD,B,1,0.669281595,0.002513696,0.003547306,2.9071999999907838e-05
n65536_q128_r500,1,BD,B,2,0.66919439,0.003041097,0.004112022,4.1796999999954565e-05
n65536_q128_r500,1,BD,B,3,0.6698264,0.002950984,0.003994459,2.5428000000049522e-05
n65536_q128_r500,1,BD,B,4,0.668456367,0.002176732,0.003217447,2.3779999999917756e-05
n65536_q128_r500,1,BD,B,5,0.669197225,0.002406171,0.00350112,2.2242999999977364e-05
n65536_q128_r500,1,BD,B,6,0.668716145,0.002518333,0.003621795,2.0901999999933807e-05
n65536_q128_r500,1,BD,B,7,0.668653101,0.002482265,0.00349597,2.174799999998811e-05
n65536_q128_r500,1,BD,D,0,0.667973779,0.664436725,0.664690223,8.48199999992083e-06
n65536_q128_r500,1,BD,D,1,0.667098694,0.664246155,0.664491433,7.219000000002751e-06
n65536_q128_r500,1,BD,D,2,0.667281912,0.664588955,0.664797153,1.7502999999918778e-05
n65536_q128_r500,1,BD,D,3,0.666821657,0.664430706,0.664704075,7.038000000014755e-06
n65536_q128_r500,1,BD,D,4,0.666939035,0.664470772,0.664709888,6.352999999958975e-06
n65536_q128_r500,1,BD,D,5,0.667131247,0.664623121,0.664839005,6.298000000071191e-06
n65536_q128_r500,1,BD,D,6,0.667248463,0.664841493,0.66508951,8.67800000003971e-06
n65536_q128_r500,1,BD,D,7,0.667662264,0.664896363,0.665184657,6.033000000016386e-06
n65536_q128_r500,2,DB,D,0,0.668213892,0.664403689,0.664651805,9.98700000010011e-06
n65536_q128_r500,2,DB,D,1,0.667208351,0.662548041,0.66280772,9.529999999924321e-06
n65536_q128_r500,2,DB,D,2,0.667519198,0.66473703,0.664964161,2.133199999998503e-05
n65536_q128_r500,2,DB,D,3,0.667657011,0.664737386,0.664965206,8.33499999997045e-06
n65536_q128_r500,2,DB,D,4,0.667427793,0.663855714,0.664071062,8.628999999982234e-06
n65536_q128_r500,2,DB,D,5,0.667084447,0.664592334,0.664784041,7.297000000017206e-06
n65536_q128_r500,2,DB,D,6,0.666698159,0.663833501,0.664076317,1.1030999999883662e-05
n65536_q128_r500,2,DB,D,7,0.66701204,0.66360917,0.663826286,7.568000000124364e-06
n65536_q128_r500,2,DB,B,0,0.66304598,0.002262158,0.003293551,2.4397000000009328e-05
n65536_q128_r500,2,DB,B,1,0.666819453,0.002705355,0.003774412,2.379999999990723e-05
n65536_q128_r500,2,DB,B,2,0.665654808,0.00290865,0.003886864,3.3423999999948606e-05
n65536_q128_r500,2,DB,B,3,0.66897083,0.002773134,0.003864457,2.7023999999986614e-05
n65536_q128_r500,2,DB,B,4,0.667942227,0.002716624,0.003797329,2.5034000000090373e-05
n65536_q128_r500,2,DB,B,5,0.667949287,0.002495145,0.003614683,2.030699999999719e-05
n65536_q128_r500,2,DB,B,6,0.668133271,0.002699689,0.003847605,2.0881999999944334e-05
n65536_q128_r500,2,DB,B,7,0.668638795,0.002637644,0.003725555,2.3647999999987235e-05
n65536_q128_r500,3,BD,B,0,0.663333193,0.002238523,0.003286338,2.454500000004245e-05
n65536_q128_r500,3,BD,B,1,0.666523475,0.002633491,0.003743109,2.1366999999994363e-05
n65536_q128_r500,3,BD,B,2,0.65837116,0.002274093,0.003321908,1.879800000004206e-05
n65536_q128_r500,3,BD,B,3,0.668728612,0.00266305,0.003827964,2.2062999999961086e-05
n65536_q128_r500,3,BD,B,4,0.668490676,0.003076648,0.004124411,3.4851999999974126e-05
n65536_q128_r500,3,BD,B,5,0.668214274,0.002812918,0.0039675,2.6597999999933286e-05
n65536_q128_r500,3,BD,B,6,0.668296268,0.002764793,0.003930446,2.7427000000024293e-05
n65536_q128_r500,3,BD,B,7,0.668602402,0.00297918,0.004095952,3.4113999999974e-05
n65536_q128_r500,3,BD,D,0,0.667428227,0.664287671,0.664513098,1.000900000003302e-05
n65536_q128_r500,3,BD,D,1,0.66711154,0.664283125,0.664494732,8.923999999854715e-06
n65536_q128_r500,3,BD,D,2,0.663206085,0.659988576,0.660333697,1.8421000000046206e-05
n65536_q128_r500,3,BD,D,3,0.641712249,0.639045564,0.639251715,9.288999999967906e-06
n65536_q128_r500,3,BD,D,4,0.642522816,0.639645435,0.639884023,8.961000000029529e-06
n65536_q128_r500,3,BD,D,5,0.641513126,0.638396499,0.638605,8.649999999943425e-06
n65536_q128_r500,3,BD,D,6,0.63912874,0.636334295,0.636575191,1.0799999999977494e-05
n65536_q128_r500,3,BD,D,7,0.638964971,0.636295269,0.636543589,8.145000000014946e-06
n65536_q128_r500,4,DB,D,0,0.667808798,0.663656527,0.663877163,9.264000000119843e-06
n65536_q128_r500,4,DB,D,1,0.666956804,0.664146499,0.664383377,8.584000000033676e-06
n65536_q128_r500,4,DB,D,2,0.667104852,0.664257168,0.664458962,1.9177999999953066e-05
n65536_q128_r500,4,DB,D,3,0.667082437,0.663831778,0.664089374,7.991000000040493e-06
n65536_q128_r500,4,DB,D,4,0.666718727,0.664209382,0.664444374,1.019299999993617e-05
n65536_q128_r500,4,DB,D,5,0.667081342,0.664063401,0.664270672,7.941999999983018e-06
n65536_q128_r500,4,DB,D,6,0.666334133,0.662995336,0.663234915,1.0321999999951537e-05
n65536_q128_r500,4,DB,D,7,0.644945678,0.642267933,0.642493011,7.219999999974469e-06
n65536_q128_r500,4,DB,B,0,0.667746103,0.002307325,0.00339222,2.3649000000069975e-05
n65536_q128_r500,4,DB,B,1,0.668664952,0.002324977,0.003405322,2.0048999999966455e-05
n65536_q128_r500,4,DB,B,2,0.66859455,0.002373205,0.003466156,1.8367000000019118e-05
n65536_q128_r500,4,DB,B,3,0.667916021,0.002531414,0.003633501,2.4273000000074596e-05
n65536_q128_r500,4,DB,B,4,0.667510295,0.002543477,0.003578609,2.590600000007548e-05
n65536_q128_r500,4,DB,B,5,0.667709915,0.002336841,0.003453842,2.095999999995879e-05
n65536_q128_r500,4,DB,B,6,0.65670335,0.002401602,0.003470372,1.9411999999996432e-05
n65536_q128_r500,4,DB,B,7,0.642913721,0.002387521,0.003409445,1.8227999999953504e-05
n65536_q128_r500,5,BD,B,0,0.635373621,0.002518534,0.003518473,3.353400000005724e-05
n65536_q128_r500,5,BD,B,1,0.638974977,0.002750358,0.003747878,3.030100000012137e-05
n65536_q128_r500,5,BD,B,2,0.637772655,0.002624204,0.003602662,3.340000000007226e-05
n65536_q128_r500,5,BD,B,3,0.641212095,0.002833865,0.003883423,3.1293000000043314e-05
n65536_q128_r500,5,BD,B,4,0.640298761,0.002399418,0.00351566,2.3707000000094958e-05
n65536_q128_r500,5,BD,B,5,0.640314154,0.002393549,0.003536821,2.180799999995653e-05
n65536_q128_r500,5,BD,B,6,0.64034731,0.002477368,0.003535434,2.1097000000080968e-05
n65536_q128_r500,5,BD,B,7,0.640752354,0.002396707,0.0034691,1.954699999995313e-05
n65536_q128_r500,5,BD,D,0,0.66840336,0.665109982,0.665315491,8.72099999993381e-06
n65536_q128_r500,5,BD,D,1,0.651444026,0.648628134,0.648863309,6.477999999976447e-06
n65536_q128_r500,5,BD,D,2,0.64191553,0.63929638,0.639553661,1.5212999999958399e-05
n65536_q128_r500,5,BD,D,3,0.641736842,0.639015025,0.639241828,6.030000000101232e-06
n65536_q128_r500,5,BD,D,4,0.639218111,0.636462513,0.636643719,5.646000000081308e-06
n65536_q128_r500,5,BD,D,5,0.639135325,0.636496374,0.636669654,5.667000000042499e-06
n65536_q128_r500,5,BD,D,6,0.638883199,0.636417166,0.636627453,8.828999999987985e-06
n65536_q128_r500,5,BD,D,7,0.638985164,0.636455304,0.636652183,5.841000000006424e-06
