scope,mode,kernel_launches,dram__bytes_op_read.sum,dram__bytes_op_write.sum,l1tex__t_requests_pipe_lsu_mem_global_op_ld.sum,smsp__inst_executed_pipe_fp64.sum
object_kernel,SCAN_E,1,17967432960,42393088,163944384,1201145997
object_kernel,C_ID_E,1,23796115456,53710336,215691232,1264185349
object_kernel,C_MASK_E,1,15859133440,52991488,146805216,1000908919
object_kernel,C_TASK_E,1,15836839424,53158400,148032842,994134425
object_kernel,C_MASK_L,1,55770984704,55319040,442136000,3319148974
object_kernel,C_TASK_L,1,55751292928,56000256,443363626,4366584856
all_profiled_kernels,SCAN_E,6,18002085376,43218176,165951066,1201145997
all_profiled_kernels,C_MASK_E,12,15901392896,80527104,152961475,1006227276
all_profiled_kernels,C_TASK_E,45,15873736192,83198720,155205299,999452782
