radius,mode,query_id,count,ordered_hash,objects,sum_dims,mean_dims,p50_dims,p90_dims,p99_dims,mean_group_max_dims,full_dim_fraction,full_group_fraction,logical_object_coord_read_gb
normal,B,584510,1,7111464684906674828,1000000,960000000,960.0,960,960,960,960.0,1.0,1.0,3.84
normal,B,860467,110513,14831659072279641336,1000000,960000000,960.0,960,960,960,960.0,1.0,1.0,3.84
normal,B,923923,1,9650181218042224611,1000000,960000000,960.0,960,960,960,960.0,1.0,1.0,3.84
normal,B,533409,120801,1158368764979798433,1000000,960000000,960.0,960,960,960,960.0,1.0,1.0,3.84
normal,B,220435,302764,15329822199843692600,1000000,960000000,960.0,960,960,960,960.0,1.0,1.0,3.84
normal,B,395173,262241,16292672578093830578,1000000,960000000,960.0,960,960,960,960.0,1.0,1.0,3.84
normal,B,125555,75155,13669275240459382784,1000000,960000000,960.0,960,960,960,960.0,1.0,1.0,3.84
normal,B,37317,482,9065587736478984682,1000000,960000000,960.0,960,960,960,960.0,1.0,1.0,3.84
normal,B,326694,2,17855805870912985590,1000000,960000000,960.0,960,960,960,960.0,1.0,1.0,3.84
normal,B,408325,1772,2815813216534820304,1000000,960000000,960.0,960,960,960,960.0,1.0,1.0,3.84
normal,B,928005,1001,17371819348064928502,1000000,960000000,960.0,960,960,960,960.0,1.0,1.0,3.84
normal,B,636852,324005,16982769923046401650,1000000,960000000,960.0,960,960,960,960.0,1.0,1.0,3.84
normal,B,565201,6396,11264234127150399790,1000000,960000000,960.0,960,960,960,960.0,1.0,1.0,3.84
normal,B,416400,5024,368749101627721021,1000000,960000000,960.0,960,960,960,960.0,1.0,1.0,3.84
normal,B,671950,1,5927922487194769596,1000000,960000000,960.0,960,960,960,960.0,1.0,1.0,3.84
normal,B,100598,274260,15670590569913710840,1000000,960000000,960.0,960,960,960,960.0,1.0,1.0,3.84
normal,B,130060,136432,5969732168017826336,1000000,960000000,960.0,960,960,960,960.0,1.0,1.0,3.84
normal,B,763603,301541,147904619539737232,1000000,960000000,960.0,960,960,960,960.0,1.0,1.0,3.84
normal,B,229656,16,5218843424058757563,1000000,960000000,960.0,960,960,960,960.0,1.0,1.0,3.84
normal,B,854752,794,12398274414676620556,1000000,960000000,960.0,960,960,960,960.0,1.0,1.0,3.84
normal,B,717147,476,17483727490360448166,1000000,960000000,960.0,960,960,960,960.0,1.0,1.0,3.84
normal,B,253796,3,3494645160661919934,1000000,960000000,960.0,960,960,960,960.0,1.0,1.0,3.84
normal,B,594298,4,13409741501217839975,1000000,960000000,960.0,960,960,960,960.0,1.0,1.0,3.84
normal,B,802333,146327,10595701386717585823,1000000,960000000,960.0,960,960,960,960.0,1.0,1.0,3.84
normal,B,907497,252358,11185946559242699135,1000000,960000000,960.0,960,960,960,960.0,1.0,1.0,3.84
normal,B,970136,43571,1768546914362820738,1000000,960000000,960.0,960,960,960,960.0,1.0,1.0,3.84
normal,B,472710,1,1071764945648967332,1000000,960000000,960.0,960,960,960,960.0,1.0,1.0,3.84
normal,B,311434,1,13312524340719727440,1000000,960000000,960.0,960,960,960,960.0,1.0,1.0,3.84
normal,B,152112,1,16322557560223705822,1000000,960000000,960.0,960,960,960,960.0,1.0,1.0,3.84
normal,B,262882,350,15552938297066695674,1000000,960000000,960.0,960,960,960,960.0,1.0,1.0,3.84
normal,B,706522,217682,12361096037655865303,1000000,960000000,960.0,960,960,960,960.0,1.0,1.0,3.84
normal,B,832912,32198,18328276085626311192,1000000,960000000,960.0,960,960,960,960.0,1.0,1.0,3.84
normal,B,303769,17440,16329138951931766161,1000000,960000000,960.0,960,960,960,960.0,1.0,1.0,3.84
normal,B,223701,5223,12110691255955863336,1000000,960000000,960.0,960,960,960,960.0,1.0,1.0,3.84
normal,B,809314,2575,13833537680890479799,1000000,960000000,960.0,960,960,960,960.0,1.0,1.0,3.84
normal,B,831243,1,17493799186480836747,1000000,960000000,960.0,960,960,960,960.0,1.0,1.0,3.84
normal,B,831746,232210,3986705561301011554,1000000,960000000,960.0,960,960,960,960.0,1.0,1.0,3.84
normal,B,314373,245446,17684901665160681817,1000000,960000000,960.0,960,960,960,960.0,1.0,1.0,3.84
normal,B,810800,8735,181497579686815711,1000000,960000000,960.0,960,960,960,960.0,1.0,1.0,3.84
normal,B,211855,2,15098965436855431700,1000000,960000000,960.0,960,960,960,960.0,1.0,1.0,3.84
normal,B,533614,65593,5177147739743711313,1000000,960000000,960.0,960,960,960,960.0,1.0,1.0,3.84
normal,B,335471,221008,9663218791444078051,1000000,960000000,960.0,960,960,960,960.0,1.0,1.0,3.84
normal,B,566134,123319,11275262358537811118,1000000,960000000,960.0,960,960,960,960.0,1.0,1.0,3.84
normal,B,738848,350706,12714018293197981387,1000000,960000000,960.0,960,960,960,960.0,1.0,1.0,3.84
normal,B,359342,1,14883231301748386396,1000000,960000000,960.0,960,960,960,960.0,1.0,1.0,3.84
normal,B,965210,464,8065290031319401403,1000000,960000000,960.0,960,960,960,960.0,1.0,1.0,3.84
normal,B,928413,101193,7571004148797661265,1000000,960000000,960.0,960,960,960,960.0,1.0,1.0,3.84
normal,B,998782,312168,5618084397353648138,1000000,960000000,960.0,960,960,960,960.0,1.0,1.0,3.84
normal,B,248373,424,17920615215818596529,1000000,960000000,960.0,960,960,960,960.0,1.0,1.0,3.84
normal,B,113110,298393,11087762445465402799,1000000,960000000,960.0,960,960,960,960.0,1.0,1.0,3.84
normal,B,421120,1,9920652127043963342,1000000,960000000,960.0,960,960,960,960.0,1.0,1.0,3.84
normal,B,579626,21074,8674792675435185845,1000000,960000000,960.0,960,960,960,960.0,1.0,1.0,3.84
normal,B,997466,171628,6463969713763470983,1000000,960000000,960.0,960,960,960,960.0,1.0,1.0,3.84
normal,B,522760,150559,3458506985099854542,1000000,960000000,960.0,960,960,960,960.0,1.0,1.0,3.84
normal,B,134930,269,11022067387796225111,1000000,960000000,960.0,960,960,960,960.0,1.0,1.0,3.84
normal,B,786964,4537,10631416977948792920,1000000,960000000,960.0,960,960,960,960.0,1.0,1.0,3.84
normal,B,884325,349201,543682768752225887,1000000,960000000,960.0,960,960,960,960.0,1.0,1.0,3.84
normal,B,552447,174588,2772483950073372472,1000000,960000000,960.0,960,960,960,960.0,1.0,1.0,3.84
normal,B,504571,1573,15794713272219230736,1000000,960000000,960.0,960,960,960,960.0,1.0,1.0,3.84
normal,B,951244,5415,13484686832383344511,1000000,960000000,960.0,960,960,960,960.0,1.0,1.0,3.84
normal,B,220807,147226,16046319097409406499,1000000,960000000,960.0,960,960,960,960.0,1.0,1.0,3.84
normal,B,681257,1,11792367510721151297,1000000,960000000,960.0,960,960,960,960.0,1.0,1.0,3.84
normal,B,417658,18,10725949708782130545,1000000,960000000,960.0,960,960,960,960.0,1.0,1.0,3.84
normal,B,266352,12132,13375739972415901329,1000000,960000000,960.0,960,960,960,960.0,1.0,1.0,3.84
normal,L,584510,1,7111464684906674828,1000000,960000000,960.0,960,960,960,960.0,1.0,1.0,3.84
normal,L,860467,110513,14831659072279641336,1000000,960000000,960.0,960,960,960,960.0,1.0,1.0,3.84
normal,L,923923,1,9650181218042224611,1000000,960000000,960.0,960,960,960,960.0,1.0,1.0,3.84
normal,L,533409,120801,1158368764979798433,1000000,960000000,960.0,960,960,960,960.0,1.0,1.0,3.84
normal,L,220435,302764,15329822199843692600,1000000,960000000,960.0,960,960,960,960.0,1.0,1.0,3.84
normal,L,395173,262241,16292672578093830578,1000000,960000000,960.0,960,960,960,960.0,1.0,1.0,3.84
normal,L,125555,75155,13669275240459382784,1000000,960000000,960.0,960,960,960,960.0,1.0,1.0,3.84
normal,L,37317,482,9065587736478984682,1000000,960000000,960.0,960,960,960,960.0,1.0,1.0,3.84
normal,L,326694,2,17855805870912985590,1000000,960000000,960.0,960,960,960,960.0,1.0,1.0,3.84
normal,L,408325,1772,2815813216534820304,1000000,960000000,960.0,960,960,960,960.0,1.0,1.0,3.84
normal,L,928005,1001,17371819348064928502,1000000,960000000,960.0,960,960,960,960.0,1.0,1.0,3.84
normal,L,636852,324005,16982769923046401650,1000000,960000000,960.0,960,960,960,960.0,1.0,1.0,3.84
normal,L,565201,6396,11264234127150399790,1000000,960000000,960.0,960,960,960,960.0,1.0,1.0,3.84
normal,L,416400,5024,368749101627721021,1000000,960000000,960.0,960,960,960,960.0,1.0,1.0,3.84
normal,L,671950,1,5927922487194769596,1000000,960000000,960.0,960,960,960,960.0,1.0,1.0,3.84
normal,L,100598,274260,15670590569913710840,1000000,960000000,960.0,960,960,960,960.0,1.0,1.0,3.84
normal,L,130060,136432,5969732168017826336,1000000,960000000,960.0,960,960,960,960.0,1.0,1.0,3.84
normal,L,763603,301541,147904619539737232,1000000,960000000,960.0,960,960,960,960.0,1.0,1.0,3.84
normal,L,229656,16,5218843424058757563,1000000,960000000,960.0,960,960,960,960.0,1.0,1.0,3.84
normal,L,854752,794,12398274414676620556,1000000,960000000,960.0,960,960,960,960.0,1.0,1.0,3.84
normal,L,717147,476,17483727490360448166,1000000,960000000,960.0,960,960,960,960.0,1.0,1.0,3.84
normal,L,253796,3,3494645160661919934,1000000,960000000,960.0,960,960,960,960.0,1.0,1.0,3.84
normal,L,594298,4,13409741501217839975,1000000,960000000,960.0,960,960,960,960.0,1.0,1.0,3.84
normal,L,802333,146327,10595701386717585823,1000000,960000000,960.0,960,960,960,960.0,1.0,1.0,3.84
normal,L,907497,252358,11185946559242699135,1000000,960000000,960.0,960,960,960,960.0,1.0,1.0,3.84
normal,L,970136,43571,1768546914362820738,1000000,960000000,960.0,960,960,960,960.0,1.0,1.0,3.84
normal,L,472710,1,1071764945648967332,1000000,960000000,960.0,960,960,960,960.0,1.0,1.0,3.84
normal,L,311434,1,13312524340719727440,1000000,960000000,960.0,960,960,960,960.0,1.0,1.0,3.84
normal,L,152112,1,16322557560223705822,1000000,960000000,960.0,960,960,960,960.0,1.0,1.0,3.84
normal,L,262882,350,15552938297066695674,1000000,960000000,960.0,960,960,960,960.0,1.0,1.0,3.84
normal,L,706522,217682,12361096037655865303,1000000,960000000,960.0,960,960,960,960.0,1.0,1.0,3.84
normal,L,832912,32198,18328276085626311192,1000000,960000000,960.0,960,960,960,960.0,1.0,1.0,3.84
normal,L,303769,17440,16329138951931766161,1000000,960000000,960.0,960,960,960,960.0,1.0,1.0,3.84
normal,L,223701,5223,12110691255955863336,1000000,960000000,960.0,960,960,960,960.0,1.0,1.0,3.84
normal,L,809314,2575,13833537680890479799,1000000,960000000,960.0,960,960,960,960.0,1.0,1.0,3.84
normal,L,831243,1,17493799186480836747,1000000,960000000,960.0,960,960,960,960.0,1.0,1.0,3.84
normal,L,831746,232210,3986705561301011554,1000000,960000000,960.0,960,960,960,960.0,1.0,1.0,3.84
normal,L,314373,245446,17684901665160681817,1000000,960000000,960.0,960,960,960,960.0,1.0,1.0,3.84
normal,L,810800,8735,181497579686815711,1000000,960000000,960.0,960,960,960,960.0,1.0,1.0,3.84
normal,L,211855,2,15098965436855431700,1000000,960000000,960.0,960,960,960,960.0,1.0,1.0,3.84
normal,L,533614,65593,5177147739743711313,1000000,960000000,960.0,960,960,960,960.0,1.0,1.0,3.84
normal,L,335471,221008,9663218791444078051,1000000,960000000,960.0,960,960,960,960.0,1.0,1.0,3.84
normal,L,566134,123319,11275262358537811118,1000000,960000000,960.0,960,960,960,960.0,1.0,1.0,3.84
normal,L,738848,350706,12714018293197981387,1000000,960000000,960.0,960,960,960,960.0,1.0,1.0,3.84
normal,L,359342,1,14883231301748386396,1000000,960000000,960.0,960,960,960,960.0,1.0,1.0,3.84
normal,L,965210,464,8065290031319401403,1000000,960000000,960.0,960,960,960,960.0,1.0,1.0,3.84
normal,L,928413,101193,7571004148797661265,1000000,960000000,960.0,960,960,960,960.0,1.0,1.0,3.84
normal,L,998782,312168,5618084397353648138,1000000,960000000,960.0,960,960,960,960.0,1.0,1.0,3.84
normal,L,248373,424,17920615215818596529,1000000,960000000,960.0,960,960,960,960.0,1.0,1.0,3.84
normal,L,113110,298393,11087762445465402799,1000000,960000000,960.0,960,960,960,960.0,1.0,1.0,3.84
normal,L,421120,1,9920652127043963342,1000000,960000000,960.0,960,960,960,960.0,1.0,1.0,3.84
normal,L,579626,21074,8674792675435185845,1000000,960000000,960.0,960,960,960,960.0,1.0,1.0,3.84
normal,L,997466,171628,6463969713763470983,1000000,960000000,960.0,960,960,960,960.0,1.0,1.0,3.84
normal,L,522760,150559,3458506985099854542,1000000,960000000,960.0,960,960,960,960.0,1.0,1.0,3.84
normal,L,134930,269,11022067387796225111,1000000,960000000,960.0,960,960,960,960.0,1.0,1.0,3.84
normal,L,786964,4537,10631416977948792920,1000000,960000000,960.0,960,960,960,960.0,1.0,1.0,3.84
normal,L,884325,349201,543682768752225887,1000000,960000000,960.0,960,960,960,960.0,1.0,1.0,3.84
normal,L,552447,174588,2772483950073372472,1000000,960000000,960.0,960,960,960,960.0,1.0,1.0,3.84
normal,L,504571,1573,15794713272219230736,1000000,960000000,960.0,960,960,960,960.0,1.0,1.0,3.84
normal,L,951244,5415,13484686832383344511,1000000,960000000,960.0,960,960,960,960.0,1.0,1.0,3.84
normal,L,220807,147226,16046319097409406499,1000000,960000000,960.0,960,960,960,960.0,1.0,1.0,3.84
normal,L,681257,1,11792367510721151297,1000000,960000000,960.0,960,960,960,960.0,1.0,1.0,3.84
normal,L,417658,18,10725949708782130545,1000000,960000000,960.0,960,960,960,960.0,1.0,1.0,3.84
normal,L,266352,12132,13375739972415901329,1000000,960000000,960.0,960,960,960,960.0,1.0,1.0,3.84
normal,E64,584510,1,7111464684906674828,1000000,411217408,411.217408,416,480,576,495.617024,1e-06,3.2e-05,1.644869632
normal,E64,860467,110513,14831659072279641336,1000000,685650336,685.650336,704,960,960,833.876992,0.136692,0.462336,2.742601344
normal,E64,923923,1,9650181218042224611,1000000,180315936,180.315936,192,224,256,224.462848,1e-06,3.2e-05,0.721263744
normal,E64,533409,120801,1158368764979798433,1000000,674454624,674.454624,672,960,960,833.212416,0.152765,0.481728,2.697818496
normal,E64,220435,302764,15329822199843692600,1000000,729228576,729.228576,768,960,960,860.816384,0.323479,0.578016,2.916914304
normal,E64,395173,262241,16292672578093830578,1000000,718859360,718.85936,736,960,960,850.62656,0.283725,0.53824,2.87543744
normal,E64,125555,75155,13669275240459382784,1000000,678186720,678.18672,704,928,960,814.641152,0.089833,0.353568,2.71274688
normal,E64,37317,482,9065587736478984682,1000000,489522688,489.522688,512,672,832,670.993408,0.001479,0.035328,1.958090752
normal,E64,326694,2,17855805870912985590,1000000,658910432,658.910432,704,768,832,755.42528,2.2e-05,0.000672,2.635641728
normal,E64,408325,1772,2815813216534820304,1000000,539118400,539.1184,544,704,864,707.811328,0.00247,0.054752,2.1564736
normal,E64,928005,1001,17371819348064928502,1000000,524927040,524.92704,544,672,800,698.221568,0.001479,0.035776,2.09970816
normal,E64,636852,324005,16982769923046401650,1000000,791020032,791.020032,832,960,960,884.974592,0.35541,0.619616,3.164080128
normal,E64,565201,6396,11264234127150399790,1000000,645363424,645.363424,672,864,960,787.173376,0.010948,0.141888,2.581453696
normal,E64,416400,5024,368749101627721021,1000000,596322912,596.322912,608,800,928,775.477248,0.008689,0.142336,2.385291648
normal,E64,671950,1,5927922487194769596,1000000,362877696,362.877696,384,416,512,428.002304,1e-06,3.2e-05,1.451510784
normal,E64,100598,274260,15670590569913710840,1000000,679855552,679.855552,704,960,960,833.062912,0.291446,0.534176,2.719422208
normal,E64,130060,136432,5969732168017826336,1000000,725597024,725.597024,768,960,960,850.31936,0.1599,0.456896,2.902388096
normal,E64,763603,301541,147904619539737232,1000000,763794624,763.794624,800,960,960,876.361728,0.329735,0.615968,3.055178496
normal,E64,229656,16,5218843424058757563,1000000,456338016,456.338016,480,608,736,622.503936,3.4e-05,0.000992,1.825352064
normal,E64,854752,794,12398274414676620556,1000000,656254528,656.254528,704,832,928,789.10976,0.004829,0.085376,2.625018112
normal,E64,717147,476,17483727490360448166,1000000,658304224,658.304224,704,800,896,771.51744,0.00116,0.029984,2.633216896
normal,E64,253796,3,3494645160661919934,1000000,235635648,235.635648,224,352,480,341.615616,3e-06,9.6e-05,0.942542592
normal,E64,594298,4,13409741501217839975,1000000,182054848,182.054848,192,224,320,257.483776,5e-06,0.00016,0.728219392
normal,E64,802333,146327,10595701386717585823,1000000,714842848,714.842848,736,960,960,843.369472,0.175265,0.467008,2.859371392
normal,E64,907497,252358,11185946559242699135,1000000,741699776,741.699776,832,960,960,870.693888,0.292503,0.585024,2.966799104
normal,E64,970136,43571,1768546914362820738,1000000,620611584,620.611584,640,864,960,803.43552,0.056525,0.325792,2.482446336
normal,E64,472710,1,1071764945648967332,1000000,285149664,285.149664,288,352,512,403.11296,1e-06,3.2e-05,1.140598656
normal,E64,311434,1,13312524340719727440,1000000,621906848,621.906848,672,736,800,708.467712,1e-06,3.2e-05,2.487627392
normal,E64,152112,1,16322557560223705822,1000000,545645440,545.64544,576,672,672,636.45696,1e-06,3.2e-05,2.18258176
normal,E64,262882,350,15552938297066695674,1000000,630818176,630.818176,704,736,832,728.292352,0.000817,0.018816,2.523272704
normal,E64,706522,217682,12361096037655865303,1000000,638392288,638.392288,640,960,960,808.631296,0.232661,0.4608,2.553569152
normal,E64,832912,32198,18328276085626311192,1000000,637224544,637.224544,672,864,960,803.255296,0.040184,0.28672,2.548898176
normal,E64,303769,17440,16329138951931766161,1000000,635303520,635.30352,640,832,960,809.68704,0.029967,0.269216,2.54121408
normal,E64,223701,5223,12110691255955863336,1000000,664456992,664.456992,704,832,928,789.045248,0.009875,0.122368,2.657827968
normal,E64,809314,2575,13833537680890479799,1000000,563801152,563.801152,576,768,896,743.395328,0.003783,0.077184,2.255204608
normal,E64,831243,1,17493799186480836747,1000000,195880320,195.88032,192,224,256,227.400704,1e-06,3.2e-05,0.78352128
normal,E64,831746,232210,3986705561301011554,1000000,747857472,747.857472,800,960,960,870.5024,0.267669,0.582432,2.991429888
normal,E64,314373,245446,17684901665160681817,1000000,691693312,691.693312,736,960,960,835.520512,0.260421,0.525984,2.766773248
normal,E64,810800,8735,181497579686815711,1000000,672081952,672.081952,672,864,960,819.372032,0.026146,0.248288,2.688327808
normal,E64,211855,2,15098965436855431700,1000000,491061632,491.061632,512,672,704,616.906752,2e-06,6.4e-05,1.964246528
normal,E64,533614,65593,5177147739743711313,1000000,686275360,686.27536,704,928,960,829.89056,0.087962,0.389696,2.74510144
normal,E64,335471,221008,9663218791444078051,1000000,753289184,753.289184,800,960,960,878.314496,0.252461,0.599808,3.013156736
normal,E64,566134,123319,11275262358537811118,1000000,711377920,711.37792,736,960,960,843.309056,0.187913,0.490432,2.84551168
normal,E64,738848,350706,12714018293197981387,1000000,781990976,781.990976,864,960,960,885.897216,0.37976,0.643488,3.127963904
normal,E64,359342,1,14883231301748386396,1000000,471197344,471.197344,480,640,736,602.520576,1e-06,3.2e-05,1.884789376
normal,E64,965210,464,8065290031319401403,1000000,586230400,586.2304,608,736,864,716.872704,0.000992,0.02512,2.3449216
normal,E64,928413,101193,7571004148797661265,1000000,661147328,661.147328,672,960,960,842.426368,0.1207,0.482272,2.644589312
normal,E64,998782,312168,5618084397353648138,1000000,758571136,758.571136,800,960,960,873.995264,0.335762,0.597248,3.034284544
normal,E64,248373,424,17920615215818596529,1000000,392463072,392.463072,352,576,768,597.695488,0.000711,0.019104,1.569852288
normal,E64,113110,298393,11087762445465402799,1000000,726072928,726.072928,768,960,960,854.964224,0.319229,0.56912,2.904291712
normal,E64,421120,1,9920652127043963342,1000000,497913472,497.913472,480,608,768,614.774784,1e-06,3.2e-05,1.991653888
normal,E64,579626,21074,8674792675435185845,1000000,611652640,611.65264,608,832,960,770.026496,0.02923,0.22704,2.44661056
normal,E64,997466,171628,6463969713763470983,1000000,608607264,608.607264,576,960,960,786.891776,0.183168,0.392512,2.434429056
normal,E64,522760,150559,3458506985099854542,1000000,699894976,699.894976,736,960,960,844.191744,0.17797,0.509312,2.799579904
normal,E64,134930,269,11022067387796225111,1000000,541922112,541.922112,544,768,800,708.661248,0.000386,0.008576,2.167688448
normal,E64,786964,4537,10631416977948792920,1000000,629058560,629.05856,672,800,928,788.813824,0.007342,0.134944,2.51623424
normal,E64,884325,349201,543682768752225887,1000000,744498144,744.498144,800,960,960,867.523584,0.369939,0.622144,2.977992576
normal,E64,552447,174588,2772483950073372472,1000000,712737216,712.737216,736,960,960,853.940224,0.201448,0.514912,2.850948864
normal,E64,504571,1573,15794713272219230736,1000000,385764800,385.7648,352,544,832,609.752064,0.002277,0.041408,1.5430592
normal,E64,951244,5415,13484686832383344511,1000000,685394720,685.39472,736,832,960,804.711424,0.011435,0.12944,2.74157888
normal,E64,220807,147226,16046319097409406499,1000000,768558496,768.558496,832,960,960,873.172992,0.218885,0.492032,3.074233984
normal,E64,681257,1,11792367510721151297,1000000,459647872,459.647872,480,672,704,616.280064,1e-06,3.2e-05,1.838591488
normal,E64,417658,18,10725949708782130545,1000000,304588960,304.58896,288,480,608,460.33408,2.5e-05,0.000736,1.21835584
normal,E64,266352,12132,13375739972415901329,1000000,615157184,615.157184,640,832,960,788.128768,0.020539,0.2384,2.460628736
normal,L_E64,584510,1,7111464684906674828,1000000,411217408,411.217408,416,480,576,495.617024,1e-06,3.2e-05,1.644869632
normal,L_E64,860467,110513,14831659072279641336,1000000,685650336,685.650336,704,960,960,833.876992,0.136692,0.462336,2.742601344
normal,L_E64,923923,1,9650181218042224611,1000000,180315936,180.315936,192,224,256,224.462848,1e-06,3.2e-05,0.721263744
normal,L_E64,533409,120801,1158368764979798433,1000000,674454624,674.454624,672,960,960,833.212416,0.152765,0.481728,2.697818496
normal,L_E64,220435,302764,15329822199843692600,1000000,729228576,729.228576,768,960,960,860.816384,0.323479,0.578016,2.916914304
normal,L_E64,395173,262241,16292672578093830578,1000000,718859360,718.85936,736,960,960,850.62656,0.283725,0.53824,2.87543744
normal,L_E64,125555,75155,13669275240459382784,1000000,678186720,678.18672,704,928,960,814.641152,0.089833,0.353568,2.71274688
normal,L_E64,37317,482,9065587736478984682,1000000,489522688,489.522688,512,672,832,670.993408,0.001479,0.035328,1.958090752
normal,L_E64,326694,2,17855805870912985590,1000000,658910432,658.910432,704,768,832,755.42528,2.2e-05,0.000672,2.635641728
normal,L_E64,408325,1772,2815813216534820304,1000000,539118400,539.1184,544,704,864,707.811328,0.00247,0.054752,2.1564736
normal,L_E64,928005,1001,17371819348064928502,1000000,524927040,524.92704,544,672,800,698.221568,0.001479,0.035776,2.09970816
normal,L_E64,636852,324005,16982769923046401650,1000000,791020032,791.020032,832,960,960,884.974592,0.35541,0.619616,3.164080128
normal,L_E64,565201,6396,11264234127150399790,1000000,645363424,645.363424,672,864,960,787.173376,0.010948,0.141888,2.581453696
normal,L_E64,416400,5024,368749101627721021,1000000,596322912,596.322912,608,800,928,775.477248,0.008689,0.142336,2.385291648
normal,L_E64,671950,1,5927922487194769596,1000000,362877696,362.877696,384,416,512,428.002304,1e-06,3.2e-05,1.451510784
normal,L_E64,100598,274260,15670590569913710840,1000000,679855552,679.855552,704,960,960,833.062912,0.291446,0.534176,2.719422208
normal,L_E64,130060,136432,5969732168017826336,1000000,725597024,725.597024,768,960,960,850.31936,0.1599,0.456896,2.902388096
normal,L_E64,763603,301541,147904619539737232,1000000,763794624,763.794624,800,960,960,876.361728,0.329735,0.615968,3.055178496
normal,L_E64,229656,16,5218843424058757563,1000000,456338016,456.338016,480,608,736,622.503936,3.4e-05,0.000992,1.825352064
normal,L_E64,854752,794,12398274414676620556,1000000,656254528,656.254528,704,832,928,789.10976,0.004829,0.085376,2.625018112
normal,L_E64,717147,476,17483727490360448166,1000000,658304224,658.304224,704,800,896,771.51744,0.00116,0.029984,2.633216896
normal,L_E64,253796,3,3494645160661919934,1000000,235635648,235.635648,224,352,480,341.615616,3e-06,9.6e-05,0.942542592
normal,L_E64,594298,4,13409741501217839975,1000000,182054848,182.054848,192,224,320,257.483776,5e-06,0.00016,0.728219392
normal,L_E64,802333,146327,10595701386717585823,1000000,714842848,714.842848,736,960,960,843.369472,0.175265,0.467008,2.859371392
normal,L_E64,907497,252358,11185946559242699135,1000000,741699776,741.699776,832,960,960,870.693888,0.292503,0.585024,2.966799104
normal,L_E64,970136,43571,1768546914362820738,1000000,620611584,620.611584,640,864,960,803.43552,0.056525,0.325792,2.482446336
normal,L_E64,472710,1,1071764945648967332,1000000,285149664,285.149664,288,352,512,403.11296,1e-06,3.2e-05,1.140598656
normal,L_E64,311434,1,13312524340719727440,1000000,621906848,621.906848,672,736,800,708.467712,1e-06,3.2e-05,2.487627392
normal,L_E64,152112,1,16322557560223705822,1000000,545645440,545.64544,576,672,672,636.45696,1e-06,3.2e-05,2.18258176
normal,L_E64,262882,350,15552938297066695674,1000000,630818176,630.818176,704,736,832,728.292352,0.000817,0.018816,2.523272704
normal,L_E64,706522,217682,12361096037655865303,1000000,638392288,638.392288,640,960,960,808.631296,0.232661,0.4608,2.553569152
normal,L_E64,832912,32198,18328276085626311192,1000000,637224544,637.224544,672,864,960,803.255296,0.040184,0.28672,2.548898176
normal,L_E64,303769,17440,16329138951931766161,1000000,635303520,635.30352,640,832,960,809.68704,0.029967,0.269216,2.54121408
normal,L_E64,223701,5223,12110691255955863336,1000000,664456992,664.456992,704,832,928,789.045248,0.009875,0.122368,2.657827968
normal,L_E64,809314,2575,13833537680890479799,1000000,563801152,563.801152,576,768,896,743.395328,0.003783,0.077184,2.255204608
normal,L_E64,831243,1,17493799186480836747,1000000,195880320,195.88032,192,224,256,227.400704,1e-06,3.2e-05,0.78352128
normal,L_E64,831746,232210,3986705561301011554,1000000,747857472,747.857472,800,960,960,870.5024,0.267669,0.582432,2.991429888
normal,L_E64,314373,245446,17684901665160681817,1000000,691693312,691.693312,736,960,960,835.520512,0.260421,0.525984,2.766773248
normal,L_E64,810800,8735,181497579686815711,1000000,672081952,672.081952,672,864,960,819.372032,0.026146,0.248288,2.688327808
normal,L_E64,211855,2,15098965436855431700,1000000,491061632,491.061632,512,672,704,616.906752,2e-06,6.4e-05,1.964246528
normal,L_E64,533614,65593,5177147739743711313,1000000,686275360,686.27536,704,928,960,829.89056,0.087962,0.389696,2.74510144
normal,L_E64,335471,221008,9663218791444078051,1000000,753289184,753.289184,800,960,960,878.314496,0.252461,0.599808,3.013156736
normal,L_E64,566134,123319,11275262358537811118,1000000,711377920,711.37792,736,960,960,843.309056,0.187913,0.490432,2.84551168
normal,L_E64,738848,350706,12714018293197981387,1000000,781990976,781.990976,864,960,960,885.897216,0.37976,0.643488,3.127963904
normal,L_E64,359342,1,14883231301748386396,1000000,471197344,471.197344,480,640,736,602.520576,1e-06,3.2e-05,1.884789376
normal,L_E64,965210,464,8065290031319401403,1000000,586230400,586.2304,608,736,864,716.872704,0.000992,0.02512,2.3449216
normal,L_E64,928413,101193,7571004148797661265,1000000,661147328,661.147328,672,960,960,842.426368,0.1207,0.482272,2.644589312
normal,L_E64,998782,312168,5618084397353648138,1000000,758571136,758.571136,800,960,960,873.995264,0.335762,0.597248,3.034284544
normal,L_E64,248373,424,17920615215818596529,1000000,392463072,392.463072,352,576,768,597.695488,0.000711,0.019104,1.569852288
normal,L_E64,113110,298393,11087762445465402799,1000000,726072928,726.072928,768,960,960,854.964224,0.319229,0.56912,2.904291712
normal,L_E64,421120,1,9920652127043963342,1000000,497913472,497.913472,480,608,768,614.774784,1e-06,3.2e-05,1.991653888
normal,L_E64,579626,21074,8674792675435185845,1000000,611652640,611.65264,608,832,960,770.026496,0.02923,0.22704,2.44661056
normal,L_E64,997466,171628,6463969713763470983,1000000,608607264,608.607264,576,960,960,786.891776,0.183168,0.392512,2.434429056
normal,L_E64,522760,150559,3458506985099854542,1000000,699894976,699.894976,736,960,960,844.191744,0.17797,0.509312,2.799579904
normal,L_E64,134930,269,11022067387796225111,1000000,541922112,541.922112,544,768,800,708.661248,0.000386,0.008576,2.167688448
normal,L_E64,786964,4537,10631416977948792920,1000000,629058560,629.05856,672,800,928,788.813824,0.007342,0.134944,2.51623424
normal,L_E64,884325,349201,543682768752225887,1000000,744498144,744.498144,800,960,960,867.523584,0.369939,0.622144,2.977992576
normal,L_E64,552447,174588,2772483950073372472,1000000,712737216,712.737216,736,960,960,853.940224,0.201448,0.514912,2.850948864
normal,L_E64,504571,1573,15794713272219230736,1000000,385764800,385.7648,352,544,832,609.752064,0.002277,0.041408,1.5430592
normal,L_E64,951244,5415,13484686832383344511,1000000,685394720,685.39472,736,832,960,804.711424,0.011435,0.12944,2.74157888
normal,L_E64,220807,147226,16046319097409406499,1000000,768558496,768.558496,832,960,960,873.172992,0.218885,0.492032,3.074233984
normal,L_E64,681257,1,11792367510721151297,1000000,459647872,459.647872,480,672,704,616.280064,1e-06,3.2e-05,1.838591488
normal,L_E64,417658,18,10725949708782130545,1000000,304588960,304.58896,288,480,608,460.33408,2.5e-05,0.000736,1.21835584
normal,L_E64,266352,12132,13375739972415901329,1000000,615157184,615.157184,640,832,960,788.128768,0.020539,0.2384,2.460628736
half,B,584510,1,7111464684906674828,1000000,960000000,960.0,960,960,960,960.0,1.0,1.0,3.84
half,B,860467,1,8499319579229670723,1000000,960000000,960.0,960,960,960,960.0,1.0,1.0,3.84
half,B,923923,1,9650181218042224611,1000000,960000000,960.0,960,960,960,960.0,1.0,1.0,3.84
half,B,533409,1,13545566108474160233,1000000,960000000,960.0,960,960,960,960.0,1.0,1.0,3.84
half,B,220435,1,15247090426881772515,1000000,960000000,960.0,960,960,960,960.0,1.0,1.0,3.84
half,B,395173,1,3975989637082741525,1000000,960000000,960.0,960,960,960,960.0,1.0,1.0,3.84
half,B,125555,1,2517411937524671747,1000000,960000000,960.0,960,960,960,960.0,1.0,1.0,3.84
half,B,37317,1,4942412569031486069,1000000,960000000,960.0,960,960,960,960.0,1.0,1.0,3.84
half,B,326694,1,13320112248117950340,1000000,960000000,960.0,960,960,960,960.0,1.0,1.0,3.84
half,B,408325,1,16408775646415533877,1000000,960000000,960.0,960,960,960,960.0,1.0,1.0,3.84
half,B,928005,1,14338765217023417653,1000000,960000000,960.0,960,960,960,960.0,1.0,1.0,3.84
half,B,636852,1,17437541427138785546,1000000,960000000,960.0,960,960,960,960.0,1.0,1.0,3.84
half,B,565201,1,8310996175663057017,1000000,960000000,960.0,960,960,960,960.0,1.0,1.0,3.84
half,B,416400,1,15596084407285995518,1000000,960000000,960.0,960,960,960,960.0,1.0,1.0,3.84
half,B,671950,1,5927922487194769596,1000000,960000000,960.0,960,960,960,960.0,1.0,1.0,3.84
half,B,100598,21756,11480312130786620388,1000000,960000000,960.0,960,960,960,960.0,1.0,1.0,3.84
half,B,130060,1,7731000763412354258,1000000,960000000,960.0,960,960,960,960.0,1.0,1.0,3.84
half,B,763603,1,15156484188323302947,1000000,960000000,960.0,960,960,960,960.0,1.0,1.0,3.84
half,B,229656,1,589078364524119510,1000000,960000000,960.0,960,960,960,960.0,1.0,1.0,3.84
half,B,854752,1,5617858609990565230,1000000,960000000,960.0,960,960,960,960.0,1.0,1.0,3.84
half,B,717147,1,16239703683931670523,1000000,960000000,960.0,960,960,960,960.0,1.0,1.0,3.84
half,B,253796,1,3439441016975507098,1000000,960000000,960.0,960,960,960,960.0,1.0,1.0,3.84
half,B,594298,1,4798526523817244832,1000000,960000000,960.0,960,960,960,960.0,1.0,1.0,3.84
half,B,802333,1,3819621534406340157,1000000,960000000,960.0,960,960,960,960.0,1.0,1.0,3.84
half,B,907497,1,10484106886685375873,1000000,960000000,960.0,960,960,960,960.0,1.0,1.0,3.84
half,B,970136,1,13471145138073269334,1000000,960000000,960.0,960,960,960,960.0,1.0,1.0,3.84
half,B,472710,1,1071764945648967332,1000000,960000000,960.0,960,960,960,960.0,1.0,1.0,3.84
half,B,311434,1,13312524340719727440,1000000,960000000,960.0,960,960,960,960.0,1.0,1.0,3.84
half,B,152112,1,16322557560223705822,1000000,960000000,960.0,960,960,960,960.0,1.0,1.0,3.84
half,B,262882,1,4885238622096795672,1000000,960000000,960.0,960,960,960,960.0,1.0,1.0,3.84
half,B,706522,11192,16319024398585763793,1000000,960000000,960.0,960,960,960,960.0,1.0,1.0,3.84
half,B,832912,1,11249777307035924222,1000000,960000000,960.0,960,960,960,960.0,1.0,1.0,3.84
half,B,303769,1,14531641227824884241,1000000,960000000,960.0,960,960,960,960.0,1.0,1.0,3.84
half,B,223701,1,14913298735989284133,1000000,960000000,960.0,960,960,960,960.0,1.0,1.0,3.84
half,B,809314,1,12415356666848604312,1000000,960000000,960.0,960,960,960,960.0,1.0,1.0,3.84
half,B,831243,1,17493799186480836747,1000000,960000000,960.0,960,960,960,960.0,1.0,1.0,3.84
half,B,831746,6,11994764961511849508,1000000,960000000,960.0,960,960,960,960.0,1.0,1.0,3.84
half,B,314373,1,16520513605143008309,1000000,960000000,960.0,960,960,960,960.0,1.0,1.0,3.84
half,B,810800,1,8128464222600791006,1000000,960000000,960.0,960,960,960,960.0,1.0,1.0,3.84
half,B,211855,1,3743370044833225143,1000000,960000000,960.0,960,960,960,960.0,1.0,1.0,3.84
half,B,533614,1,4376667340408475548,1000000,960000000,960.0,960,960,960,960.0,1.0,1.0,3.84
half,B,335471,1,451944671791294039,1000000,960000000,960.0,960,960,960,960.0,1.0,1.0,3.84
half,B,566134,1,11325398660381448180,1000000,960000000,960.0,960,960,960,960.0,1.0,1.0,3.84
half,B,738848,1,1380779053154122798,1000000,960000000,960.0,960,960,960,960.0,1.0,1.0,3.84
half,B,359342,1,14883231301748386396,1000000,960000000,960.0,960,960,960,960.0,1.0,1.0,3.84
half,B,965210,1,4730302148286443584,1000000,960000000,960.0,960,960,960,960.0,1.0,1.0,3.84
half,B,928413,2,8376696582690131624,1000000,960000000,960.0,960,960,960,960.0,1.0,1.0,3.84
half,B,998782,1,10403787358389016396,1000000,960000000,960.0,960,960,960,960.0,1.0,1.0,3.84
half,B,248373,1,17521764539290178117,1000000,960000000,960.0,960,960,960,960.0,1.0,1.0,3.84
half,B,113110,5,17846537488192821042,1000000,960000000,960.0,960,960,960,960.0,1.0,1.0,3.84
half,B,421120,1,9920652127043963342,1000000,960000000,960.0,960,960,960,960.0,1.0,1.0,3.84
half,B,579626,1,1888243217666303536,1000000,960000000,960.0,960,960,960,960.0,1.0,1.0,3.84
half,B,997466,1479,6198796847372762809,1000000,960000000,960.0,960,960,960,960.0,1.0,1.0,3.84
half,B,522760,4,17544809557982849494,1000000,960000000,960.0,960,960,960,960.0,1.0,1.0,3.84
half,B,134930,1,998682338345632040,1000000,960000000,960.0,960,960,960,960.0,1.0,1.0,3.84
half,B,786964,1,4578935303065100330,1000000,960000000,960.0,960,960,960,960.0,1.0,1.0,3.84
half,B,884325,5,10113010642334288280,1000000,960000000,960.0,960,960,960,960.0,1.0,1.0,3.84
half,B,552447,1,7713192936805226119,1000000,960000000,960.0,960,960,960,960.0,1.0,1.0,3.84
half,B,504571,1,762781710905613531,1000000,960000000,960.0,960,960,960,960.0,1.0,1.0,3.84
half,B,951244,1,15701265341162067218,1000000,960000000,960.0,960,960,960,960.0,1.0,1.0,3.84
half,B,220807,2,10133598433306529168,1000000,960000000,960.0,960,960,960,960.0,1.0,1.0,3.84
half,B,681257,1,11792367510721151297,1000000,960000000,960.0,960,960,960,960.0,1.0,1.0,3.84
half,B,417658,1,11323718754454808224,1000000,960000000,960.0,960,960,960,960.0,1.0,1.0,3.84
half,B,266352,1,2241104863634156446,1000000,960000000,960.0,960,960,960,960.0,1.0,1.0,3.84
half,L,584510,1,7111464684906674828,1000000,960000000,960.0,960,960,960,960.0,1.0,1.0,3.84
half,L,860467,1,8499319579229670723,1000000,960000000,960.0,960,960,960,960.0,1.0,1.0,3.84
half,L,923923,1,9650181218042224611,1000000,960000000,960.0,960,960,960,960.0,1.0,1.0,3.84
half,L,533409,1,13545566108474160233,1000000,960000000,960.0,960,960,960,960.0,1.0,1.0,3.84
half,L,220435,1,15247090426881772515,1000000,960000000,960.0,960,960,960,960.0,1.0,1.0,3.84
half,L,395173,1,3975989637082741525,1000000,960000000,960.0,960,960,960,960.0,1.0,1.0,3.84
half,L,125555,1,2517411937524671747,1000000,960000000,960.0,960,960,960,960.0,1.0,1.0,3.84
half,L,37317,1,4942412569031486069,1000000,960000000,960.0,960,960,960,960.0,1.0,1.0,3.84
half,L,326694,1,13320112248117950340,1000000,960000000,960.0,960,960,960,960.0,1.0,1.0,3.84
half,L,408325,1,16408775646415533877,1000000,960000000,960.0,960,960,960,960.0,1.0,1.0,3.84
half,L,928005,1,14338765217023417653,1000000,960000000,960.0,960,960,960,960.0,1.0,1.0,3.84
half,L,636852,1,17437541427138785546,1000000,960000000,960.0,960,960,960,960.0,1.0,1.0,3.84
half,L,565201,1,8310996175663057017,1000000,960000000,960.0,960,960,960,960.0,1.0,1.0,3.84
half,L,416400,1,15596084407285995518,1000000,960000000,960.0,960,960,960,960.0,1.0,1.0,3.84
half,L,671950,1,5927922487194769596,1000000,960000000,960.0,960,960,960,960.0,1.0,1.0,3.84
half,L,100598,21756,11480312130786620388,1000000,960000000,960.0,960,960,960,960.0,1.0,1.0,3.84
half,L,130060,1,7731000763412354258,1000000,960000000,960.0,960,960,960,960.0,1.0,1.0,3.84
half,L,763603,1,15156484188323302947,1000000,960000000,960.0,960,960,960,960.0,1.0,1.0,3.84
half,L,229656,1,589078364524119510,1000000,960000000,960.0,960,960,960,960.0,1.0,1.0,3.84
half,L,854752,1,5617858609990565230,1000000,960000000,960.0,960,960,960,960.0,1.0,1.0,3.84
half,L,717147,1,16239703683931670523,1000000,960000000,960.0,960,960,960,960.0,1.0,1.0,3.84
half,L,253796,1,3439441016975507098,1000000,960000000,960.0,960,960,960,960.0,1.0,1.0,3.84
half,L,594298,1,4798526523817244832,1000000,960000000,960.0,960,960,960,960.0,1.0,1.0,3.84
half,L,802333,1,3819621534406340157,1000000,960000000,960.0,960,960,960,960.0,1.0,1.0,3.84
half,L,907497,1,10484106886685375873,1000000,960000000,960.0,960,960,960,960.0,1.0,1.0,3.84
half,L,970136,1,13471145138073269334,1000000,960000000,960.0,960,960,960,960.0,1.0,1.0,3.84
half,L,472710,1,1071764945648967332,1000000,960000000,960.0,960,960,960,960.0,1.0,1.0,3.84
half,L,311434,1,13312524340719727440,1000000,960000000,960.0,960,960,960,960.0,1.0,1.0,3.84
half,L,152112,1,16322557560223705822,1000000,960000000,960.0,960,960,960,960.0,1.0,1.0,3.84
half,L,262882,1,4885238622096795672,1000000,960000000,960.0,960,960,960,960.0,1.0,1.0,3.84
half,L,706522,11192,16319024398585763793,1000000,960000000,960.0,960,960,960,960.0,1.0,1.0,3.84
half,L,832912,1,11249777307035924222,1000000,960000000,960.0,960,960,960,960.0,1.0,1.0,3.84
half,L,303769,1,14531641227824884241,1000000,960000000,960.0,960,960,960,960.0,1.0,1.0,3.84
half,L,223701,1,14913298735989284133,1000000,960000000,960.0,960,960,960,960.0,1.0,1.0,3.84
half,L,809314,1,12415356666848604312,1000000,960000000,960.0,960,960,960,960.0,1.0,1.0,3.84
half,L,831243,1,17493799186480836747,1000000,960000000,960.0,960,960,960,960.0,1.0,1.0,3.84
half,L,831746,6,11994764961511849508,1000000,960000000,960.0,960,960,960,960.0,1.0,1.0,3.84
half,L,314373,1,16520513605143008309,1000000,960000000,960.0,960,960,960,960.0,1.0,1.0,3.84
half,L,810800,1,8128464222600791006,1000000,960000000,960.0,960,960,960,960.0,1.0,1.0,3.84
half,L,211855,1,3743370044833225143,1000000,960000000,960.0,960,960,960,960.0,1.0,1.0,3.84
half,L,533614,1,4376667340408475548,1000000,960000000,960.0,960,960,960,960.0,1.0,1.0,3.84
half,L,335471,1,451944671791294039,1000000,960000000,960.0,960,960,960,960.0,1.0,1.0,3.84
half,L,566134,1,11325398660381448180,1000000,960000000,960.0,960,960,960,960.0,1.0,1.0,3.84
half,L,738848,1,1380779053154122798,1000000,960000000,960.0,960,960,960,960.0,1.0,1.0,3.84
half,L,359342,1,14883231301748386396,1000000,960000000,960.0,960,960,960,960.0,1.0,1.0,3.84
half,L,965210,1,4730302148286443584,1000000,960000000,960.0,960,960,960,960.0,1.0,1.0,3.84
half,L,928413,2,8376696582690131624,1000000,960000000,960.0,960,960,960,960.0,1.0,1.0,3.84
half,L,998782,1,10403787358389016396,1000000,960000000,960.0,960,960,960,960.0,1.0,1.0,3.84
half,L,248373,1,17521764539290178117,1000000,960000000,960.0,960,960,960,960.0,1.0,1.0,3.84
half,L,113110,5,17846537488192821042,1000000,960000000,960.0,960,960,960,960.0,1.0,1.0,3.84
half,L,421120,1,9920652127043963342,1000000,960000000,960.0,960,960,960,960.0,1.0,1.0,3.84
half,L,579626,1,1888243217666303536,1000000,960000000,960.0,960,960,960,960.0,1.0,1.0,3.84
half,L,997466,1479,6198796847372762809,1000000,960000000,960.0,960,960,960,960.0,1.0,1.0,3.84
half,L,522760,4,17544809557982849494,1000000,960000000,960.0,960,960,960,960.0,1.0,1.0,3.84
half,L,134930,1,998682338345632040,1000000,960000000,960.0,960,960,960,960.0,1.0,1.0,3.84
half,L,786964,1,4578935303065100330,1000000,960000000,960.0,960,960,960,960.0,1.0,1.0,3.84
half,L,884325,5,10113010642334288280,1000000,960000000,960.0,960,960,960,960.0,1.0,1.0,3.84
half,L,552447,1,7713192936805226119,1000000,960000000,960.0,960,960,960,960.0,1.0,1.0,3.84
half,L,504571,1,762781710905613531,1000000,960000000,960.0,960,960,960,960.0,1.0,1.0,3.84
half,L,951244,1,15701265341162067218,1000000,960000000,960.0,960,960,960,960.0,1.0,1.0,3.84
half,L,220807,2,10133598433306529168,1000000,960000000,960.0,960,960,960,960.0,1.0,1.0,3.84
half,L,681257,1,11792367510721151297,1000000,960000000,960.0,960,960,960,960.0,1.0,1.0,3.84
half,L,417658,1,11323718754454808224,1000000,960000000,960.0,960,960,960,960.0,1.0,1.0,3.84
half,L,266352,1,2241104863634156446,1000000,960000000,960.0,960,960,960,960.0,1.0,1.0,3.84
half,E64,584510,1,7111464684906674828,1000000,154090752,154.090752,160,192,224,207.023104,1e-06,3.2e-05,0.616363008
half,E64,860467,1,8499319579229670723,1000000,191079328,191.079328,192,256,320,265.782272,1e-06,3.2e-05,0.764317312
half,E64,923923,1,9650181218042224611,1000000,75249056,75.249056,64,96,96,92.920832,1e-06,3.2e-05,0.300996224
half,E64,533409,1,13545566108474160233,1000000,167776768,167.776768,160,224,288,238.107648,1e-06,3.2e-05,0.671107072
half,E64,220435,1,15247090426881772515,1000000,218823776,218.823776,224,320,416,343.907328,1e-06,3.2e-05,0.875295104
half,E64,395173,1,3975989637082741525,1000000,244601888,244.601888,224,384,512,390.43072,1e-06,3.2e-05,0.978407552
half,E64,125555,1,2517411937524671747,1000000,184582144,184.582144,192,256,320,253.98272,1e-06,3.2e-05,0.738328576
half,E64,37317,1,4942412569031486069,1000000,124484480,124.48448,128,192,224,183.187456,1e-06,3.2e-05,0.49793792
half,E64,326694,1,13320112248117950340,1000000,192673728,192.673728,192,256,320,264.164352,1e-06,3.2e-05,0.770694912
half,E64,408325,1,16408775646415533877,1000000,246436832,246.436832,256,352,352,332.338176,1e-06,3.2e-05,0.985747328
half,E64,928005,1,14338765217023417653,1000000,165486464,165.486464,192,224,256,232.915968,1e-06,3.2e-05,0.661945856
half,E64,636852,1,17437541427138785546,1000000,227483328,227.483328,224,352,416,324.559872,1e-06,3.2e-05,0.909933312
half,E64,565201,1,8310996175663057017,1000000,194724512,194.724512,224,256,320,269.167616,1e-06,3.2e-05,0.778898048
half,E64,416400,1,15596084407285995518,1000000,155272480,155.27248,160,224,256,217.186304,1e-06,3.2e-05,0.62108992
half,E64,671950,1,5927922487194769596,1000000,136174400,136.1744,128,192,192,177.619968,1e-06,3.2e-05,0.5446976
half,E64,100598,21756,11480312130786620388,1000000,282952480,282.95248,224,576,960,492.012544,0.023694,0.066912,1.13180992
half,E64,130060,1,7731000763412354258,1000000,208781792,208.781792,192,288,384,300.051456,1e-06,3.2e-05,0.835127168
half,E64,763603,1,15156484188323302947,1000000,226902176,226.902176,224,352,448,339.95264,1e-06,3.2e-05,0.907608704
half,E64,229656,1,589078364524119510,1000000,136386912,136.386912,128,192,224,193.37728,1e-06,3.2e-05,0.545547648
half,E64,854752,1,5617858609990565230,1000000,182334400,182.3344,192,224,288,242.496512,1e-06,3.2e-05,0.7293376
half,E64,717147,1,16239703683931670523,1000000,257453312,257.453312,256,384,416,359.218176,1e-06,3.2e-05,1.029813248
half,E64,253796,1,3439441016975507098,1000000,48027520,48.02752,32,96,160,90.86976,1e-06,3.2e-05,0.19211008
half,E64,594298,1,4798526523817244832,1000000,72662112,72.662112,64,96,96,90.222592,1e-06,3.2e-05,0.290648448
half,E64,802333,1,3819621534406340157,1000000,203219744,203.219744,224,288,352,286.112768,1e-06,3.2e-05,0.812878976
half,E64,907497,1,10484106886685375873,1000000,264769248,264.769248,224,480,640,435.826688,1e-06,3.2e-05,1.059076992
half,E64,970136,1,13471145138073269334,1000000,128220768,128.220768,128,192,224,189.190144,1e-06,3.2e-05,0.512883072
half,E64,472710,1,1071764945648967332,1000000,103790496,103.790496,96,128,160,147.966976,1e-06,3.2e-05,0.415161984
half,E64,311434,1,13312524340719727440,1000000,178398688,178.398688,160,256,320,266.2656,1e-06,3.2e-05,0.713594752
half,E64,152112,1,16322557560223705822,1000000,193457824,193.457824,192,256,320,274.427904,1e-06,3.2e-05,0.773831296
half,E64,262882,1,4885238622096795672,1000000,250855712,250.855712,256,384,416,345.732096,1e-06,3.2e-05,1.003422848
half,E64,706522,11192,16319024398585763793,1000000,252468256,252.468256,192,512,960,447.300608,0.012515,0.043424,1.009873024
half,E64,832912,1,11249777307035924222,1000000,164273920,164.27392,160,224,288,238.635008,1e-06,3.2e-05,0.65709568
half,E64,303769,1,14531641227824884241,1000000,182330048,182.330048,192,256,256,246.30272,1e-06,3.2e-05,0.729320192
half,E64,223701,1,14913298735989284133,1000000,244484448,244.484448,224,384,448,360.890368,1e-06,3.2e-05,0.977937792
half,E64,809314,1,12415356666848604312,1000000,176606944,176.606944,160,256,288,253.34784,1e-06,3.2e-05,0.706427776
half,E64,831243,1,17493799186480836747,1000000,69434976,69.434976,64,96,96,89.967616,1e-06,3.2e-05,0.277739904
half,E64,831746,6,11994764961511849508,1000000,222316352,222.316352,224,320,416,330.55744,6e-06,0.000128,0.889265408
half,E64,314373,1,16520513605143008309,1000000,227693408,227.693408,224,384,480,367.766528,1e-06,3.2e-05,0.910773632
half,E64,810800,1,8128464222600791006,1000000,214944544,214.944544,224,288,320,282.471424,1e-06,3.2e-05,0.859778176
half,E64,211855,1,3743370044833225143,1000000,128762432,128.762432,128,160,192,173.202432,1e-06,3.2e-05,0.515049728
half,E64,533614,1,4376667340408475548,1000000,195500736,195.500736,192,256,320,257.98656,1e-06,3.2e-05,0.782002944
half,E64,335471,1,451944671791294039,1000000,243994944,243.994944,224,384,480,373.818368,1e-06,3.2e-05,0.975979776
half,E64,566134,1,11325398660381448180,1000000,224918144,224.918144,224,320,416,319.581184,1e-06,3.2e-05,0.899672576
half,E64,738848,1,1380779053154122798,1000000,252698240,252.69824,224,384,512,385.937408,1e-06,3.2e-05,1.01079296
half,E64,359342,1,14883231301748386396,1000000,151274016,151.274016,160,160,224,192.900096,1e-06,3.2e-05,0.605096064
half,E64,965210,1,4730302148286443584,1000000,192571040,192.57104,192,256,320,265.202688,1e-06,3.2e-05,0.77028416
half,E64,928413,2,8376696582690131624,1000000,174001248,174.001248,192,224,288,254.850048,2e-06,6.4e-05,0.696004992
half,E64,998782,1,10403787358389016396,1000000,222073696,222.073696,224,320,384,326.790144,1e-06,3.2e-05,0.888294784
half,E64,248373,1,17521764539290178117,1000000,130168768,130.168768,128,160,192,174.90432,1e-06,3.2e-05,0.520675072
half,E64,113110,5,17846537488192821042,1000000,270774336,270.774336,224,480,672,444.253184,8e-06,0.000256,1.083097344
half,E64,421120,1,9920652127043963342,1000000,196618848,196.618848,192,288,352,280.367104,1e-06,3.2e-05,0.786475392
half,E64,579626,1,1888243217666303536,1000000,157769568,157.769568,160,192,224,194.479104,1e-06,3.2e-05,0.631078272
half,E64,997466,1479,6198796847372762809,1000000,182519808,182.519808,160,352,544,334.860288,0.00167,0.015104,0.730079232
half,E64,522760,4,17544809557982849494,1000000,200954144,200.954144,192,288,384,304.06656,4e-06,9.6e-05,0.803816576
half,E64,134930,1,998682338345632040,1000000,155515136,155.515136,160,256,320,248.712192,1e-06,3.2e-05,0.622060544
half,E64,786964,1,4578935303065100330,1000000,174912672,174.912672,160,224,288,245.134336,1e-06,3.2e-05,0.699650688
half,E64,884325,5,10113010642334288280,1000000,265836256,265.836256,224,448,608,436.33664,6e-06,0.000192,1.063345024
half,E64,552447,1,7713192936805226119,1000000,215581568,215.581568,224,352,416,331.635712,1e-06,3.2e-05,0.862326272
half,E64,504571,1,762781710905613531,1000000,101366816,101.366816,96,128,224,153.980928,1e-06,3.2e-05,0.405467264
half,E64,951244,1,15701265341162067218,1000000,272317664,272.317664,256,416,576,416.453632,1e-06,3.2e-05,1.089270656
half,E64,220807,2,10133598433306529168,1000000,267653792,267.653792,256,416,544,399.358976,2e-06,3.2e-05,1.070615168
half,E64,681257,1,11792367510721151297,1000000,110677600,110.6776,96,160,160,148.972544,1e-06,3.2e-05,0.4427104
half,E64,417658,1,11323718754454808224,1000000,61629536,61.629536,32,128,160,117.051392,1e-06,3.2e-05,0.246518144
half,E64,266352,1,2241104863634156446,1000000,172126688,172.126688,160,224,288,240.831488,1e-06,3.2e-05,0.688506752
half,L_E64,584510,1,7111464684906674828,1000000,154090752,154.090752,160,192,224,207.023104,1e-06,3.2e-05,0.616363008
half,L_E64,860467,1,8499319579229670723,1000000,191079328,191.079328,192,256,320,265.782272,1e-06,3.2e-05,0.764317312
half,L_E64,923923,1,9650181218042224611,1000000,75249056,75.249056,64,96,96,92.920832,1e-06,3.2e-05,0.300996224
half,L_E64,533409,1,13545566108474160233,1000000,167776768,167.776768,160,224,288,238.107648,1e-06,3.2e-05,0.671107072
half,L_E64,220435,1,15247090426881772515,1000000,218823776,218.823776,224,320,416,343.907328,1e-06,3.2e-05,0.875295104
half,L_E64,395173,1,3975989637082741525,1000000,244601888,244.601888,224,384,512,390.43072,1e-06,3.2e-05,0.978407552
half,L_E64,125555,1,2517411937524671747,1000000,184582144,184.582144,192,256,320,253.98272,1e-06,3.2e-05,0.738328576
half,L_E64,37317,1,4942412569031486069,1000000,124484480,124.48448,128,192,224,183.187456,1e-06,3.2e-05,0.49793792
half,L_E64,326694,1,13320112248117950340,1000000,192673728,192.673728,192,256,320,264.164352,1e-06,3.2e-05,0.770694912
half,L_E64,408325,1,16408775646415533877,1000000,246436832,246.436832,256,352,352,332.338176,1e-06,3.2e-05,0.985747328
half,L_E64,928005,1,14338765217023417653,1000000,165486464,165.486464,192,224,256,232.915968,1e-06,3.2e-05,0.661945856
half,L_E64,636852,1,17437541427138785546,1000000,227483328,227.483328,224,352,416,324.559872,1e-06,3.2e-05,0.909933312
half,L_E64,565201,1,8310996175663057017,1000000,194724512,194.724512,224,256,320,269.167616,1e-06,3.2e-05,0.778898048
half,L_E64,416400,1,15596084407285995518,1000000,155272480,155.27248,160,224,256,217.186304,1e-06,3.2e-05,0.62108992
half,L_E64,671950,1,5927922487194769596,1000000,136174400,136.1744,128,192,192,177.619968,1e-06,3.2e-05,0.5446976
half,L_E64,100598,21756,11480312130786620388,1000000,282952480,282.95248,224,576,960,492.012544,0.023694,0.066912,1.13180992
half,L_E64,130060,1,7731000763412354258,1000000,208781792,208.781792,192,288,384,300.051456,1e-06,3.2e-05,0.835127168
half,L_E64,763603,1,15156484188323302947,1000000,226902176,226.902176,224,352,448,339.95264,1e-06,3.2e-05,0.907608704
half,L_E64,229656,1,589078364524119510,1000000,136386912,136.386912,128,192,224,193.37728,1e-06,3.2e-05,0.545547648
half,L_E64,854752,1,5617858609990565230,1000000,182334400,182.3344,192,224,288,242.496512,1e-06,3.2e-05,0.7293376
half,L_E64,717147,1,16239703683931670523,1000000,257453312,257.453312,256,384,416,359.218176,1e-06,3.2e-05,1.029813248
half,L_E64,253796,1,3439441016975507098,1000000,48027520,48.02752,32,96,160,90.86976,1e-06,3.2e-05,0.19211008
half,L_E64,594298,1,4798526523817244832,1000000,72662112,72.662112,64,96,96,90.222592,1e-06,3.2e-05,0.290648448
half,L_E64,802333,1,3819621534406340157,1000000,203219744,203.219744,224,288,352,286.112768,1e-06,3.2e-05,0.812878976
half,L_E64,907497,1,10484106886685375873,1000000,264769248,264.769248,224,480,640,435.826688,1e-06,3.2e-05,1.059076992
half,L_E64,970136,1,13471145138073269334,1000000,128220768,128.220768,128,192,224,189.190144,1e-06,3.2e-05,0.512883072
half,L_E64,472710,1,1071764945648967332,1000000,103790496,103.790496,96,128,160,147.966976,1e-06,3.2e-05,0.415161984
half,L_E64,311434,1,13312524340719727440,1000000,178398688,178.398688,160,256,320,266.2656,1e-06,3.2e-05,0.713594752
half,L_E64,152112,1,16322557560223705822,1000000,193457824,193.457824,192,256,320,274.427904,1e-06,3.2e-05,0.773831296
half,L_E64,262882,1,4885238622096795672,1000000,250855712,250.855712,256,384,416,345.732096,1e-06,3.2e-05,1.003422848
half,L_E64,706522,11192,16319024398585763793,1000000,252468256,252.468256,192,512,960,447.300608,0.012515,0.043424,1.009873024
half,L_E64,832912,1,11249777307035924222,1000000,164273920,164.27392,160,224,288,238.635008,1e-06,3.2e-05,0.65709568
half,L_E64,303769,1,14531641227824884241,1000000,182330048,182.330048,192,256,256,246.30272,1e-06,3.2e-05,0.729320192
half,L_E64,223701,1,14913298735989284133,1000000,244484448,244.484448,224,384,448,360.890368,1e-06,3.2e-05,0.977937792
half,L_E64,809314,1,12415356666848604312,1000000,176606944,176.606944,160,256,288,253.34784,1e-06,3.2e-05,0.706427776
half,L_E64,831243,1,17493799186480836747,1000000,69434976,69.434976,64,96,96,89.967616,1e-06,3.2e-05,0.277739904
half,L_E64,831746,6,11994764961511849508,1000000,222316352,222.316352,224,320,416,330.55744,6e-06,0.000128,0.889265408
half,L_E64,314373,1,16520513605143008309,1000000,227693408,227.693408,224,384,480,367.766528,1e-06,3.2e-05,0.910773632
half,L_E64,810800,1,8128464222600791006,1000000,214944544,214.944544,224,288,320,282.471424,1e-06,3.2e-05,0.859778176
half,L_E64,211855,1,3743370044833225143,1000000,128762432,128.762432,128,160,192,173.202432,1e-06,3.2e-05,0.515049728
half,L_E64,533614,1,4376667340408475548,1000000,195500736,195.500736,192,256,320,257.98656,1e-06,3.2e-05,0.782002944
half,L_E64,335471,1,451944671791294039,1000000,243994944,243.994944,224,384,480,373.818368,1e-06,3.2e-05,0.975979776
half,L_E64,566134,1,11325398660381448180,1000000,224918144,224.918144,224,320,416,319.581184,1e-06,3.2e-05,0.899672576
half,L_E64,738848,1,1380779053154122798,1000000,252698240,252.69824,224,384,512,385.937408,1e-06,3.2e-05,1.01079296
half,L_E64,359342,1,14883231301748386396,1000000,151274016,151.274016,160,160,224,192.900096,1e-06,3.2e-05,0.605096064
half,L_E64,965210,1,4730302148286443584,1000000,192571040,192.57104,192,256,320,265.202688,1e-06,3.2e-05,0.77028416
half,L_E64,928413,2,8376696582690131624,1000000,174001248,174.001248,192,224,288,254.850048,2e-06,6.4e-05,0.696004992
half,L_E64,998782,1,10403787358389016396,1000000,222073696,222.073696,224,320,384,326.790144,1e-06,3.2e-05,0.888294784
half,L_E64,248373,1,17521764539290178117,1000000,130168768,130.168768,128,160,192,174.90432,1e-06,3.2e-05,0.520675072
half,L_E64,113110,5,17846537488192821042,1000000,270774336,270.774336,224,480,672,444.253184,8e-06,0.000256,1.083097344
half,L_E64,421120,1,9920652127043963342,1000000,196618848,196.618848,192,288,352,280.367104,1e-06,3.2e-05,0.786475392
half,L_E64,579626,1,1888243217666303536,1000000,157769568,157.769568,160,192,224,194.479104,1e-06,3.2e-05,0.631078272
half,L_E64,997466,1479,6198796847372762809,1000000,182519808,182.519808,160,352,544,334.860288,0.00167,0.015104,0.730079232
half,L_E64,522760,4,17544809557982849494,1000000,200954144,200.954144,192,288,384,304.06656,4e-06,9.6e-05,0.803816576
half,L_E64,134930,1,998682338345632040,1000000,155515136,155.515136,160,256,320,248.712192,1e-06,3.2e-05,0.622060544
half,L_E64,786964,1,4578935303065100330,1000000,174912672,174.912672,160,224,288,245.134336,1e-06,3.2e-05,0.699650688
half,L_E64,884325,5,10113010642334288280,1000000,265836256,265.836256,224,448,608,436.33664,6e-06,0.000192,1.063345024
half,L_E64,552447,1,7713192936805226119,1000000,215581568,215.581568,224,352,416,331.635712,1e-06,3.2e-05,0.862326272
half,L_E64,504571,1,762781710905613531,1000000,101366816,101.366816,96,128,224,153.980928,1e-06,3.2e-05,0.405467264
half,L_E64,951244,1,15701265341162067218,1000000,272317664,272.317664,256,416,576,416.453632,1e-06,3.2e-05,1.089270656
half,L_E64,220807,2,10133598433306529168,1000000,267653792,267.653792,256,416,544,399.358976,2e-06,3.2e-05,1.070615168
half,L_E64,681257,1,11792367510721151297,1000000,110677600,110.6776,96,160,160,148.972544,1e-06,3.2e-05,0.4427104
half,L_E64,417658,1,11323718754454808224,1000000,61629536,61.629536,32,128,160,117.051392,1e-06,3.2e-05,0.246518144
half,L_E64,266352,1,2241104863634156446,1000000,172126688,172.126688,160,224,288,240.831488,1e-06,3.2e-05,0.688506752
all,B,584510,1000000,1807088016867934454,1000000,960000000,960.0,960,960,960,960.0,1.0,1.0,3.84
all,B,860467,1000000,6498988667746730580,1000000,960000000,960.0,960,960,960,960.0,1.0,1.0,3.84
all,B,923923,1000000,3907744307583952658,1000000,960000000,960.0,960,960,960,960.0,1.0,1.0,3.84
all,B,533409,1000000,3223630956826593726,1000000,960000000,960.0,960,960,960,960.0,1.0,1.0,3.84
all,B,220435,1000000,7371139135246081924,1000000,960000000,960.0,960,960,960,960.0,1.0,1.0,3.84
all,B,395173,1000000,10576103514097166279,1000000,960000000,960.0,960,960,960,960.0,1.0,1.0,3.84
all,B,125555,1000000,8943818760375206147,1000000,960000000,960.0,960,960,960,960.0,1.0,1.0,3.84
all,B,37317,1000000,17158726568359541500,1000000,960000000,960.0,960,960,960,960.0,1.0,1.0,3.84
all,B,326694,1000000,9117100399094165933,1000000,960000000,960.0,960,960,960,960.0,1.0,1.0,3.84
all,B,408325,1000000,10544052076231477114,1000000,960000000,960.0,960,960,960,960.0,1.0,1.0,3.84
all,B,928005,1000000,7505992583204080939,1000000,960000000,960.0,960,960,960,960.0,1.0,1.0,3.84
all,B,636852,1000000,7895162088346050621,1000000,960000000,960.0,960,960,960,960.0,1.0,1.0,3.84
all,B,565201,1000000,8184629090086881345,1000000,960000000,960.0,960,960,960,960.0,1.0,1.0,3.84
all,B,416400,1000000,9536897796637306696,1000000,960000000,960.0,960,960,960,960.0,1.0,1.0,3.84
all,B,671950,1000000,14895029421699303669,1000000,960000000,960.0,960,960,960,960.0,1.0,1.0,3.84
all,B,100598,1000000,16494935030489954985,1000000,960000000,960.0,960,960,960,960.0,1.0,1.0,3.84
all,B,130060,1000000,14921113119544041681,1000000,960000000,960.0,960,960,960,960.0,1.0,1.0,3.84
all,B,763603,1000000,1900900238568007811,1000000,960000000,960.0,960,960,960,960.0,1.0,1.0,3.84
all,B,229656,1000000,1894468672199434319,1000000,960000000,960.0,960,960,960,960.0,1.0,1.0,3.84
all,B,854752,1000000,17809770115298077459,1000000,960000000,960.0,960,960,960,960.0,1.0,1.0,3.84
all,B,717147,1000000,6691701412507530886,1000000,960000000,960.0,960,960,960,960.0,1.0,1.0,3.84
all,B,253796,1000000,358054800924404547,1000000,960000000,960.0,960,960,960,960.0,1.0,1.0,3.84
all,B,594298,1000000,4006200478241105824,1000000,960000000,960.0,960,960,960,960.0,1.0,1.0,3.84
all,B,802333,1000000,155218242063238158,1000000,960000000,960.0,960,960,960,960.0,1.0,1.0,3.84
all,B,907497,1000000,10539995831024917851,1000000,960000000,960.0,960,960,960,960.0,1.0,1.0,3.84
all,B,970136,1000000,2809382299381371444,1000000,960000000,960.0,960,960,960,960.0,1.0,1.0,3.84
all,B,472710,1000000,9322406083669426400,1000000,960000000,960.0,960,960,960,960.0,1.0,1.0,3.84
all,B,311434,1000000,835849977383418411,1000000,960000000,960.0,960,960,960,960.0,1.0,1.0,3.84
all,B,152112,1000000,15499823740680461365,1000000,960000000,960.0,960,960,960,960.0,1.0,1.0,3.84
all,B,262882,1000000,10420154705391700269,1000000,960000000,960.0,960,960,960,960.0,1.0,1.0,3.84
all,B,706522,1000000,11602945643244315392,1000000,960000000,960.0,960,960,960,960.0,1.0,1.0,3.84
all,B,832912,1000000,18123405908373971594,1000000,960000000,960.0,960,960,960,960.0,1.0,1.0,3.84
all,B,303769,1000000,2701790959040422258,1000000,960000000,960.0,960,960,960,960.0,1.0,1.0,3.84
all,B,223701,1000000,8078202784440021693,1000000,960000000,960.0,960,960,960,960.0,1.0,1.0,3.84
all,B,809314,1000000,17337952930506189950,1000000,960000000,960.0,960,960,960,960.0,1.0,1.0,3.84
all,B,831243,1000000,10880001800419951293,1000000,960000000,960.0,960,960,960,960.0,1.0,1.0,3.84
all,B,831746,1000000,481815094024825890,1000000,960000000,960.0,960,960,960,960.0,1.0,1.0,3.84
all,B,314373,1000000,11913663609545475732,1000000,960000000,960.0,960,960,960,960.0,1.0,1.0,3.84
all,B,810800,1000000,2933429985170088122,1000000,960000000,960.0,960,960,960,960.0,1.0,1.0,3.84
all,B,211855,1000000,8539512387691981817,1000000,960000000,960.0,960,960,960,960.0,1.0,1.0,3.84
all,B,533614,1000000,17890926061835471970,1000000,960000000,960.0,960,960,960,960.0,1.0,1.0,3.84
all,B,335471,1000000,2899874999189035835,1000000,960000000,960.0,960,960,960,960.0,1.0,1.0,3.84
all,B,566134,1000000,17271763608998345436,1000000,960000000,960.0,960,960,960,960.0,1.0,1.0,3.84
all,B,738848,1000000,8812392896954298829,1000000,960000000,960.0,960,960,960,960.0,1.0,1.0,3.84
all,B,359342,1000000,12018035170414210085,1000000,960000000,960.0,960,960,960,960.0,1.0,1.0,3.84
all,B,965210,1000000,7725909104140977347,1000000,960000000,960.0,960,960,960,960.0,1.0,1.0,3.84
all,B,928413,1000000,9909803534112132013,1000000,960000000,960.0,960,960,960,960.0,1.0,1.0,3.84
all,B,998782,1000000,11177248549409070543,1000000,960000000,960.0,960,960,960,960.0,1.0,1.0,3.84
all,B,248373,1000000,10853615348990915110,1000000,960000000,960.0,960,960,960,960.0,1.0,1.0,3.84
all,B,113110,1000000,14664104048308303392,1000000,960000000,960.0,960,960,960,960.0,1.0,1.0,3.84
all,B,421120,1000000,2673017338033822225,1000000,960000000,960.0,960,960,960,960.0,1.0,1.0,3.84
all,B,579626,1000000,8474710679864004573,1000000,960000000,960.0,960,960,960,960.0,1.0,1.0,3.84
all,B,997466,1000000,3483830750360314304,1000000,960000000,960.0,960,960,960,960.0,1.0,1.0,3.84
all,B,522760,1000000,16841210789599176047,1000000,960000000,960.0,960,960,960,960.0,1.0,1.0,3.84
all,B,134930,1000000,171870010089159884,1000000,960000000,960.0,960,960,960,960.0,1.0,1.0,3.84
all,B,786964,1000000,14380161284363022068,1000000,960000000,960.0,960,960,960,960.0,1.0,1.0,3.84
all,B,884325,1000000,17626328068374859508,1000000,960000000,960.0,960,960,960,960.0,1.0,1.0,3.84
all,B,552447,1000000,8923877625261750249,1000000,960000000,960.0,960,960,960,960.0,1.0,1.0,3.84
all,B,504571,1000000,12605759133663157756,1000000,960000000,960.0,960,960,960,960.0,1.0,1.0,3.84
all,B,951244,1000000,12048436060597563105,1000000,960000000,960.0,960,960,960,960.0,1.0,1.0,3.84
all,B,220807,1000000,11896406969618448303,1000000,960000000,960.0,960,960,960,960.0,1.0,1.0,3.84
all,B,681257,1000000,15621305984798844607,1000000,960000000,960.0,960,960,960,960.0,1.0,1.0,3.84
all,B,417658,1000000,17447488104489124590,1000000,960000000,960.0,960,960,960,960.0,1.0,1.0,3.84
all,B,266352,1000000,18412723224000192017,1000000,960000000,960.0,960,960,960,960.0,1.0,1.0,3.84
all,L,584510,1000000,1807088016867934454,1000000,960000000,960.0,960,960,960,960.0,1.0,1.0,3.84
all,L,860467,1000000,6498988667746730580,1000000,960000000,960.0,960,960,960,960.0,1.0,1.0,3.84
all,L,923923,1000000,3907744307583952658,1000000,960000000,960.0,960,960,960,960.0,1.0,1.0,3.84
all,L,533409,1000000,3223630956826593726,1000000,960000000,960.0,960,960,960,960.0,1.0,1.0,3.84
all,L,220435,1000000,7371139135246081924,1000000,960000000,960.0,960,960,960,960.0,1.0,1.0,3.84
all,L,395173,1000000,10576103514097166279,1000000,960000000,960.0,960,960,960,960.0,1.0,1.0,3.84
all,L,125555,1000000,8943818760375206147,1000000,960000000,960.0,960,960,960,960.0,1.0,1.0,3.84
all,L,37317,1000000,17158726568359541500,1000000,960000000,960.0,960,960,960,960.0,1.0,1.0,3.84
all,L,326694,1000000,9117100399094165933,1000000,960000000,960.0,960,960,960,960.0,1.0,1.0,3.84
all,L,408325,1000000,10544052076231477114,1000000,960000000,960.0,960,960,960,960.0,1.0,1.0,3.84
all,L,928005,1000000,7505992583204080939,1000000,960000000,960.0,960,960,960,960.0,1.0,1.0,3.84
all,L,636852,1000000,7895162088346050621,1000000,960000000,960.0,960,960,960,960.0,1.0,1.0,3.84
all,L,565201,1000000,8184629090086881345,1000000,960000000,960.0,960,960,960,960.0,1.0,1.0,3.84
all,L,416400,1000000,9536897796637306696,1000000,960000000,960.0,960,960,960,960.0,1.0,1.0,3.84
all,L,671950,1000000,14895029421699303669,1000000,960000000,960.0,960,960,960,960.0,1.0,1.0,3.84
all,L,100598,1000000,16494935030489954985,1000000,960000000,960.0,960,960,960,960.0,1.0,1.0,3.84
all,L,130060,1000000,14921113119544041681,1000000,960000000,960.0,960,960,960,960.0,1.0,1.0,3.84
all,L,763603,1000000,1900900238568007811,1000000,960000000,960.0,960,960,960,960.0,1.0,1.0,3.84
all,L,229656,1000000,1894468672199434319,1000000,960000000,960.0,960,960,960,960.0,1.0,1.0,3.84
all,L,854752,1000000,17809770115298077459,1000000,960000000,960.0,960,960,960,960.0,1.0,1.0,3.84
all,L,717147,1000000,6691701412507530886,1000000,960000000,960.0,960,960,960,960.0,1.0,1.0,3.84
all,L,253796,1000000,358054800924404547,1000000,960000000,960.0,960,960,960,960.0,1.0,1.0,3.84
all,L,594298,1000000,4006200478241105824,1000000,960000000,960.0,960,960,960,960.0,1.0,1.0,3.84
all,L,802333,1000000,155218242063238158,1000000,960000000,960.0,960,960,960,960.0,1.0,1.0,3.84
all,L,907497,1000000,10539995831024917851,1000000,960000000,960.0,960,960,960,960.0,1.0,1.0,3.84
all,L,970136,1000000,2809382299381371444,1000000,960000000,960.0,960,960,960,960.0,1.0,1.0,3.84
all,L,472710,1000000,9322406083669426400,1000000,960000000,960.0,960,960,960,960.0,1.0,1.0,3.84
all,L,311434,1000000,835849977383418411,1000000,960000000,960.0,960,960,960,960.0,1.0,1.0,3.84
all,L,152112,1000000,15499823740680461365,1000000,960000000,960.0,960,960,960,960.0,1.0,1.0,3.84
all,L,262882,1000000,10420154705391700269,1000000,960000000,960.0,960,960,960,960.0,1.0,1.0,3.84
all,L,706522,1000000,11602945643244315392,1000000,960000000,960.0,960,960,960,960.0,1.0,1.0,3.84
all,L,832912,1000000,18123405908373971594,1000000,960000000,960.0,960,960,960,960.0,1.0,1.0,3.84
all,L,303769,1000000,2701790959040422258,1000000,960000000,960.0,960,960,960,960.0,1.0,1.0,3.84
all,L,223701,1000000,8078202784440021693,1000000,960000000,960.0,960,960,960,960.0,1.0,1.0,3.84
all,L,809314,1000000,17337952930506189950,1000000,960000000,960.0,960,960,960,960.0,1.0,1.0,3.84
all,L,831243,1000000,10880001800419951293,1000000,960000000,960.0,960,960,960,960.0,1.0,1.0,3.84
all,L,831746,1000000,481815094024825890,1000000,960000000,960.0,960,960,960,960.0,1.0,1.0,3.84
all,L,314373,1000000,11913663609545475732,1000000,960000000,960.0,960,960,960,960.0,1.0,1.0,3.84
all,L,810800,1000000,2933429985170088122,1000000,960000000,960.0,960,960,960,960.0,1.0,1.0,3.84
all,L,211855,1000000,8539512387691981817,1000000,960000000,960.0,960,960,960,960.0,1.0,1.0,3.84
all,L,533614,1000000,17890926061835471970,1000000,960000000,960.0,960,960,960,960.0,1.0,1.0,3.84
all,L,335471,1000000,2899874999189035835,1000000,960000000,960.0,960,960,960,960.0,1.0,1.0,3.84
all,L,566134,1000000,17271763608998345436,1000000,960000000,960.0,960,960,960,960.0,1.0,1.0,3.84
all,L,738848,1000000,8812392896954298829,1000000,960000000,960.0,960,960,960,960.0,1.0,1.0,3.84
all,L,359342,1000000,12018035170414210085,1000000,960000000,960.0,960,960,960,960.0,1.0,1.0,3.84
all,L,965210,1000000,7725909104140977347,1000000,960000000,960.0,960,960,960,960.0,1.0,1.0,3.84
all,L,928413,1000000,9909803534112132013,1000000,960000000,960.0,960,960,960,960.0,1.0,1.0,3.84
all,L,998782,1000000,11177248549409070543,1000000,960000000,960.0,960,960,960,960.0,1.0,1.0,3.84
all,L,248373,1000000,10853615348990915110,1000000,960000000,960.0,960,960,960,960.0,1.0,1.0,3.84
all,L,113110,1000000,14664104048308303392,1000000,960000000,960.0,960,960,960,960.0,1.0,1.0,3.84
all,L,421120,1000000,2673017338033822225,1000000,960000000,960.0,960,960,960,960.0,1.0,1.0,3.84
all,L,579626,1000000,8474710679864004573,1000000,960000000,960.0,960,960,960,960.0,1.0,1.0,3.84
all,L,997466,1000000,3483830750360314304,1000000,960000000,960.0,960,960,960,960.0,1.0,1.0,3.84
all,L,522760,1000000,16841210789599176047,1000000,960000000,960.0,960,960,960,960.0,1.0,1.0,3.84
all,L,134930,1000000,171870010089159884,1000000,960000000,960.0,960,960,960,960.0,1.0,1.0,3.84
all,L,786964,1000000,14380161284363022068,1000000,960000000,960.0,960,960,960,960.0,1.0,1.0,3.84
all,L,884325,1000000,17626328068374859508,1000000,960000000,960.0,960,960,960,960.0,1.0,1.0,3.84
all,L,552447,1000000,8923877625261750249,1000000,960000000,960.0,960,960,960,960.0,1.0,1.0,3.84
all,L,504571,1000000,12605759133663157756,1000000,960000000,960.0,960,960,960,960.0,1.0,1.0,3.84
all,L,951244,1000000,12048436060597563105,1000000,960000000,960.0,960,960,960,960.0,1.0,1.0,3.84
all,L,220807,1000000,11896406969618448303,1000000,960000000,960.0,960,960,960,960.0,1.0,1.0,3.84
all,L,681257,1000000,15621305984798844607,1000000,960000000,960.0,960,960,960,960.0,1.0,1.0,3.84
all,L,417658,1000000,17447488104489124590,1000000,960000000,960.0,960,960,960,960.0,1.0,1.0,3.84
all,L,266352,1000000,18412723224000192017,1000000,960000000,960.0,960,960,960,960.0,1.0,1.0,3.84
all,E64,584510,1000000,1807088016867934454,1000000,960000000,960.0,960,960,960,960.0,1.0,1.0,3.84
all,E64,860467,1000000,6498988667746730580,1000000,960000000,960.0,960,960,960,960.0,1.0,1.0,3.84
all,E64,923923,1000000,3907744307583952658,1000000,960000000,960.0,960,960,960,960.0,1.0,1.0,3.84
all,E64,533409,1000000,3223630956826593726,1000000,960000000,960.0,960,960,960,960.0,1.0,1.0,3.84
all,E64,220435,1000000,7371139135246081924,1000000,960000000,960.0,960,960,960,960.0,1.0,1.0,3.84
all,E64,395173,1000000,10576103514097166279,1000000,960000000,960.0,960,960,960,960.0,1.0,1.0,3.84
all,E64,125555,1000000,8943818760375206147,1000000,960000000,960.0,960,960,960,960.0,1.0,1.0,3.84
all,E64,37317,1000000,17158726568359541500,1000000,960000000,960.0,960,960,960,960.0,1.0,1.0,3.84
all,E64,326694,1000000,9117100399094165933,1000000,960000000,960.0,960,960,960,960.0,1.0,1.0,3.84
all,E64,408325,1000000,10544052076231477114,1000000,960000000,960.0,960,960,960,960.0,1.0,1.0,3.84
all,E64,928005,1000000,7505992583204080939,1000000,960000000,960.0,960,960,960,960.0,1.0,1.0,3.84
all,E64,636852,1000000,7895162088346050621,1000000,960000000,960.0,960,960,960,960.0,1.0,1.0,3.84
all,E64,565201,1000000,8184629090086881345,1000000,960000000,960.0,960,960,960,960.0,1.0,1.0,3.84
all,E64,416400,1000000,9536897796637306696,1000000,960000000,960.0,960,960,960,960.0,1.0,1.0,3.84
all,E64,671950,1000000,14895029421699303669,1000000,960000000,960.0,960,960,960,960.0,1.0,1.0,3.84
all,E64,100598,1000000,16494935030489954985,1000000,960000000,960.0,960,960,960,960.0,1.0,1.0,3.84
all,E64,130060,1000000,14921113119544041681,1000000,960000000,960.0,960,960,960,960.0,1.0,1.0,3.84
all,E64,763603,1000000,1900900238568007811,1000000,960000000,960.0,960,960,960,960.0,1.0,1.0,3.84
all,E64,229656,1000000,1894468672199434319,1000000,960000000,960.0,960,960,960,960.0,1.0,1.0,3.84
all,E64,854752,1000000,17809770115298077459,1000000,960000000,960.0,960,960,960,960.0,1.0,1.0,3.84
all,E64,717147,1000000,6691701412507530886,1000000,960000000,960.0,960,960,960,960.0,1.0,1.0,3.84
all,E64,253796,1000000,358054800924404547,1000000,960000000,960.0,960,960,960,960.0,1.0,1.0,3.84
all,E64,594298,1000000,4006200478241105824,1000000,960000000,960.0,960,960,960,960.0,1.0,1.0,3.84
all,E64,802333,1000000,155218242063238158,1000000,960000000,960.0,960,960,960,960.0,1.0,1.0,3.84
all,E64,907497,1000000,10539995831024917851,1000000,960000000,960.0,960,960,960,960.0,1.0,1.0,3.84
all,E64,970136,1000000,2809382299381371444,1000000,960000000,960.0,960,960,960,960.0,1.0,1.0,3.84
all,E64,472710,1000000,9322406083669426400,1000000,960000000,960.0,960,960,960,960.0,1.0,1.0,3.84
all,E64,311434,1000000,835849977383418411,1000000,960000000,960.0,960,960,960,960.0,1.0,1.0,3.84
all,E64,152112,1000000,15499823740680461365,1000000,960000000,960.0,960,960,960,960.0,1.0,1.0,3.84
all,E64,262882,1000000,10420154705391700269,1000000,960000000,960.0,960,960,960,960.0,1.0,1.0,3.84
all,E64,706522,1000000,11602945643244315392,1000000,960000000,960.0,960,960,960,960.0,1.0,1.0,3.84
all,E64,832912,1000000,18123405908373971594,1000000,960000000,960.0,960,960,960,960.0,1.0,1.0,3.84
all,E64,303769,1000000,2701790959040422258,1000000,960000000,960.0,960,960,960,960.0,1.0,1.0,3.84
all,E64,223701,1000000,8078202784440021693,1000000,960000000,960.0,960,960,960,960.0,1.0,1.0,3.84
all,E64,809314,1000000,17337952930506189950,1000000,960000000,960.0,960,960,960,960.0,1.0,1.0,3.84
all,E64,831243,1000000,10880001800419951293,1000000,960000000,960.0,960,960,960,960.0,1.0,1.0,3.84
all,E64,831746,1000000,481815094024825890,1000000,960000000,960.0,960,960,960,960.0,1.0,1.0,3.84
all,E64,314373,1000000,11913663609545475732,1000000,960000000,960.0,960,960,960,960.0,1.0,1.0,3.84
all,E64,810800,1000000,2933429985170088122,1000000,960000000,960.0,960,960,960,960.0,1.0,1.0,3.84
all,E64,211855,1000000,8539512387691981817,1000000,960000000,960.0,960,960,960,960.0,1.0,1.0,3.84
all,E64,533614,1000000,17890926061835471970,1000000,960000000,960.0,960,960,960,960.0,1.0,1.0,3.84
all,E64,335471,1000000,2899874999189035835,1000000,960000000,960.0,960,960,960,960.0,1.0,1.0,3.84
all,E64,566134,1000000,17271763608998345436,1000000,960000000,960.0,960,960,960,960.0,1.0,1.0,3.84
all,E64,738848,1000000,8812392896954298829,1000000,960000000,960.0,960,960,960,960.0,1.0,1.0,3.84
all,E64,359342,1000000,12018035170414210085,1000000,960000000,960.0,960,960,960,960.0,1.0,1.0,3.84
all,E64,965210,1000000,7725909104140977347,1000000,960000000,960.0,960,960,960,960.0,1.0,1.0,3.84
all,E64,928413,1000000,9909803534112132013,1000000,960000000,960.0,960,960,960,960.0,1.0,1.0,3.84
all,E64,998782,1000000,11177248549409070543,1000000,960000000,960.0,960,960,960,960.0,1.0,1.0,3.84
all,E64,248373,1000000,10853615348990915110,1000000,960000000,960.0,960,960,960,960.0,1.0,1.0,3.84
all,E64,113110,1000000,14664104048308303392,1000000,960000000,960.0,960,960,960,960.0,1.0,1.0,3.84
all,E64,421120,1000000,2673017338033822225,1000000,960000000,960.0,960,960,960,960.0,1.0,1.0,3.84
all,E64,579626,1000000,8474710679864004573,1000000,960000000,960.0,960,960,960,960.0,1.0,1.0,3.84
all,E64,997466,1000000,3483830750360314304,1000000,960000000,960.0,960,960,960,960.0,1.0,1.0,3.84
all,E64,522760,1000000,16841210789599176047,1000000,960000000,960.0,960,960,960,960.0,1.0,1.0,3.84
all,E64,134930,1000000,171870010089159884,1000000,960000000,960.0,960,960,960,960.0,1.0,1.0,3.84
all,E64,786964,1000000,14380161284363022068,1000000,960000000,960.0,960,960,960,960.0,1.0,1.0,3.84
all,E64,884325,1000000,17626328068374859508,1000000,960000000,960.0,960,960,960,960.0,1.0,1.0,3.84
all,E64,552447,1000000,8923877625261750249,1000000,960000000,960.0,960,960,960,960.0,1.0,1.0,3.84
all,E64,504571,1000000,12605759133663157756,1000000,960000000,960.0,960,960,960,960.0,1.0,1.0,3.84
all,E64,951244,1000000,12048436060597563105,1000000,960000000,960.0,960,960,960,960.0,1.0,1.0,3.84
all,E64,220807,1000000,11896406969618448303,1000000,960000000,960.0,960,960,960,960.0,1.0,1.0,3.84
all,E64,681257,1000000,15621305984798844607,1000000,960000000,960.0,960,960,960,960.0,1.0,1.0,3.84
all,E64,417658,1000000,17447488104489124590,1000000,960000000,960.0,960,960,960,960.0,1.0,1.0,3.84
all,E64,266352,1000000,18412723224000192017,1000000,960000000,960.0,960,960,960,960.0,1.0,1.0,3.84
all,L_E64,584510,1000000,1807088016867934454,1000000,960000000,960.0,960,960,960,960.0,1.0,1.0,3.84
all,L_E64,860467,1000000,6498988667746730580,1000000,960000000,960.0,960,960,960,960.0,1.0,1.0,3.84
all,L_E64,923923,1000000,3907744307583952658,1000000,960000000,960.0,960,960,960,960.0,1.0,1.0,3.84
all,L_E64,533409,1000000,3223630956826593726,1000000,960000000,960.0,960,960,960,960.0,1.0,1.0,3.84
all,L_E64,220435,1000000,7371139135246081924,1000000,960000000,960.0,960,960,960,960.0,1.0,1.0,3.84
all,L_E64,395173,1000000,10576103514097166279,1000000,960000000,960.0,960,960,960,960.0,1.0,1.0,3.84
all,L_E64,125555,1000000,8943818760375206147,1000000,960000000,960.0,960,960,960,960.0,1.0,1.0,3.84
all,L_E64,37317,1000000,17158726568359541500,1000000,960000000,960.0,960,960,960,960.0,1.0,1.0,3.84
all,L_E64,326694,1000000,9117100399094165933,1000000,960000000,960.0,960,960,960,960.0,1.0,1.0,3.84
all,L_E64,408325,1000000,10544052076231477114,1000000,960000000,960.0,960,960,960,960.0,1.0,1.0,3.84
all,L_E64,928005,1000000,7505992583204080939,1000000,960000000,960.0,960,960,960,960.0,1.0,1.0,3.84
all,L_E64,636852,1000000,7895162088346050621,1000000,960000000,960.0,960,960,960,960.0,1.0,1.0,3.84
all,L_E64,565201,1000000,8184629090086881345,1000000,960000000,960.0,960,960,960,960.0,1.0,1.0,3.84
all,L_E64,416400,1000000,9536897796637306696,1000000,960000000,960.0,960,960,960,960.0,1.0,1.0,3.84
all,L_E64,671950,1000000,14895029421699303669,1000000,960000000,960.0,960,960,960,960.0,1.0,1.0,3.84
all,L_E64,100598,1000000,16494935030489954985,1000000,960000000,960.0,960,960,960,960.0,1.0,1.0,3.84
all,L_E64,130060,1000000,14921113119544041681,1000000,960000000,960.0,960,960,960,960.0,1.0,1.0,3.84
all,L_E64,763603,1000000,1900900238568007811,1000000,960000000,960.0,960,960,960,960.0,1.0,1.0,3.84
all,L_E64,229656,1000000,1894468672199434319,1000000,960000000,960.0,960,960,960,960.0,1.0,1.0,3.84
all,L_E64,854752,1000000,17809770115298077459,1000000,960000000,960.0,960,960,960,960.0,1.0,1.0,3.84
all,L_E64,717147,1000000,6691701412507530886,1000000,960000000,960.0,960,960,960,960.0,1.0,1.0,3.84
all,L_E64,253796,1000000,358054800924404547,1000000,960000000,960.0,960,960,960,960.0,1.0,1.0,3.84
all,L_E64,594298,1000000,4006200478241105824,1000000,960000000,960.0,960,960,960,960.0,1.0,1.0,3.84
all,L_E64,802333,1000000,155218242063238158,1000000,960000000,960.0,960,960,960,960.0,1.0,1.0,3.84
all,L_E64,907497,1000000,10539995831024917851,1000000,960000000,960.0,960,960,960,960.0,1.0,1.0,3.84
all,L_E64,970136,1000000,2809382299381371444,1000000,960000000,960.0,960,960,960,960.0,1.0,1.0,3.84
all,L_E64,472710,1000000,9322406083669426400,1000000,960000000,960.0,960,960,960,960.0,1.0,1.0,3.84
all,L_E64,311434,1000000,835849977383418411,1000000,960000000,960.0,960,960,960,960.0,1.0,1.0,3.84
all,L_E64,152112,1000000,15499823740680461365,1000000,960000000,960.0,960,960,960,960.0,1.0,1.0,3.84
all,L_E64,262882,1000000,10420154705391700269,1000000,960000000,960.0,960,960,960,960.0,1.0,1.0,3.84
all,L_E64,706522,1000000,11602945643244315392,1000000,960000000,960.0,960,960,960,960.0,1.0,1.0,3.84
all,L_E64,832912,1000000,18123405908373971594,1000000,960000000,960.0,960,960,960,960.0,1.0,1.0,3.84
all,L_E64,303769,1000000,2701790959040422258,1000000,960000000,960.0,960,960,960,960.0,1.0,1.0,3.84
all,L_E64,223701,1000000,8078202784440021693,1000000,960000000,960.0,960,960,960,960.0,1.0,1.0,3.84
all,L_E64,809314,1000000,17337952930506189950,1000000,960000000,960.0,960,960,960,960.0,1.0,1.0,3.84
all,L_E64,831243,1000000,10880001800419951293,1000000,960000000,960.0,960,960,960,960.0,1.0,1.0,3.84
all,L_E64,831746,1000000,481815094024825890,1000000,960000000,960.0,960,960,960,960.0,1.0,1.0,3.84
all,L_E64,314373,1000000,11913663609545475732,1000000,960000000,960.0,960,960,960,960.0,1.0,1.0,3.84
all,L_E64,810800,1000000,2933429985170088122,1000000,960000000,960.0,960,960,960,960.0,1.0,1.0,3.84
all,L_E64,211855,1000000,8539512387691981817,1000000,960000000,960.0,960,960,960,960.0,1.0,1.0,3.84
all,L_E64,533614,1000000,17890926061835471970,1000000,960000000,960.0,960,960,960,960.0,1.0,1.0,3.84
all,L_E64,335471,1000000,2899874999189035835,1000000,960000000,960.0,960,960,960,960.0,1.0,1.0,3.84
all,L_E64,566134,1000000,17271763608998345436,1000000,960000000,960.0,960,960,960,960.0,1.0,1.0,3.84
all,L_E64,738848,1000000,8812392896954298829,1000000,960000000,960.0,960,960,960,960.0,1.0,1.0,3.84
all,L_E64,359342,1000000,12018035170414210085,1000000,960000000,960.0,960,960,960,960.0,1.0,1.0,3.84
all,L_E64,965210,1000000,7725909104140977347,1000000,960000000,960.0,960,960,960,960.0,1.0,1.0,3.84
all,L_E64,928413,1000000,9909803534112132013,1000000,960000000,960.0,960,960,960,960.0,1.0,1.0,3.84
all,L_E64,998782,1000000,11177248549409070543,1000000,960000000,960.0,960,960,960,960.0,1.0,1.0,3.84
all,L_E64,248373,1000000,10853615348990915110,1000000,960000000,960.0,960,960,960,960.0,1.0,1.0,3.84
all,L_E64,113110,1000000,14664104048308303392,1000000,960000000,960.0,960,960,960,960.0,1.0,1.0,3.84
all,L_E64,421120,1000000,2673017338033822225,1000000,960000000,960.0,960,960,960,960.0,1.0,1.0,3.84
all,L_E64,579626,1000000,8474710679864004573,1000000,960000000,960.0,960,960,960,960.0,1.0,1.0,3.84
all,L_E64,997466,1000000,3483830750360314304,1000000,960000000,960.0,960,960,960,960.0,1.0,1.0,3.84
all,L_E64,522760,1000000,16841210789599176047,1000000,960000000,960.0,960,960,960,960.0,1.0,1.0,3.84
all,L_E64,134930,1000000,171870010089159884,1000000,960000000,960.0,960,960,960,960.0,1.0,1.0,3.84
all,L_E64,786964,1000000,14380161284363022068,1000000,960000000,960.0,960,960,960,960.0,1.0,1.0,3.84
all,L_E64,884325,1000000,17626328068374859508,1000000,960000000,960.0,960,960,960,960.0,1.0,1.0,3.84
all,L_E64,552447,1000000,8923877625261750249,1000000,960000000,960.0,960,960,960,960.0,1.0,1.0,3.84
all,L_E64,504571,1000000,12605759133663157756,1000000,960000000,960.0,960,960,960,960.0,1.0,1.0,3.84
all,L_E64,951244,1000000,12048436060597563105,1000000,960000000,960.0,960,960,960,960.0,1.0,1.0,3.84
all,L_E64,220807,1000000,11896406969618448303,1000000,960000000,960.0,960,960,960,960.0,1.0,1.0,3.84
all,L_E64,681257,1000000,15621305984798844607,1000000,960000000,960.0,960,960,960,960.0,1.0,1.0,3.84
all,L_E64,417658,1000000,17447488104489124590,1000000,960000000,960.0,960,960,960,960.0,1.0,1.0,3.84
all,L_E64,266352,1000000,18412723224000192017,1000000,960000000,960.0,960,960,960,960.0,1.0,1.0,3.84
