2026/10/02 17:42:43.582, 113, 0, 89.67, 2422, 12481, 48, P0
2026/10/02 17:42:43.783, 113, 0, 89.68, 2422, 12481, 48, P0
2026/10/02 17:42:43.984, 113, 0, 82.65, 1125, 12481, 47, P0
2026/10/02 17:42:44.184, 113, 0, 78.15, 510, 12481, 47, P0
2026/10/02 17:42:44.384, 113, 0, 74.78, 510, 12481, 47, P0
2026/10/02 17:42:44.586, 668, 0, 72.78, 450, 12481, 48, P0
2026/10/02 17:42:44.786, 2274, 1, 63.29, 1500, 12481, 48, P0
2026/10/02 17:42:44.986, 2290, 0, 68.89, 2422, 12481, 48, P0
2026/10/02 17:42:45.187, 2290, 4, 95.14, 2422, 12481, 49, P0
2026/10/02 17:42:45.387, 2290, 35, 119.03, 2422, 12481, 52, P0
2026/10/02 17:42:45.587, 2290, 50, 147.83, 2422, 12481, 50, P0
2026/10/02 17:42:45.787, 2290, 38, 177.43, 2422, 12481, 52, P0
2026/10/02 17:42:45.987, 2290, 52, 198.67, 2422, 12481, 50, P0
2026/10/02 17:42:46.188, 2290, 42, 200.84, 2422, 12481, 51, P0
2026/10/02 17:42:46.388, 2648, 44, 204.03, 2422, 12481, 51, P0
2026/10/02 17:42:46.589, 3008, 16, 198.85, 2422, 12481, 52, P0
2026/10/02 17:42:46.789, 3454, 22, 171.80, 2422, 12481, 49, P0
2026/10/02 17:42:46.990, 4184, 25, 161.83, 2422, 12481, 50, P0
2026/10/02 17:42:47.190, 4808, 30, 148.55, 2422, 12481, 49, P0
2026/10/02 17:42:47.391, 5588, 24, 132.33, 2422, 12481, 50, P0
2026/10/02 17:42:47.591, 6318, 29, 146.77, 2422, 12481, 50, P0
2026/10/02 17:42:47.791, 7010, 20, 153.49, 2422, 12481, 49, P0
2026/10/02 17:42:47.991, 7510, 26, 155.17, 2422, 12481, 51, P0
2026/10/02 17:42:48.192, 8148, 17, 141.95, 2422, 12481, 49, P0
2026/10/02 17:42:48.392, 8216, 25, 159.92, 2422, 12481, 51, P0
2026/10/02 17:42:48.592, 8216, 99, 169.07, 2422, 12481, 50, P0
2026/10/02 17:42:48.792, 8216, 94, 183.74, 2422, 12481, 50, P0
2026/10/02 17:42:48.993, 8218, 78, 183.94, 2422, 12481, 49, P0
2026/10/02 17:42:49.193, 8218, 76, 203.82, 2422, 12481, 50, P0
2026/10/02 17:42:49.393, 8218, 96, 216.00, 2422, 12481, 51, P0
2026/10/02 17:42:49.593, 8218, 77, 188.32, 2422, 12481, 50, P0
2026/10/02 17:42:49.793, 8218, 86, 204.14, 2422, 12481, 49, P0
2026/10/02 17:42:49.994, 8218, 0, 219.83, 2422, 12481, 51, P0
2026/10/02 17:42:50.194, 8218, 100, 239.10, 2422, 12481, 51, P0
2026/10/02 17:42:50.394, 8218, 39, 223.12, 2422, 12481, 50, P0
2026/10/02 17:42:50.594, 8218, 92, 231.19, 2422, 12481, 50, P0
2026/10/02 17:42:50.795, 8218, 80, 220.54, 2422, 12481, 50, P0
2026/10/02 17:42:50.995, 7078, 92, 243.54, 2422, 12481, 50, P0
2026/10/02 17:42:51.195, 3050, 19, 187.10, 2422, 12481, 49, P0
2026/10/02 17:42:51.395, 676, 5, 179.49, 2422, 12481, 48, P0
2026/10/02 17:42:51.595, 2280, 0, 157.99, 2422, 12481, 48, P0
2026/10/02 17:42:51.796, 2280, 8, 137.53, 2422, 12481, 49, P0
2026/10/02 17:42:51.996, 2280, 43, 112.29, 2422, 12481, 49, P0
2026/10/02 17:42:52.196, 2280, 30, 115.40, 2422, 12481, 49, P0
2026/10/02 17:42:52.396, 2280, 45, 124.72, 2422, 12481, 49, P0
2026/10/02 17:42:52.596, 2280, 36, 135.88, 2422, 12481, 50, P0
2026/10/02 17:42:52.797, 2280, 33, 133.42, 2422, 12481, 50, P0
2026/10/02 17:42:52.997, 3102, 41, 131.60, 2422, 12481, 48, P0
2026/10/02 17:42:53.197, 3882, 23, 125.63, 2422, 12481, 48, P0
2026/10/02 17:42:53.397, 4580, 18, 123.88, 2422, 12481, 49, P0
2026/10/02 17:42:53.598, 5186, 22, 117.67, 2422, 12481, 48, P0
2026/10/02 17:42:53.798, 5938, 21, 116.67, 2422, 12481, 49, P0
2026/10/02 17:42:53.998, 6602, 26, 114.80, 2422, 12481, 48, P0
2026/10/02 17:42:54.198, 7270, 29, 116.52, 2422, 12481, 48, P0
2026/10/02 17:42:54.399, 7250, 29, 139.63, 2422, 12481, 49, P0
2026/10/02 17:42:54.599, 674, 13, 137.07, 2422, 12481, 48, P0
2026/10/02 17:42:54.799, 113, 5, 130.37, 2422, 12481, 48, P0
