dataset,radius_name,mode,round,refit_s,driver_setup_s,capture_instantiate_s,before_cleanup_process_s,sampled_peak_gpu_memory_mib
GIST,half,FR,1,0.05271942,0.010167213,0.000279938,27.118157898,17290
GIST,half,FR,2,0.0529533,0.00890898,0.000299087,26.602866749,17290
GIST,half,FR,3,0.052251452,0.008808669,0.000269621,26.921077955,17290
GIST,half,FR,4,0.052780505,0.01092494,0.000293711,27.043497961,17290
GIST,half,FR,5,0.052485236,0.008949522,0.000275008,26.981678223,17290
GIST,half,FR,6,0.052729708,0.008766383,0.000275342,26.944580398,17290
GIST,half,FF,1,0.052640105,0.00896428,0.000295744,27.611570605,17290
GIST,half,FF,2,0.053009094,0.009826517,0.000285512,27.598043301,17290
GIST,half,FF,3,0.053301575,0.010482421,0.000295824,27.561286327,17290
GIST,half,FF,4,0.053028816,0.008888501,0.000285257,27.549205894,17290
GIST,half,FF,5,0.053590285,0.008904244,0.000304522,27.688919905,17290
GIST,half,FF,6,0.052749359,0.008942826,0.00028714,27.540395735,17290
GIST,half,CR4,1,0.052751761,0.010748926,0.000440531,26.839173198,17302
GIST,half,CR4,2,0.052341794,0.010714689,0.000432019,26.886537576,17302
GIST,half,CR4,3,0.053258957,0.010925359,0.000421947,26.751119968,17302
GIST,half,CR4,4,0.052541156,0.010703375,0.000422543,26.786959095,17302
GIST,half,CR4,5,0.052339317,0.010736321,0.00043733,26.782868336,17302
GIST,half,CR4,6,0.053379675,0.010699979,0.000425852,26.868988846,17302
GIST,half,CF4,1,0.053361452,0.010867781,0.000449221,27.174243921,17302
GIST,half,CF4,2,0.053273812,0.010831426,0.000456502,27.148158534,17302
GIST,half,CF4,3,0.052979415,0.017847274,0.001373665,27.2397253,17302
GIST,half,CF4,4,0.053213427,0.010944426,0.000445219,27.126740412,17302
GIST,half,CF4,5,0.052089342,0.010587188,0.000441665,27.373514058,17302
GIST,half,CF4,6,0.053014311,0.010646481,0.000435022,27.165394956,17302
GIST,half,TR,1,0.053547936,0.014610774,0.001652994,27.326535677,17290
GIST,half,TR,2,0.052700766,0.008718022,0.000443563,27.500820328,17290
GIST,half,TR,3,0.052609309,0.009119973,0.000458296,27.505007178,17290
GIST,half,TR,4,0.053235857,0.009158641,0.000460312,27.540740416,17290
GIST,half,TR,5,0.052957696,0.009028236,0.000457587,27.522066541,17290
GIST,half,TR,6,0.052638344,0.008988137,0.000445416,27.529832231,17290
GIST,half,TF,1,0.053025421,0.009205044,0.00046795,26.97849619,17290
GIST,half,TF,2,0.053190065,0.009153514,0.000474876,27.01254763,17290
GIST,half,TF,3,0.052950994,0.009065419,0.000459525,26.995841174,17290
GIST,half,TF,4,0.052550597,0.008982895,0.000463273,26.944449463,17290
GIST,half,TF,5,0.054246776,0.010119036,0.000452064,27.015451179,17290
GIST,half,TF,6,0.052614825,0.008992614,0.000475054,26.939998674,17290
Deep,half,FR,1,0.016364706,0.008630842,0.000290771,3.233153062,13962
Deep,half,FR,2,0.014594614,0.008879658,0.000287914,3.194452925,13962
Deep,half,FR,3,0.015550621,0.014049584,0.001597349,3.190946589,13962
Deep,half,FR,4,0.016021946,0.008747296,0.000280301,3.238769574,13962
Deep,half,FR,5,0.013814011,0.010330083,0.000299796,3.188129707,13962
Deep,half,FR,6,0.016383934,0.01005763,0.000291407,3.211093021,13962
Deep,half,FF,1,0.016572746,0.009686922,0.001097144,3.215808817,13962
Deep,half,FF,2,0.018600022,0.011357205,0.000360217,3.238937237,13962
Deep,half,FF,3,0.014121321,0.009446999,0.000970856,3.214434228,13962
Deep,half,FF,4,0.01696077,0.0102505,0.000285272,3.200992504,13962
Deep,half,FF,5,0.014151255,0.017515464,0.000296016,3.211397789,13962
Deep,half,FF,6,0.015229799,0.008915214,0.000291638,3.22542956,13962
Deep,half,CR1,1,0.016846772,0.011717319,0.00041836,3.208140385,13974
Deep,half,CR1,2,0.013765053,0.018718967,0.000419099,3.24718594,13974
Deep,half,CR1,3,0.018316731,0.012405362,0.000507373,3.285341003,13974
Deep,half,CR1,4,0.01411879,0.022200269,0.000428241,3.207071783,13974
Deep,half,CR1,5,0.015107508,0.011707705,0.001111858,3.193194556,13974
Deep,half,CR1,6,0.014114166,0.012635936,0.000420093,3.241043685,13974
Deep,half,CF1,1,0.015941279,0.017793749,0.000424869,3.213151179,13974
Deep,half,CF1,2,0.014043035,0.022194255,0.000433447,3.227304618,13974
Deep,half,CF1,3,0.017032922,0.019428401,0.000555128,3.212032383,13974
Deep,half,CF1,4,0.016199916,0.012792275,0.000549353,3.258993775,13974
Deep,half,CF1,5,0.014717699,0.01950607,0.000418512,3.233768835,13974
Deep,half,CF1,6,0.019855753,0.011573681,0.000437445,3.223753489,13974
Deep,half,TR,1,0.01603477,0.011930836,0.000518628,3.427205168,13962
Deep,half,TR,2,0.016402324,0.009095832,0.000457099,3.434222391,13962
Deep,half,TR,3,0.014725746,0.018009187,0.000447995,3.461654066,13962
Deep,half,TR,4,0.014073667,0.010048728,0.000444804,3.450727001,13962
Deep,half,TR,5,0.013834193,0.011940727,0.000449624,3.463949242,13962
Deep,half,TR,6,0.014998489,0.009398997,0.000454421,3.402373752,13962
Deep,half,TF,1,0.016792287,0.009032185,0.000473832,3.343159013,13962
Deep,half,TF,2,0.015833281,0.009248231,0.000464343,3.381435514,13962
Deep,half,TF,3,0.01410745,0.0097605,0.001179926,3.331575152,13962
Deep,half,TF,4,0.014001537,0.009530749,0.000469811,3.387462515,13962
Deep,half,TF,5,0.013561301,0.021033914,0.000459733,3.398735055,13962
Deep,half,TF,6,0.014310201,0.01399198,0.000920147,3.34151465,13962
Tloc,half,FR,1,0.013101709,0.010062989,0.000265323,0.639767556,13706
Tloc,half,FR,2,0.013544642,0.008572416,0.000225794,0.609268263,13706
Tloc,half,FR,3,0.014097055,0.00847059,0.000236077,0.608550572,13706
Tloc,half,FR,4,0.013514127,0.009940108,0.000273397,0.639168238,13706
Tloc,half,FR,5,0.012764564,0.009747312,0.000263492,0.639124499,13706
Tloc,half,FR,6,0.013722113,0.008729685,0.000223901,0.608551922,13706
Tloc,half,FF,1,0.013300786,0.00994295,0.000290101,0.64644513,13706
Tloc,half,FF,2,0.011255998,0.008570813,0.000236653,0.65788446,13706
Tloc,half,FF,3,0.013454693,0.010006864,0.000287469,0.641858234,13706
Tloc,half,FF,4,0.013049667,0.010167885,0.000278034,0.641581991,13706
Tloc,half,FF,5,0.011681026,0.008622452,0.000220503,0.607047736,13706
Tloc,half,FF,6,0.013530541,0.008487278,0.000223993,0.609761717,13706
Tloc,half,CR4,1,0.014094097,0.012035227,0.000376778,0.573412548,13718
Tloc,half,CR4,2,0.01095649,0.010219664,0.00033107,0.562030507,13718
Tloc,half,CR4,3,0.013171203,0.012185548,0.00040959,0.569549137,13718
Tloc,half,CR4,4,0.013001198,0.011959006,0.000369664,0.57408927,13718
Tloc,half,CR4,5,0.011189778,0.010273554,0.000315069,0.533608166,13718
Tloc,half,CR4,6,0.013461122,0.010407444,0.000310725,0.538647866,13718
Tloc,half,CF4,1,0.013519203,0.012024317,0.000394325,0.570360032,13718
Tloc,half,CF4,2,0.013404821,0.011917926,0.000411082,0.571207451,13718
Tloc,half,CF4,3,0.013747219,0.012228175,0.000408389,0.571195651,13718
Tloc,half,CF4,4,0.011441517,0.010468171,0.000350778,0.609238288,13718
Tloc,half,CF4,5,0.01309416,0.010210843,0.000319095,0.53479676,13718
Tloc,half,CF4,6,0.01294009,0.012320782,0.000424362,0.57028335,13718
Tloc,half,TR,1,0.013480214,0.01013195,0.000437447,0.576092151,13706
Tloc,half,TR,2,0.011192898,0.008616576,0.000326409,0.555178074,13706
Tloc,half,TR,3,0.012595546,0.008562624,0.000332955,0.540736498,13706
Tloc,half,TR,4,0.012970155,0.008531896,0.000339118,0.544737459,13706
Tloc,half,TR,5,0.013040074,0.00985203,0.000376779,0.574565215,13706
Tloc,half,TR,6,0.013740427,0.008589758,0.000330932,0.542532142,13706
Tloc,half,TF,1,0.013290537,0.010083439,0.000431764,0.580143343,13706
Tloc,half,TF,2,0.013236493,0.010134885,0.000442039,0.581027314,13706
Tloc,half,TF,3,0.013290715,0.010043641,0.000439464,0.577084361,13706
Tloc,half,TF,4,0.01321539,0.010108757,0.000438906,0.57453468,13706
Tloc,half,TF,5,0.011171141,0.008673904,0.000354916,0.554922827,13706
Tloc,half,TF,6,0.013057536,0.010167221,0.000415728,0.607207985,13706
GIST,all,FR,1,0.053082161,0.015791893,0.000293974,27.449435933,17290
GIST,all,FR,2,0.055404936,0.008944091,0.00028323,27.133581347,17290
GIST,all,FR,3,0.053003601,0.009385839,0.000283374,27.297301871,17290
GIST,all,FR,4,0.053045513,0.013509166,0.000303767,27.285309665,17290
GIST,all,FR,5,0.052930194,0.008664979,0.000290031,27.270894787,17290
GIST,all,FR,6,0.05270838,0.017401689,0.000289153,27.394050632,17290
GIST,all,FF,1,0.052784429,0.00890085,0.000306433,28.49985436,17290
GIST,all,FF,2,0.053299621,0.009032299,0.000284386,28.401193206,17290
GIST,all,FF,3,0.05281951,0.020579331,0.00029171,28.568576461,17290
GIST,all,FF,4,0.052674008,0.008761185,0.000286016,28.529541173,17290
GIST,all,FF,5,0.052517258,0.008888165,0.00029735,28.464626468,17290
GIST,all,FF,6,0.053162051,0.009398347,0.000288292,28.743541556,17290
GIST,all,CR4,1,0.052423337,0.010899171,0.000443152,27.468153147,17302
GIST,all,CR4,2,0.0528816,0.010739776,0.000428622,27.381713607,17302
GIST,all,CR4,3,0.052849202,0.010814041,0.000422331,27.554402093,17302
GIST,all,CR4,4,0.052650921,0.01064922,0.000426289,27.356627468,17302
GIST,all,CR4,5,0.052835137,0.010859909,0.000442315,27.379354035,17302
GIST,all,CR4,6,0.052919329,0.010956115,0.000446554,27.382294137,17302
GIST,all,CF4,1,0.052924031,0.010764975,0.000449334,28.555888025,17302
GIST,all,CF4,2,0.052936258,0.010690641,0.00044548,28.521202542,17302
GIST,all,CF4,3,0.053124493,0.010881555,0.000465394,28.519493288,17302
GIST,all,CF4,4,0.053647058,0.017439356,0.00044759,28.575198063,17302
GIST,all,CF4,5,0.05305961,0.010897352,0.000441783,28.495185685,17302
GIST,all,CF4,6,0.053190034,0.010754564,0.000455223,28.501623163,17302
GIST,all,TR,1,0.052870387,0.009049057,0.000466311,28.599682578,17290
GIST,all,TR,2,0.055163568,0.009043095,0.000457157,28.593563488,17290
GIST,all,TR,3,0.053077681,0.009264406,0.000475872,28.703802997,17290
GIST,all,TR,4,0.052880015,0.008930229,0.000443642,28.800265932,17290
GIST,all,TR,5,0.052918294,0.009190982,0.000461466,28.542776351,17290
GIST,all,TR,6,0.052894274,0.009036898,0.000449919,28.670620088,17290
GIST,all,TF,1,0.05342021,0.009018079,0.00048077,28.693842635,17290
GIST,all,TF,2,0.052391486,0.009010457,0.000459878,28.784487914,17290
GIST,all,TF,3,0.052722012,0.009069267,0.000473468,28.739661967,17290
GIST,all,TF,4,0.055279501,0.009075915,0.000459477,28.642642579,17290
GIST,all,TF,5,0.052977149,0.009133132,0.00046794,28.825665822,17290
GIST,all,TF,6,0.053158919,0.009076909,0.00046218,28.65260096,17290
Deep,all,FR,1,0.017438368,0.009953231,0.000307789,3.561129593,13962
Deep,all,FR,2,0.014084265,0.01608499,0.000293821,3.52805177,13962
Deep,all,FR,3,0.014196656,0.016587777,0.000280409,3.513216234,13962
Deep,all,FR,4,0.014137337,0.009758268,0.001192856,3.564565267,13962
Deep,all,FR,5,0.016444911,0.009107044,0.000293038,3.577635666,13962
Deep,all,FR,6,0.014795822,0.014944117,0.00163933,3.524507318,13962
Deep,all,FF,1,0.015156031,0.018728386,0.000303767,3.573420189,13962
Deep,all,FF,2,0.014615276,0.017320694,0.000299782,3.572263724,13962
Deep,all,FF,3,0.013945617,0.009144788,0.000282197,3.56770335,13962
Deep,all,FF,4,0.014587621,0.010411562,0.000285792,3.565503585,13962
Deep,all,FF,5,0.014858739,0.009048676,0.000280567,3.560103748,13962
Deep,all,FF,6,0.017449333,0.009122709,0.000291085,3.604570277,13962
Deep,all,CR1,1,0.016341125,0.011776148,0.001099775,3.584459757,13974
Deep,all,CR1,2,0.014838809,0.01223592,0.001948487,3.568742094,13974
Deep,all,CR1,3,0.014211749,0.018683409,0.001465414,3.609481772,13974
Deep,all,CR1,4,0.016670437,0.011926174,0.000435282,3.539809763,13974
Deep,all,CR1,5,0.013712351,0.011999094,0.000422628,3.516614034,13974
Deep,all,CR1,6,0.015641486,0.011617418,0.001029994,3.530603702,13974
Deep,all,CF1,1,0.016916419,0.013632785,0.000537264,3.691768669,13974
Deep,all,CF1,2,0.015183474,0.017164417,0.00042934,3.592213239,13974
Deep,all,CF1,3,0.015981352,0.011599757,0.000430459,3.573422965,13974
Deep,all,CF1,4,0.016776652,0.014652051,0.000511899,3.661921311,13974
Deep,all,CF1,5,0.014330492,0.016366823,0.000435536,3.56530473,13974
Deep,all,CF1,6,0.017101758,0.012291772,0.000425253,3.574903828,13974
Deep,all,TR,1,0.014551717,0.009956175,0.000458509,3.880253204,13962
Deep,all,TR,2,0.017578526,0.013107064,0.000585154,3.979400164,13962
Deep,all,TR,3,0.013447478,0.016216184,0.000445959,3.869301853,13962
Deep,all,TR,4,0.015948494,0.009512402,0.000443073,3.926007304,13962
Deep,all,TR,5,0.016355943,0.010467491,0.000579752,4.023456946,13962
Deep,all,TR,6,0.017662573,0.008567738,0.000462848,3.917288235,13962
Deep,all,TF,1,0.014687413,0.014692687,0.001754208,3.88324108,13962
Deep,all,TF,2,0.014068269,0.014676107,0.000482343,3.90368492,13962
Deep,all,TF,3,0.014139294,0.021803557,0.000481884,3.903631596,13962
Deep,all,TF,4,0.01417958,0.020242719,0.000480449,3.90154061,13962
Deep,all,TF,5,0.016959565,0.011102963,0.000557143,3.954179576,13962
Deep,all,TF,6,0.013913064,0.010046665,0.00149839,3.936777883,13962
Tloc,all,FR,1,0.010809037,0.008505287,0.000225464,0.876984171,13706
Tloc,all,FR,2,0.011132606,0.008595635,0.000224425,0.872598912,13706
Tloc,all,FR,3,0.01371052,0.008734493,0.000231463,0.861025909,13706
Tloc,all,FR,4,0.011484415,0.008429023,0.000235604,0.885651082,13706
Tloc,all,FR,5,0.013710261,0.008634827,0.00021893,0.860725339,13706
Tloc,all,FR,6,0.011146848,0.008594113,0.00021967,0.872024956,13706
Tloc,all,FF,1,0.013214476,0.00954014,0.000252899,0.945954601,13706
Tloc,all,FF,2,0.011107283,0.008635868,0.000235734,0.910902651,13706
Tloc,all,FF,3,0.013488616,0.008640031,0.000232207,0.861552479,13706
Tloc,all,FF,4,0.011095137,0.008459454,0.000234691,0.872402377,13706
Tloc,all,FF,5,0.013819901,0.008530165,0.000218434,0.864532824,13706
Tloc,all,FF,6,0.013269901,0.00984382,0.000269517,0.94891509,13706
Tloc,all,CR4,1,0.013336019,0.011952236,0.000366526,0.950111542,13718
Tloc,all,CR4,2,0.013217,0.010301173,0.000319091,0.866278738,13718
Tloc,all,CR4,3,0.013228468,0.012104321,0.000371334,0.954381751,13718
Tloc,all,CR4,4,0.013185106,0.012133232,0.000391273,0.94735005,13718
Tloc,all,CR4,5,0.011121475,0.010306963,0.00031446,0.863384949,13718
Tloc,all,CR4,6,0.014291642,0.010470304,0.000320269,0.867814689,13718
Tloc,all,CF4,1,0.011149037,0.010335843,0.000322961,0.87850304,13718
Tloc,all,CF4,2,0.013823187,0.010313946,0.000331152,0.868324926,13718
Tloc,all,CF4,3,0.014043001,0.010336576,0.000332321,0.866336156,13718
Tloc,all,CF4,4,0.011070297,0.010329068,0.000322437,0.883651764,13718
Tloc,all,CF4,5,0.012268239,0.010308602,0.000321566,0.864664106,13718
Tloc,all,CF4,6,0.011052565,0.010464139,0.000317414,0.867631637,13718
Tloc,all,TR,1,0.012774142,0.00993407,0.000401029,1.097160312,13706
Tloc,all,TR,2,0.013126087,0.009923079,0.000401692,1.107028227,13706
Tloc,all,TR,3,0.010946633,0.008669697,0.000324227,1.026668385,13706
Tloc,all,TR,4,0.013579762,0.008821542,0.000333757,1.016120926,13706
Tloc,all,TR,5,0.013244362,0.01012383,0.000430521,1.076874027,13706
Tloc,all,TR,6,0.013169837,0.010133942,0.000375191,1.097388889,13706
Tloc,all,TF,1,0.014047066,0.008684018,0.000338487,1.025236878,13706
Tloc,all,TF,2,0.011039924,0.008695814,0.000341593,1.032731274,13706
Tloc,all,TF,3,0.013310473,0.008720893,0.000334242,1.022211281,13706
Tloc,all,TF,4,0.013364496,0.008615715,0.000348033,1.027667419,13706
Tloc,all,TF,5,0.01114193,0.008667497,0.000333188,1.030010315,13706
Tloc,all,TF,6,0.011357454,0.008653626,0.000348046,1.071601551,13706
