run,range,count,inclusive_wall_ms,inclusive_main_thread_cpu_ms
timing_mixed16_0_B,buffer.query,16,7.817216,1.377599
timing_mixed16_0_B,build.sort,34,3.369917,1.337418
timing_mixed16_0_B,build.total,17,86.671807,12.169539
timing_mixed16_0_B,delete.buffer_compaction,16,3.2165969999999997,0.910682
timing_mixed16_0_B,input.load,1,33.797618,33.797565
timing_mixed16_0_B,input.updates,1,0.25089,0.250572
timing_mixed16_0_B,main.total,1,632.229547,369.150117
timing_mixed16_0_B,operation.delete,176,23.398263999999998,6.412572
timing_mixed16_0_B,operation.insert,176,84.00300700000001,6.052261
timing_mixed16_0_B,operation.query,80,166.355805,34.789319
timing_mixed16_0_B,operation.rebuild,16,83.136236,5.920865
timing_mixed16_0_B,query.final_assembly,80,11.083561000000001,6.204876
timing_mixed16_0_B,runtime.init,1,309.89079200000003,278.56865
timing_mixed16_0_B,tree.leaf,80,29.85438,0.981597
timing_mixed16_0_B,tree.query,80,147.309226,27.015840999999998
timing_mixed16_0_B,tree.result_assembly,80,21.597967,8.693451
timing_mixed16_0_B,tree.traverse,80,64.438289,3.623397
timing_mixed16_0_B,update.total,1,274.186416,47.703487
timing_mixed16_0_D,buffer.query,16,6.78269,6.775556
timing_mixed16_0_D,build.sort,34,2.009696,1.817572
timing_mixed16_0_D,build.total,17,85.433527,83.985087
timing_mixed16_0_D,delete.buffer_compaction,16,4.306496,2.8469469999999997
timing_mixed16_0_D,input.load,1,43.641111,43.641116000000004
timing_mixed16_0_D,input.updates,1,0.31769699999999995,0.31732899999999997
timing_mixed16_0_D,main.total,1,619.597636,568.372716
timing_mixed16_0_D,operation.delete,176,18.275944,12.140167
timing_mixed16_0_D,operation.insert,176,79.49282000000001,77.070572
timing_mixed16_0_D,operation.query,80,150.34869700000002,136.67015099999998
timing_mixed16_0_D,operation.rebuild,16,78.38212999999999,76.870428
timing_mixed16_0_D,query.final_assembly,80,11.15169,9.273976999999999
timing_mixed16_0_D,runtime.init,1,309.744325,280.77934999999997
timing_mixed16_0_D,tree.leaf,80,27.935562,27.887495
timing_mixed16_0_D,tree.query,80,132.217254,120.37938600000001
timing_mixed16_0_D,tree.result_assembly,80,18.213998,13.274226
timing_mixed16_0_D,tree.traverse,80,60.253878,58.91817399999999
timing_mixed16_0_D,update.total,1,248.540014,226.447314
timing_mixed16_1_B,buffer.query,16,8.1908,1.621421
timing_mixed16_1_B,build.sort,34,3.404511,1.5629929999999999
timing_mixed16_1_B,build.total,17,88.564009,14.134565
timing_mixed16_1_B,delete.buffer_compaction,16,4.679759000000001,1.0558029999999998
timing_mixed16_1_B,input.load,1,43.411387000000005,43.41142
timing_mixed16_1_B,input.updates,1,0.32716100000000004,0.326559
timing_mixed16_1_B,main.total,1,644.445708,382.188836
timing_mixed16_1_B,operation.delete,176,24.446775,7.73116
timing_mixed16_1_B,operation.insert,176,84.386006,7.333096
timing_mixed16_1_B,operation.query,80,176.217784,42.502366
timing_mixed16_1_B,operation.rebuild,16,83.564937,7.1577150000000005
timing_mixed16_1_B,query.final_assembly,80,12.937979,7.6438369999999995
timing_mixed16_1_B,runtime.init,1,298.740763,270.16726400000005
timing_mixed16_1_B,tree.leaf,80,30.072397000000002,1.104872
timing_mixed16_1_B,tree.query,80,154.866469,32.957917
timing_mixed16_1_B,tree.result_assembly,80,24.351548,10.512329000000001
timing_mixed16_1_B,tree.traverse,80,65.86555800000001,4.367157
timing_mixed16_1_B,update.total,1,285.553025,58.121596
timing_mixed16_1_D,buffer.query,16,6.999372999999999,6.95233
timing_mixed16_1_D,build.sort,34,1.845445,1.659674
timing_mixed16_1_D,build.total,17,80.924521,79.595681
timing_mixed16_1_D,delete.buffer_compaction,16,2.5193250000000003,1.786965
timing_mixed16_1_D,input.load,1,33.814501,33.81443
timing_mixed16_1_D,input.updates,1,0.250823,0.250351
timing_mixed16_1_D,main.total,1,597.866073,547.10693
timing_mixed16_1_D,operation.delete,176,18.893998,11.379071
timing_mixed16_1_D,operation.insert,176,77.619565,74.895692
timing_mixed16_1_D,operation.query,80,140.866038,129.94351600000002
timing_mixed16_1_D,operation.rebuild,16,76.892684,74.76957200000001
timing_mixed16_1_D,query.final_assembly,80,8.330442,7.250401
timing_mixed16_1_D,runtime.init,1,310.537629,281.27374
timing_mixed16_1_D,tree.leaf,80,27.738128,27.701277
timing_mixed16_1_D,tree.query,80,125.41418300000001,115.584665
timing_mixed16_1_D,tree.result_assembly,80,15.233175,11.469479
timing_mixed16_1_D,tree.traverse,80,59.235721999999996,58.214055
timing_mixed16_1_D,update.total,1,237.737923,216.687246
timing_mixed16_2_B,buffer.query,16,8.123488,1.594235
timing_mixed16_2_B,build.sort,34,3.453962,1.597208
timing_mixed16_2_B,build.total,17,90.350573,16.89792
timing_mixed16_2_B,delete.buffer_compaction,16,4.6398209999999995,1.034206
timing_mixed16_2_B,input.load,1,43.528506,43.528543000000006
timing_mixed16_2_B,input.updates,1,0.320474,0.320022
timing_mixed16_2_B,main.total,1,647.118596,400.649806
timing_mixed16_2_B,operation.delete,176,24.573223000000002,7.646016
timing_mixed16_2_B,operation.insert,176,84.522653,7.6649259999999995
timing_mixed16_2_B,operation.query,80,176.22624000000002,43.380165
timing_mixed16_2_B,operation.rebuild,16,83.974399,7.455254
timing_mixed16_2_B,query.final_assembly,80,13.291901,7.8586149999999995
timing_mixed16_2_B,runtime.init,1,299.41927699999997,284.68384000000003
timing_mixed16_2_B,tree.leaf,80,30.096591,1.1428740000000002
timing_mixed16_2_B,tree.query,80,154.58264799999998,33.641296000000004
timing_mixed16_2_B,tree.result_assembly,80,24.144944000000002,10.906407
timing_mixed16_2_B,tree.traverse,80,65.66001,4.241861
timing_mixed16_2_B,update.total,1,285.819701,59.246529
timing_mixed16_2_D,buffer.query,16,7.014849,7.0088420000000005
timing_mixed16_2_D,build.sort,34,1.867734,1.678096
timing_mixed16_2_D,build.total,17,84.31216900000001,81.465322
timing_mixed16_2_D,delete.buffer_compaction,16,2.5254320000000003,1.7930059999999999
timing_mixed16_2_D,input.load,1,33.980472999999996,33.980357000000005
timing_mixed16_2_D,input.updates,1,0.248244,0.247956
timing_mixed16_2_D,main.total,1,578.428657,539.349147
timing_mixed16_2_D,operation.delete,176,19.042217,11.505823999999999
timing_mixed16_2_D,operation.insert,176,80.389112,76.801458
timing_mixed16_2_D,operation.query,80,139.03737999999998,128.955548
timing_mixed16_2_D,operation.rebuild,16,80.24595199999999,76.69606
timing_mixed16_2_D,query.final_assembly,80,7.486916,6.894203
timing_mixed16_2_D,runtime.init,1,291.163458,273.846036
timing_mixed16_2_D,tree.leaf,80,27.752336999999997,27.720853
timing_mixed16_2_D,tree.query,80,124.395332,114.877921
timing_mixed16_2_D,tree.result_assembly,80,14.093929999999999,10.636317
timing_mixed16_2_D,tree.traverse,80,59.081624999999995,58.061306
timing_mixed16_2_D,update.total,1,238.81672700000001,217.723411
timing_query128_0_B,build.sort,2,0.313566,0.21166
timing_query128_0_B,build.total,1,13.859838,8.475915
timing_query128_0_B,input.load,1,33.809926999999995,33.809941
timing_query128_0_B,input.updates,1,0.08910900000000001,0.088813
timing_query128_0_B,main.total,1,609.060503,371.727196
timing_query128_0_B,operation.query,128,244.08835200000001,50.440343
timing_query128_0_B,query.final_assembly,128,14.873255,8.96893
timing_query128_0_B,runtime.init,1,313.795604,276.63962399999997
timing_query128_0_B,tree.leaf,128,47.021166,1.562201
timing_query128_0_B,tree.query,128,228.627309,40.821825
timing_query128_0_B,tree.result_assembly,128,29.40935,13.433646000000001
timing_query128_0_B,tree.traverse,128,109.449297,5.849518
timing_query128_0_B,update.total,1,244.519833,50.782171
timing_query128_0_D,build.sort,2,0.206631,0.204995
timing_query128_0_D,build.total,1,13.147348999999998,13.127251
timing_query128_0_D,input.load,1,33.843799000000004,33.843685
timing_query128_0_D,input.updates,1,0.08835000000000001,0.088
timing_query128_0_D,main.total,1,585.509498,533.333065
timing_query128_0_D,operation.query,128,212.082615,195.702201
timing_query128_0_D,query.final_assembly,128,12.630771000000001,10.069289
timing_query128_0_D,runtime.init,1,325.144163,289.33778
timing_query128_0_D,tree.leaf,128,43.498174,43.448248
timing_query128_0_D,tree.query,128,198.904744,185.043231
timing_query128_0_D,tree.result_assembly,128,22.526343,16.470192
timing_query128_0_D,tree.traverse,128,101.056458,99.727627
timing_query128_0_D,update.total,1,212.535855,196.186611
timing_query128_1_B,build.sort,2,0.32424800000000004,0.250747
timing_query128_1_B,build.total,1,16.172657,11.080248
timing_query128_1_B,input.load,1,43.545755,43.545113
timing_query128_1_B,input.updates,1,0.11563899999999999,0.11519800000000001
timing_query128_1_B,main.total,1,620.488398,401.054328
timing_query128_1_B,operation.query,128,254.46741699999998,58.769331
timing_query128_1_B,query.final_assembly,128,17.637432,10.745098
timing_query128_1_B,runtime.init,1,305.188794,286.612507
timing_query128_1_B,tree.leaf,128,47.540195,1.700831
timing_query128_1_B,tree.query,128,236.147539,47.267537999999995
timing_query128_1_B,tree.result_assembly,128,30.463265,15.428787
timing_query128_1_B,tree.traverse,128,111.10059799999999,6.610373
timing_query128_1_B,update.total,1,254.95341100000002,59.187962
timing_query128_1_D,build.sort,2,0.21113600000000002,0.209321
timing_query128_1_D,build.total,1,13.196577,13.176439
timing_query128_1_D,input.load,1,33.974132,33.943114
timing_query128_1_D,input.updates,1,0.088489,0.08817799999999999
timing_query128_1_D,main.total,1,572.837612,524.095917
timing_query128_1_D,operation.query,128,209.710788,194.70348900000002
timing_query128_1_D,query.final_assembly,128,13.099773,10.459935999999999
timing_query128_1_D,runtime.init,1,315.039785,281.325039
timing_query128_1_D,tree.leaf,128,43.398178,43.347732
timing_query128_1_D,tree.query,128,196.124745,183.712907
timing_query128_1_D,tree.result_assembly,128,19.322495,15.087551
timing_query128_1_D,tree.traverse,128,100.748205,99.61037
timing_query128_1_D,update.total,1,210.109974,195.13361500000002
timing_query128_2_B,build.sort,2,0.31832,0.245448
timing_query128_2_B,build.total,1,16.204667,10.409916
timing_query128_2_B,input.load,1,43.565309000000006,43.565295
timing_query128_2_B,input.updates,1,0.113185,0.112788
timing_query128_2_B,main.total,1,617.497776,389.11161500000003
timing_query128_2_B,operation.query,128,257.32675900000004,58.700306
timing_query128_2_B,query.final_assembly,128,17.832071000000003,10.727110999999999
timing_query128_2_B,runtime.init,1,299.258023,275.38583700000004
timing_query128_2_B,tree.leaf,128,47.534805999999996,1.677649
timing_query128_2_B,tree.query,128,238.803439,47.203641
timing_query128_2_B,tree.result_assembly,128,31.731755,15.467691
timing_query128_2_B,tree.traverse,128,111.358706,6.562495
timing_query128_2_B,update.total,1,257.83728099999996,59.117646
timing_query128_2_D,build.sort,2,0.20916500000000002,0.207383
timing_query128_2_D,build.total,1,13.198734,13.178969
timing_query128_2_D,input.load,1,33.829871999999995,33.829798000000004
timing_query128_2_D,input.updates,1,0.091169,0.09069200000000001
timing_query128_2_D,main.total,1,582.532847,529.9299659999999
timing_query128_2_D,operation.query,128,211.80581,194.501527
timing_query128_2_D,query.final_assembly,128,13.457528,10.10073
timing_query128_2_D,runtime.init,1,320.974403,285.66344100000003
timing_query128_2_D,tree.leaf,128,43.4318,43.382433999999996
timing_query128_2_D,tree.query,128,197.848196,183.85743
timing_query128_2_D,tree.result_assembly,128,22.903487,16.426403
timing_query128_2_D,tree.traverse,128,100.340393,98.76284000000001
timing_query128_2_D,update.total,1,212.218772,194.946471
