mode,kernel,grid_x,stage,gpu_ms
O_BOUND,seed_distances,16,seed,0.92525
O_BOUND,block_topk,16,seed,0.020448
O_BOUND,block_topk,1,seed,0.012224
O_BOUND,select_cutoff,1,seed,0.000928
O_BOUND,materialize_cutoff,1,materializer,0.000896
O_BOUND,verify_distances,1954,verify,131.574354
O_BOUND,block_topk,3907,final_topk,3.961545
O_BOUND,block_topk,123,final_topk,0.130112
O_BOUND,block_topk,4,final_topk,0.0128
O_BOUND,block_topk,1,final_topk,0.011712
O_BOUND,final_output,1,final_topk,0.001952
O_MASK,seed_distances,16,seed,0.92509
O_MASK,block_topk,16,seed,0.020352
O_MASK,block_topk,1,seed,0.012192
O_MASK,select_cutoff,1,seed,0.000992
O_MASK,materialize_cutoff,1,materializer,0.000928
O_MASK,init_root,1,tree_mask,0.000768
O_MASK,knn_parent_walk,1,tree_mask,0.190721
O_MASK,knn_parent_walk,1,tree_mask,0.194976
O_MASK,knn_parent_walk,1,tree_mask,0.206625
O_MASK,knn_parent_walk,4,tree_mask,0.326816
O_MASK,knn_mask,125000,tree_mask,0.078464
O_MASK,verify_distances,1954,verify,126.707301
O_MASK,block_topk,3907,final_topk,3.961449
O_MASK,block_topk,123,final_topk,0.130177
O_MASK,block_topk,4,final_topk,0.0128
O_MASK,block_topk,1,final_topk,0.011744
O_MASK,final_output,1,final_topk,0.001984
STAR_SCAN,seed_distances,16,seed,0.92525
STAR_SCAN,block_topk,16,seed,0.020576
STAR_SCAN,block_topk,1,seed,0.012224
STAR_SCAN,select_cutoff,1,seed,0.000928
STAR_SCAN,materialize_cutoff,1,materializer,0.001344
STAR_SCAN,verify_distances,1954,verify,108.573855
STAR_SCAN,block_topk,3907,final_topk,3.961097
STAR_SCAN,block_topk,123,final_topk,0.130305
STAR_SCAN,block_topk,4,final_topk,0.012832
STAR_SCAN,block_topk,1,final_topk,0.011776
STAR_SCAN,final_output,1,final_topk,0.001952
STAR_MASK,seed_distances,16,seed,0.925794
STAR_MASK,block_topk,16,seed,0.020416
STAR_MASK,block_topk,1,seed,0.012192
STAR_MASK,select_cutoff,1,seed,0.00096
STAR_MASK,materialize_cutoff,1,materializer,0.001376
STAR_MASK,init_root,1,tree_mask,0.0008
STAR_MASK,knn_parent_walk,1,tree_mask,0.190465
STAR_MASK,knn_parent_walk,1,tree_mask,0.195168
STAR_MASK,knn_parent_walk,1,tree_mask,0.205025
STAR_MASK,knn_parent_walk,4,tree_mask,0.326561
STAR_MASK,knn_mask,125000,tree_mask,0.078336
STAR_MASK,verify_distances,1954,verify,102.636188
STAR_MASK,block_topk,3907,final_topk,3.960617
STAR_MASK,block_topk,123,final_topk,0.130081
STAR_MASK,block_topk,4,final_topk,0.0128
STAR_MASK,block_topk,1,final_topk,0.011744
STAR_MASK,final_output,1,final_topk,0.001984
FAISS_FLAT,cupy_take,240,input,0.002432
FAISS_FLAT,l2NormRowMajor,4,verify,0.009472
FAISS_FLAT,Kernel2,8,verify,0.875523
FAISS_FLAT,l2SelectMinK,32,final_topk,0.887522
FAISS_FLAT,sumAlongRows,32,verify,0.001728
FAISS_FLAT,Kernel2,8,verify,0.87181
FAISS_FLAT,l2SelectMinK,32,final_topk,0.886946
FAISS_FLAT,sumAlongRows,32,verify,0.001664
FAISS_FLAT,Kernel2,8,verify,0.873795
FAISS_FLAT,l2SelectMinK,32,final_topk,0.876002
FAISS_FLAT,sumAlongRows,32,verify,0.001664
FAISS_FLAT,Kernel2,8,verify,0.718562
FAISS_FLAT,l2SelectMinK,32,final_topk,0.714946
FAISS_FLAT,sumAlongRows,32,verify,0.001696
FAISS_FLAT,incrementIndex,4,final_topk,0.001344
FAISS_FLAT,blockSelectPair,32,final_topk,0.003392
FAISS_FLAT,cupy_copy__int64_int32,2,delivery,0.001472
FAISS_FLAT,cupy_maximum__float32_float_float32,2,delivery,0.001024
FAISS_FLAT,cupy_sqrt__float32_float32,2,delivery,0.00112
