2026/10/02 18:13:50.498, 129, 0, 91.88, 2310, 12481, 35, P0
2026/10/02 18:13:50.699, 129, 0, 90.30, 2310, 12481, 35, P0
2026/10/02 18:13:50.899, 129, 0, 90.30, 2310, 12481, 35, P0
2026/10/02 18:13:51.100, 129, 0, 90.30, 2310, 12481, 35, P0
2026/10/02 18:13:51.300, 148, 0, 90.30, 2310, 12481, 35, P0
2026/10/02 18:13:51.501, 2290, 0, 75.42, 1155, 12481, 35, P0
2026/10/02 18:13:51.701, 2294, 0, 75.11, 2302, 12481, 35, P0
2026/10/02 18:13:51.901, 2294, 5, 83.61, 2302, 12481, 36, P0
2026/10/02 18:13:52.101, 2294, 27, 90.62, 2302, 12481, 37, P0
2026/10/02 18:13:52.301, 2294, 47, 103.25, 2302, 12481, 36, P0
2026/10/02 18:13:52.502, 2294, 39, 143.38, 2302, 12481, 37, P0
2026/10/02 18:13:52.702, 2294, 39, 155.82, 2302, 12481, 37, P0
2026/10/02 18:13:52.902, 2294, 40, 163.42, 2302, 12481, 37, P0
2026/10/02 18:13:53.102, 2792, 35, 155.78, 2302, 12481, 36, P0
2026/10/02 18:13:53.302, 3550, 27, 143.04, 2302, 12481, 36, P0
2026/10/02 18:13:53.503, 4284, 22, 145.69, 2302, 12481, 37, P0
2026/10/02 18:13:53.703, 4964, 23, 142.24, 2302, 12481, 36, P0
2026/10/02 18:13:53.903, 5740, 21, 130.34, 2302, 12481, 37, P0
2026/10/02 18:13:54.103, 6360, 24, 125.39, 2302, 12481, 37, P0
2026/10/02 18:13:54.303, 7114, 24, 130.37, 2302, 12481, 37, P0
2026/10/02 18:13:54.503, 7284, 28, 146.11, 2302, 12481, 39, P0
2026/10/02 18:13:54.704, 7284, 100, 184.16, 2302, 12481, 40, P0
2026/10/02 18:13:54.904, 7284, 100, 239.62, 2302, 12481, 41, P0
2026/10/02 18:13:55.104, 7284, 100, 270.29, 2302, 12481, 41, P0
2026/10/02 18:13:55.304, 7284, 100, 319.83, 2302, 12481, 38, P0
2026/10/02 18:13:55.505, 7284, 0, 293.65, 2302, 12481, 38, P0
2026/10/02 18:13:55.705, 7284, 85, 277.98, 2302, 12481, 39, P0
2026/10/02 18:13:55.905, 7284, 99, 258.77, 2302, 12481, 39, P0
2026/10/02 18:13:56.105, 7284, 99, 239.42, 2302, 12481, 39, P0
2026/10/02 18:13:56.306, 7284, 99, 214.55, 2302, 12481, 39, P0
2026/10/02 18:13:56.506, 7284, 99, 231.36, 2302, 12481, 40, P0
2026/10/02 18:13:56.706, 7284, 99, 242.06, 2302, 12481, 38, P0
2026/10/02 18:13:56.906, 7284, 0, 210.46, 2302, 12481, 39, P0
2026/10/02 18:13:57.106, 7284, 100, 231.88, 2302, 12481, 41, P0
2026/10/02 18:13:57.307, 7284, 100, 253.23, 2302, 12481, 41, P0
2026/10/02 18:13:57.507, 7284, 100, 275.16, 2302, 12481, 41, P0
2026/10/02 18:13:57.707, 7284, 100, 291.91, 2302, 12481, 39, P0
2026/10/02 18:13:57.907, 7284, 47, 311.27, 2302, 12481, 40, P0
2026/10/02 18:13:58.107, 7284, 99, 317.48, 2302, 12481, 40, P0
2026/10/02 18:13:58.308, 7284, 99, 293.64, 2302, 12481, 40, P0
2026/10/02 18:13:58.508, 7284, 99, 283.87, 2302, 12481, 40, P0
2026/10/02 18:13:58.709, 7284, 99, 267.30, 2302, 12481, 40, P0
2026/10/02 18:13:58.909, 4168, 99, 257.62, 2302, 12481, 39, P0
2026/10/02 18:13:59.110, 688, 5, 226.96, 2302, 12481, 38, P0
